SMILES,Catalog ID
C1=CN(C=N1)C=2C=CC(=CC2)CNCC3=CN4CCCCCC4=N3,Z3800756729
CN1N=C(C2=NN=C(COC3CCCCC3)O2)C=4C=CC=CC4C1=O,Z1664065107
COC1=CN=C(NC1=O)C2(CCCC2)NCC=3C=CC=4C=CC=CC4C3,Z3016331812
CN1C=C(CN[C@H]2C=3C=CC=CC3C[C@@H]2O)C(=N1)C4CC4,Z2993217788
O=C(C=1C=CN=C(N1)C=2C=CC=CC2)N3CCC(=O)NCC43COC4,Z3053878992
CC1C2CCCCC2CN1C(=O)C=3C=C(F)C=C4CCNCC34,Z4422289345
CNC(=O)COC1CN(C1)C(=O)C=2C=CC=3N=C(NC3C2)C=4C=CC=CC4,Z3352005597
CN1CCN(CC1)C=2N=CC=CC2CNC3CCCC=4SC=NC43,Z2698799682
COC=1C=CC=2OCC(=CC2C1)C(=O)NCC=3C=CC=C(C3)CN4CCCC4=O,Z1389546308
ClC=1C=CC(=CC1)N2C=C(COC=3C=CC=4CNCC4C3)N=N2,Z5336753620
NC(=O)C=1C(F)=CC=CC1N2CCC(CC2)OCC3CC3,Z2970082243
O[C@@H]1C[C@H](O)CN(C1)C=2C=CC(=NN2)C=3C=CC=CC3Cl,Z2970125623
CNC(=O)C1CN(C1)C=2N=CN=C3C2C=NN3C=4C=CC=CC4F,Z2971212155
"COC(C)C1=NC(=CS1)CNC(=O)N[C@@H]2CC=3C=CC=CC3[C@H]2O |&1:14,22,r|",Z2971713555
CC=1C=C(N=C(N1)C2CCC2)NCC=3C=CC(=CC3C)S(N)(=O)=O,Z2971738293
O=C(N1CCCC1)C2(O)CCCN(C2)C=3C=CC(=CN3)C=4C=CN=CC4,Z2972161338
FC=1C=C(C=CN1)N2CCN(CC2)C=3C=C(N=CN3)C(F)F,Z2972565132
C1=NN(C=C1CN2CC(C2)C3CCOCC3)CC4CCC4,Z2972850761
CC1=NN(C(C)=C1CN2CCCC3(CCS(=O)(=O)C3)C2)C(C)C,Z2973675531
O=C(CNC(=O)N1CCCC1)NC2=NC(=CS2)C3=CC=CC(O)=C3,Z2974261816
CC1CCOCCN1C(=O)NCC2=NC(=NN2)C=3C=CC=CN3,Z2974349751
"C=C[C@@H]1OCC[C@H]1CNC(=O)N2CCOC(CS(C)(=O)=O)C2 |&1:2,6,r|",Z2974624242
"CC(C)(C)C1=COC(CNC(=O)N[C@@H]2C[C@H]2C3=CC=C(F)C=C3F)=N1 |&1:13,15,r|",Z2975354915
"O[C@H]1CCC(C[C@H]1O)NC2=CN=C3C=C(F)C(F)=CC3=N2 |&1:1,6,r|",Z2976668237
"CC=1C=CC=CC1C2=NSC(=N2)NC3CC[C@H](O)[C@H](O)C3 |&1:16,18,r|",Z2976669344
COC=1C=CC(=CN1)C2CCN(CC2)C(=O)C3=CN=C4SC=CN4C3=O,Z2981470573
C1=C(COC2CCCCO2)N=NN1[C@@H]3CCCC4=CC=CN=C43,Z2982767128
O=C(O)CCC1CCCN(C1)C2=NOC(CC=3C=CC(F)=CC3)=N2,Z2989395599
FC(F)(F)C=1C=CC(=CC1)CCN2N=NN=C2N3CCOCC3,Z2990116923
CN(C)C(=O)C=1C=NC=C(C1)C=2C=CC=3OCCC(C(=O)O)C3C2,Z2991031322
O=C1C=2C=CC=CC2N=CN1CC3CCCC(O3)C(F)(F)F,Z2991355610
CN(C)S(=O)(=O)C=1C=CC(=O)N(C1)CCNC(=O)C2CC2,Z2991417288
CC(=O)NC1(CCCCC1)C2=NOC(=N2)C3(C#N)CCSCC3,Z2992231396
O=C1CCC(CN1CC2CCC2)C3=NOC(=N3)C=4C=C(O)C=CN4,Z2992355976
CN(C)C=1C=CN=C(C1)C2=NC(=NO2)C=3C=NN(C3)CCF,Z2992416848
CN1N=C2CCCCC2=C1CNC=3C=C(C=CC3Cl)C(N)=O,Z2992598893
CNC(=O)C=1C=CC=C(C1)OCC2=NOC=3CCOCC23,Z2993553646
CCOC=1C=CC=C(N1)NS(=O)(=O)C2=CC=NN2C3CCC3,Z2996108077
"CC=1C(=COC1C(=O)N(C)C)S(=O)(=O)N[C@@]23CCC[C@H]3CNC2 |&1:15,19,r|",Z2996115794
CC1=C(C=NN1C)S(=O)(=O)NC2(COC2)C=3C=CC=CC3,Z2996248591
"COC=1C=CC=C(CC2=NOC(=N2)[C@@H]3C[C@H]3C=4C=CC(F)=CC4F)N1 |&1:13,15,r|",Z2997025288
COC=1C=CC(CC2=NC(=NO2)C=3C=CC(=NN3)OC)=C(C)C1,Z2997233577
CN1N=C(N=C1CC2=NOC(=N2)C=3C=CC(F)=C(C3)C(F)F)C4CC4,Z2997275597
FC=1C=CC=C(Cl)C1CCC2=NOC(=N2)C3(CC3)N4C=CC=N4,Z2997396563
CC1(CCNC(=O)C1)C2=NC(=NO2)C3=CSC(=C3)C(F)(F)F,Z2997407412
CC(C)CC1=CC=C(C2=NOC(=N2)C3CC=4C=CC=CC43)C(=O)N1,Z2997532154
"O=C(NC=1C=C(F)C=C(C1)N2CCOCC2)N[C@@]34CCC[C@H]4CNC3 |&1:17,21,r|",Z2997649822
COC=1C=CC=C2C(NC(=O)[C@H]3CCC(=O)N3C)=C(C)C=NC12,Z2998225876
CC1(C)C=CC=2C=CC=C(NCC(O)CC3(O)CCCC3)C2O1,Z2998845460
CC=1C=C(N=C(N1)NC(=O)C=2N=C3C=CC=CC3=CC2C4CC4)C5CC5,Z2999075573
CC=1N=CC=C(N1)C(=O)N(C2=NC=3C=CC=CC3O2)C4CC4,Z2999360705
CC1=CC(C)=NC(C)=C1C(=O)N(CC=2C=NN(C)C2)CC(C)C,Z2999455919
CN1N=C(C=C1C(=O)N2C=3C=CC=CC3CC2(C)C)C4=CC=CN=C4,Z2999971258
CC(C)N1C(=O)CC[C@H]1C(=O)NC=2N=CC=NC2C3CC3,Z3001985838
COC=1C=CC=2CCC(C(=O)NC=3N=CC=NC3C(C)C)C2C1,Z3001989292
CC=1C=CC=2C=CC=C(C2N1)S(=O)(=O)N3CCC=C(C3)C=4C=NN(C)C4,Z3009187874
CC=1C=C(C=CC1S(=O)(=O)N(C)C)NC(=O)C2CCCCO2,Z3016311397
"CC(NC(=O)[C@@H]1C[C@]1(C)C=2C=CC=CC2)C3=NN=C(N3)C(F)(F)F |&1:5,7,r|",Z3016311784
CCOC(=O)C1=CN(CC)N=C1NC(=O)CC2=CC=CO2,Z3016313898
CCC(CC)CN(CC)C(=O)C1=CN(N=N1)C(F)(F)CO,Z3016324232
COC(=O)[C@@H](CC1=CNC=N1)NS(=O)(=O)C2=CC=C(C)C(C)=C2,Z3016328431
CC=1ON=C(N)C1S(=O)(=O)N2CCCCC2CCN3C=CN=N3,Z3016329559
CC=1C=CC(=CC1S(=O)(=O)N2CC(C2)N3CCOCC3)[N+]([O-])=O,Z3016329600
NC(=O)C1(O)CCN(C1)C(=O)NC(C=2C=CC=CC2)C(F)(F)F,Z3016335710
CCOC=1C=CC=C(C1)NC(=O)N2CCN(C3CC3)C(C2)C(N)=O,Z3016335729
COC(=O)C1=NNC(NS(=O)(=O)C=2C=NN(C2)C(C)C)=C1Cl,Z3016338872
CN1C=C(C=N1)CCCNS(=O)(=O)C2=CC(C(=O)O)=C(Cl)O2,Z3016340647
CC1=CC=CC(C)=C1N2C=C(CNC(=O)C(F)(F)F)N=N2,Z3016340880
O=C(O)CCC1CC=2C=CC=CC2N(C1)S(=O)(=O)C3=CNC=N3,Z3016341054
CN(CC=1C(F)=CC=CC1Cl)C(=O)C2NCC=3N=CN=CC32,Z3019116159
O=C(NCC=1C=CC=C(C1)N2CCCC2=O)C3NCC=4N=CN=CC43,Z3019799545
CN1C=CN=C1C2(CNC(=O)C3=CC=C(CN4C=C(Cl)C=N4)S3)NC(=O)NC2=O,Z3024750460
CN1C=CN=C1C2(CNC(=O)C3=CC=C(C=4C=CC=CC4)N3C)NC(=O)NC2=O,Z3024750554
CCOC(=O)C=1NN=C(NC(=O)C=2C=CC(F)=C(C2)NC(C)=O)C1C,Z3026724764
CCC=1C=CC=CC1N2C=C(N=N2)C(=O)NC(C)C3=NN(C)C=C3O,Z3026724945
COC=1C=CC=C(C1)C(C)C(=O)N2CCC=3N=CC=C(O)C3C2,Z3026725012
CC(NC(=O)COCC1=NC=2C=CC=CC2S1)C=3C=NC=CN3,Z3026725153
CCCN(CC(=O)NC)S(=O)(=O)C1=CN=C2C=CC=CN12,Z3027211359
COCCOC=1C=CC=C(C1)C(=O)N(C)C=2C=CC(=CC2)C(=O)OC,Z3027248123
O=C(C1CS(=O)(=O)C1)N2CC3(CCNCC3)[C@H]4COC[C@H]42,Z3040252625
CC1(C)CN(C(=O)CN2CCCC2=O)C=3C=NC=CC3NC1=O,Z3040278454
CN1C=NC2=C1CCN(C(=O)CC3=CC=4C=CC=CC4N3C)C52CCOCC5,Z3040912144
CCC1=C(C=NN1C=2C=CC=CC2)NC(=O)N3CCN(CC)C4(CCOC4)C3,Z3043007209
CN1CCN(CC21CCOC2)C(=O)C=3C=CC=C4NC(=NC34)C5=CC=CS5,Z3043528159
"O=C(NC[C@@]12C[C@]2(CNC1)C(F)(F)F)N3CC=4C=CC=CC4C3 |&1:4,6,r|",Z3047228218
CC(C)(CC=1C=CC(O)=CC1)C(=O)N2CCC(C2)NS(C)(=O)=O,Z3049002267
NC(=O)NC(CO)C(=O)N1CCC(CC1)C=2C=CC=C(F)C2,Z3052017204
CS(=O)(=O)C1(CC1)C(=O)NCC=2C(F)=CC=CC2N3C=CC=N3,Z3052452858
CC(=O)N(C)C=1C=CC(=CN1)NC(=O)C(C)OC=2C=CC=NC2,Z3052666393
CN(C)C=1C=CC(=CC1)C(=O)N2CCOCC2C3=NN=NN3,Z3053627286
CC(C)(NC(=O)C1CCC2=CN=CN2C1)C(O)C(F)(F)F,Z3053696987
CC1=COC(=C1)C(=O)N2CC3(CCOCC3)CCC2CO,Z3053972355
CN1CCCC1C=2C=C(NN2)C(=O)NC=3C=CC=C(C3)C(O)CC(F)(F)F,Z3056631153
COC(=O)C=1SC(=NC1C)NCC=2C=CC(=CC2)NC(C)=O,Z3061108091
COCC(=O)N[C@@H]1CN(C[C@H]1C2=CC=NN2C)C=3N=CN=C4C(F)=CC=CC34,Z3062071443
CCC1=NOC(C)=C1CNC(=O)[C@H]2CC(=O)N(CCOC)[C@@H]2C3=NC=CN3C,Z3062925405
COCC(=O)N[C@@H]1CN(C[C@H]1C2=CC=NN2C)C(=O)C3=CC(F)=CC=C3C,Z3063105770
CCC1=NC(=NN1)[C@@H]2C[C@@H](O)CN2C(=O)C3=CC=4C=CC=CC4S3,Z3063544653
CC=1NC=NC1CC(=O)N2CCCC2C3=NC(=CN3)C=4C=CC=CC4,Z3063544916
CC1CN(CCN1C=2C=NC=CN2)C(=O)C3CCC4=CN=CN4C3,Z3063544985
CCOC=1C=CC=2OCCC(NC(=O)C=3NN=CC3Cl)C2C1,Z3063545403
CCN1N=CC(=N1)S(=O)(=O)NC2CCCN(C2)S(C)(=O)=O,Z3063553736
CN(C(=O)CC1=CNC2=CC=C(F)C=C12)C(CC(N)=O)C(F)(F)F,Z3063571215
COC(=O)C=1C=CC2=C(C1)CCCCN2CC3=CN=C4COCCN34,Z3068704642
CC=1C=C(C=CC1CNC=2N=CN=C3CCN(C)CC23)N4C=CC=N4,Z3068704705
CC=1C=CC(O)=CC1C(=O)N2CCCC3C=4N=CNC4CCC32,Z3071537774
CO[C@H]1C[C@@H](C(=O)NCC2=NC=3C(F)=C(F)C=CC3N2)N(C)C1,Z3071540526
O=C(CC(O)C1CC1)NCCC=2C=CC(=CC2)C(F)(F)F,Z3071553244
CC1(CC1)C=2C=C(NS(=O)(=O)C=3C=CC(F)=CC3F)ON2,Z3071600257
CC1=C(SC2=CN=CN12)C(=O)NC=3C=CC=C(C3)C4=CC=NN4,Z3074074715
O=S(=O)(C=1C=CC=C(N1)NCC2=CC=CO2)N3CCCC4CC43,Z3075076339
CC1CC=2C=CC=CC2N1C(=O)C3CC=4C=CC=NC4C3,Z3075296143
O=S1(=O)CC=2C=CC(=CC2C1)NC=3N=CN=C4C=CC(=CC34)N5CCOCC5,Z3077526346
COC1(CCN(CC1)C2=NC(C)=CN=C2C)C3=NC=CN3C,Z3077816601
COCC=1C=C(N=C(N1)C(C)(C)C)N2CC3(C2)CC(O)CNC3=O,Z3077895445
CC=1C=C2N=C(C=3C=CC=CC3N2N1)N4CC5(C4)CC(O)CNC5=O,Z3077895789
CN1C=NN=C1CC2CCN(CC2)C=3C=C(N=CN3)N4C=CN=C4,Z3077929725
CN1C[C@H](CC1=O)NC=2N=CN=C3C(=NSC23)C=4C=CC=CC4,Z3079200782
CC(C)(C)C1=CN2N=C(OC=3C=CC(=CC3F)C(N)=O)SC2=N1,Z3079773228
"CC1=NC(=NN1)C=2C=CC=C(C2)CNC(=O)[C@@H]3C[C@H]3C=4C=CN=CC4 |&1:16,18,r|",Z3083141262
C=CCC1(CCOCC1)NC(=O)C=2N=NNC2C=3C=CC=CC3,Z3086247804
CC=1C=C(C(F)F)N2N=CC(C(=O)N3CC=4C=CC=CC4[C@@H]3C)=C2N1,Z3086347253
CN1C=C(Cl)C(=N1)NC(=O)C2=CC(=NN2C)C3CCOCC3,Z3086659834
CN=S(=O)(C=1C=CC(=CC1)NC(=O)CCC=2C=NN(C)C2)N(C)C,Z3091862627
CC(=O)N1CCCC(C1)C(=O)NC=2C=CC=C3C2C=CN3CC(=O)O,Z3091879176
COC=1C=C(C=CC1S(C)(=O)=O)C(C)NC(=O)C2=CC=CO2,Z3091951044
O=C(C=1C=CC(=NC1)N2C=CC=N2)N3CCOC(CC3)C=4C=CC=CC4,Z3092530071
CC1=CC=CN2C(=CN=C12)CC(=O)N3CCC(=O)N4CCCCCC34,Z3093048406
O=C(NC1=CN(N=N1)C=2C=CC=CC2)C=3N=COC3C4CCCO4,Z3093476188
NC=1C=CN2N=CC(C(=O)NC3CC(=O)N(C3)C4CC4)=C2C1,Z3101681462
O=C(NCC=1C=CC(=CC1)C2CCCCC2)NCC=3C=NC=CN3,Z3104566102
O=C(NCCC1=CC=NN1C=2C=CC=CC2)NC3CC43CCOCC4,Z3104818313
"C[C@H](NC(=O)NC[C@@H]1C[C@H]1C=2C=CC=CC2)C=3C=NC=C(F)C3 |&1:7,9,r|",Z3104950542
CCN1N=CC(CNC(=O)C2CNCC32CCCCC3)=N1,Z3132918497
"C[C@@]12CN(C[C@H]2CS(=O)(=O)C1)C(=O)NCCC3CC=CC3 |&1:1,5,r|",Z3133687219
O=C(NCC1=C(N=C2C=CC(F)=CN12)C=3C=CC(F)=CC3)C45COC(CN5)C4,Z3136399765
"CCC=1N=C(C)C=C(N1)N2C[C@@H]3CN(CC(=O)NC4CCCC4)C[C@]3(C)C2 |&1:11,24,r|",Z3177922697
CN(C)CC1(O)CCN(C1)C(=O)C2CCCC=3NN=CC32,Z3203881153
O=C(C1=COC=2CCCC(O)C12)N3CCC4(CC4(F)F)CC3,Z3216005313
CCN1N=NC=2C(=NC=NC21)NC[C@]3(CO)COC[C@@H](C)N3,Z3216014701
CC(C)(C)C1=NC(=CO1)C2=NC=3C=CC=C(F)C3C(=O)N2,Z3253740257
CC=1N=C(SC1C(=O)NCCN2CCOCC2)C=3C=CC(C)=CC3Br,Z3254958979
CC=1N=CC=C(N1)C(=O)N2CC3(C2)CC(NC(=O)CC4C=CCC4)C5=NC=CN53,Z3259778144
COC(C)(C)C1=NOC(CC2=CNC=3N=CC=C(Cl)C23)=N1,Z3268495817
O=C(C1=CC=C2N=CC=NC2=C1)N3CCC(CC3)C4(N=N4)C(F)(F)F,Z3268511515
CC1(C)C(C(=O)N2CCCC2C=3NN=NC3C(=O)O)C1(C)C,Z3268556090
CCN1N=CC=C1C2=CN(CCN3CCC(F)(F)CC3)N=N2,Z3268557507
O=C1COC=2C=C(C=CC2N1)S(=O)(=O)N3CCN(CC=4C=CC=C(Cl)C4)C(=O)C3,Z3271810814
O=C1CCN(CC=2C=CC=NC2)C(=O)N1CC=3C=CC=CC3C(F)(F)F,Z3275721833
CCC=1C=CC=CC1S(=O)(=O)NCC(=O)NC(C)C=2C=CC=CN2,Z3290444329
COC(=O)C1=CC(=NN1C)NC(=O)N2CCN(CC2)C(=O)C3=CC=CC=C3OC(F)F,Z3291091938
CC1=NN2C=CC=NC2=C1S(=O)(=O)N(C)C=3C=CC=CC3N(C)C,Z3294599616
CCC=1OC(=CC1C)C(=O)N2CC3CCC2CN3C(=O)[C@H]4CCCC(=O)N4,Z3299525282
CCN(CC)CC(=O)N[C@H](C)C1CCN(CC1)C=2N=CC(C#N)=CC2Cl,Z3299531913
"CN(C)C(=O)C1(CC1)C(=O)N2[C@@H]3CC[C@H]2[C@H](C3)NC(=O)C4=CSC=N4 |&1:11,14,15,r|",Z3299567159
O=C(N[C@@H]1C[C@H](CN2C=NC=N2)C1)C3CC=4C=CC=CC4C3,Z3300205604
CC=1OCCS(=O)(=O)C1C(=O)N(C)CCC=2C=CC(Br)=CC2,Z3303387740
CC[C@@H](NS(=O)(=O)C=1C=CC(=NC1)N2C(=O)CCC2=O)C=3C=CC=CC3,Z3303478109
CCOC(=O)CCNC(=O)NC=1C=CC(=C(F)C1)N2C=NN=N2,Z3305298002
COC=1C=CC=C2SC(=NC12)NC(=O)N3CCC(CC3)C(=O)NC=4C=CN=CC4,Z3307274212
COC=1C=CC(=CC1OC)C2=NOC(CN[C@@H](C)C=3C=CC=CN3)=N2,Z3315704959
CC=1C=CC(=NN1)C(=O)NC=2C=CC(=CC2C)C3=NC4=CC(F)=CC=C4S3,Z3325175240
CCN1C=NC=C(NC(=O)C=2C=CC(=CC2)N3C(=O)C4=CC=CC=C4N=C3C)C1=O,Z3325175285
CC=1C=CN2N=CC(C(=O)NCC(F)(F)C3=CC=C(F)C=C3F)=C2C1,Z3325180945
C[C@H](NC(=O)CC=1C=NN(N1)C=2C=CC=CC2)C=3C=CC(=NC3)C(F)(F)F,Z3336491172
CC1=NN(C)C(=C1C(F)F)S(=O)(=O)NC=2C=C3CCCN3N2,Z3338662865
O=C(COC=1C=CON1)NC2=CC=C3OC4(CCCC4)OC3=C2,Z3338988207
CCN1N=C(C)C(CN2C(=O)C(=CN(C)C2=O)C(F)(F)F)=N1,Z3339715043
COC(=O)C(C)(C)C=1N=CN(CC=2C=CC=CC2C(F)(F)F)N1,Z3339948497
FC(F)CN1C=C(C=N1)NCC2=NC=3CCCCCC3S2,Z3340875175
CN1CCC(CC1)C2=CN(CC=3C=CC(=CC3)C(F)(F)F)N=N2,Z3343226514
CC(C)(C)C1=CN(CCS(=O)(=O)NC=2C=CC=CC2)N=N1,Z3343886793
C[C@@H]1COCCN1CC2=CN(N=N2)C(C(=O)N(C)C)C=3C=CC=CC3,Z3343964413
CC1(C)CCCN1C(=O)CN2C=C(CN3C=CC=CC3=O)N=N2,Z3344049756
CC1(C)CCCN1C(=O)CN2C=C(N=N2)C3=CC=C(Cl)S3,Z3344050938
COCC1=CC(CN2C=C(N=N2)C3=C4CCCCC4=NN3C)=NO1,Z3344114995
CC1=NC=CN1C=2C=CC(=CC2F)CNC(C)C3=CNC=N3,Z3359091781
N#CC=1C=CC2=C(C1)CCC2NCC=3C=NC=CC3C(F)(F)F,Z3360487029
CC1=NC=2C=C(C=CC2C(=O)N1)C(=O)N3CCN(CC3)C=4C=CN=NC4,Z3362331184
CCNC=1N=CC(=CC1Cl)C(=O)NC(C)(C)C=2N=CON2,Z3368925701
CN1N=CC2=C1CCNC2C(=O)NCC=3C=CC(=CC3)OCC4=CC=CC=N4,Z3381795562
CC1=C(C=NN1C=2C=CN=CC2)C(=O)N3CCC[C@H]3C(=O)N4CCNCC4,Z3385177795
FC=1C=CC=C(C1)OC2CCN(CC2)C=3C=CN4N=CC=C4N3,Z3393094268
CC1=CON=C1CS(=O)(=O)N(C)C(C=2C=CC=CC2)C(F)(F)F,Z3405813603
O=C(NC1CCN(C1=O)C=2C=CC=CC2F)C=3C=CC=C(N3)C(F)(F)F,Z3409369244
O=C1CCC(N1)C=2C=CC=C(C2)NS(=O)(=O)C=3C=CC=C(F)C3,Z3409369407
CC=1N=CC(CNC(=O)C2C3CC2(CC3)C4=CC=NN4C)=C(N)N1,Z3416393736
CCN=S1(=O)CCC2(CC1)CN(CCO2)C(=O)C3CN(C3)C4CCOCC4,Z3416620357
CN1C=C2OC3(CCN(CC3)C(=O)C4CC5(C4)CCCCC5)CC(O)C2=N1,Z3416879858
O=C1C=2C=C(C=CC2CN1C3CCC(=O)NC3=O)CNS(=O)(=O)C=4C=CC=5OCCOC5C4,Z3417402999
O=C1CCC=2C=C(C=C3CCCN1C32)C=4C=CC=C(O)C4F,Z3476327991
O=C(NC=1C=CC=2OCOC2C1)C=3C=C(ON3)C4=CC(F)=CC=C4F,Z3476794407
O=C(NC=1C=CC(O)=CC1Cl)C=2C=CC=CC2OC(F)(F)F,Z3480645011
O=C1CC2COCCN2C(=O)[C@@H](CCC=3C=CC=CC3)N1,Z3483904065
CC(C)C=1C=CC=C(C1)C=2C=CC=3N=CN(C)C(=O)C3C2,Z3484502337
CCCC(C)C(=O)N1CCC2(C1)C=3N=CN(C)C3CCN2C(=O)C4=COC(C)=N4,Z3491137275
CN1C=C(C=N1)OCC2=NC=3C=C4CCCCC4=CC3C(=O)N2,Z3493092130
CCCN1C=C(C=N1)C2=CN(CC=3C=CN(CC=4C=CC=CC4)N3)N=N2,Z3497626551
O=S1(=O)CCCC=2C=C(C=CC21)C3=NC(CC4=CC=NO4)=NO3,Z3499374686
O=C1C=CC=2C=CC=C(NS(=O)(=O)N3CCOCC3)C2N1,Z3500391348
CC1=NN(C=C1S(=O)(=O)NC2CCC3CCNC2C3)C(C)C,Z3510678337
CN1C=C(C=N1)S(=O)(=O)CC2=CC=CC=C2OC(F)(F)F,Z3513353178
CC1=NC(=CS1)C=2C=CC3=C(C2)CCN3C(=O)C=4N=C(C)N(C)N4,Z3524160943
O=C1CCN(CC2=NC=CS2)C(=O)N1CC3=CC=CNC3=O,Z3535315936
"C[C@@H]1CC=2C(=NNC2[C@H](C)O1)C(=O)NCC=3C=C4OCCCN4N3 |&1:1,8,r|",Z3550520435
CNCC(=O)N1CCCC=2C=CC(=CC21)NC(=O)C3CC(=O)N(C3)C(C)C4CC4,Z3550947590
"O=C(NC1=NN2CCCCC2=N1)[C@@H]3C[C@H]3C4=CC=C5C=CC=CC5=C4 |&1:12,14,r|",Z3552859600
CS(=O)(=O)C=1C=C(N=CN1)N2C3CCCC2CC(F)(F)C3,Z3558968997
CS(C)(=O)=NCC1CCN(CC1)C=2C=C(N=CN2)OC=3C=CC=CC3,Z3559617235
CC(C)C=1C=C(C(=NN1)NC[C@]2(CO)COC[C@@H](C)N2)C(F)(F)F,Z3560301187
C[C@@H](CC=1C=CC(F)=CC1F)N(C)C(=O)NCC2=NN=C3C=CC=NN23,Z3566780681
"CN1C=C(C=N1)[C@@H]2C[C@H]2NC(=O)CCC=3C=CC=C4C=CC=CC34 |&1:6,8,r|",Z3577572897
CC=1C=CC(=CC1NC(=O)CN2CCCCC2)NC(=O)C3=CC=CC=4C=C(O)N=CC34,Z3595789772
CC(C)C1=NSC(=N1)NC(=O)NCC2COC3(CCCCC3)O2,Z3602418226
COC1CN(C1)S(=O)(=O)N2CCCC2C=3C=C(F)C=CC3F,Z3622050293
CN1C=C(C(=N1)C2CCC2)C3=NC=4C=C(F)C=CC4N3C,Z3629856486
CC(C)[C@@H]1CC[C@@H](C)C[C@]1(O)CNS(=O)(=O)CCN2C=CC=N2,Z3644285865
CC1=NOC(=N1)C=2C=CC=CC2C(=O)NC=3C=CC=C(C3)C4=NN=CN4,Z1264588571
COC=1C=CC(=CC1)CCC(=O)N2CCCN(CC2)C(=O)C3=COC(=N3)C4CC4,Z1688539032
CS(=O)(=O)C=1C=CC(=CC1)CCNC(=O)C=2C=CC=3OCCOC3C2,Z1265078456
COC=1C=C(N=CN1)N2CCCC2C=3C=CC=C4OCCOC34,Z1688308352
CC=1C=CN=C(C1)NCC=2C=CC(=NC2)N3CCOC(C)C3,Z1416432637
CC=1C=C(N(C)N1)N2CCCC(C2)NC(=O)N3CCC(C3)N4C=C(Cl)C=N4,Z2183626981
CNC(=O)C=1C=CC=C(C1)C(=O)N2CCN(CC2)C(=O)C3=CC=C4NC=NC4=C3,Z1266085052
CC=1N=C(SC1C)C2CCCN(C2)C(=O)C=3C=CC4=C(C3)NC(=O)N4C,Z1266938480
CN1C(C(=O)N2CCCC(C2)S(C)(=O)=O)=C(Cl)C=3C=CC=CC31,Z1690444446
CCOC=1C=CC(=CC1C(=O)O)S(=O)(=O)NC2=CN(C)N=N2,Z2184061284
COC=1C=CC=2CN(CC3(CC3)C2C1)C(=O)C=4C=C(F)C=C5NC=NC45,Z2184647411
O=C(NC=1C=CC=CC1N2CCC(CO)CC2)C3CC43CCOC4,Z1690770630
CCC1=NC(=NO1)C2CCCN2C(=O)C=3C=CC=C(C3)N4C(=O)CCC4=O,Z1268726884
CN1C=C(C=N1)CC2CCN(C2)C(=O)CNC(=O)C=3C=CC(=CC3)C(C)(C)C,Z1320603983
CCC(NC(=O)N1CCC(C1)C=2C=NN(C)C2)C=3C=CN=CC3,Z1268759237
COC1=CC=2CCN(CC2C=C1OC)C3=NC=CN(C)C3=O,Z1270099572
CC(C)C1CCC2=CC=CC=C2C1NC(=O)CS(=O)(=O)C(C)(C)C,Z1693274933
CC=1N=C(C=CC1C(=O)N2CCC(F)(F)C(CO)C2)C3=CC=CO3,Z2187671420
O=C1NCC=2C(=CC=CC12)NCC=3C=CC(=CC3)C4CCCC4,Z2188312988
CC=1C=CC(=CC1)CN2C(=O)CCC2C(=O)NC=3C=CC(=NC3)N4CCC=5SC=CC5C4,Z1273338434
CC1=NN(C)C(SC=2C=CC=CC2)=C1C(=O)NC=3C=CC=C(C3)N4C(=O)NCC4C,Z1696967162
CCC1=CN=C(NC(=O)C2CCN(CC2)C(=O)C=3C=CC=CC3)S1,Z1275189116
CCC1=CN=C(NC(=O)C=2C=CC=C(C2)S(=O)(=O)N3CC(C)OC(C)C3)S1,Z1275185761
CC1=NN(C=C1C(C)NC(=O)N2CC=3C=CC=CC3C2)C(C)(C)C,Z1697727744
COC=1C=CC=CC1OC(C)CNC(=O)C2=CC(=O)NC3=CC(F)=CC=C23,Z1275021767
O=C(C1=COC(=N1)C2CC2)N3CCOC=4C(Cl)=CC(Br)=CC43,Z2192866343
O=C(NCC1=NN=NN1C2CC2)C=3C=CC(=CC3Cl)N4C=NN=N4,Z1275584456
O=C(CN1C(=O)C2CCCCC2C1=O)NCC=3C=CC(=CC3)C4=CC=CN=C4,Z1276377918
CCCC(=O)N1CCCCC1C(=O)N2CCC(CC2)OCC3CC3,Z1286539159
CN1N=C(C=CC1=O)C(=O)NCC2CCCC2NS(C)(=O)=O,Z1401917846
CC1=C(C=NN1C)NC(=O)C=2C=C(C)C=3C=CC=CC3N2,Z1401982470
O=C(NC=1C=CC=C(C1)CN2C=NC=N2)NC3CCCN(C3=O)C=4C=CC=CC4Cl,Z1277384444
CC=1C=CC=C(C(N)=O)C1NS(=O)(=O)C=2C=CC(=CC2C)C(=O)O,Z1408044165
COC(=O)C1=CC(=CN1)CN[C@@H]2C[C@H](C2)C=3C=CC=CC3C,Z1984525574
O=C(NCCC1=NC(=CS1)C(F)(F)F)N2CCC(C2)N3CCCC3,Z1308894527
COC=1C=CC=CC1N2CCN(CC2)C(=O)C3=CN(C=N3)C(C)C,Z1985969209
CNC(=O)CN1C=C(C=N1)NCC=2C=CC=C(C2)C=3C=CC(C)=CC3,Z1408160049
CN1C=C2C(CCCC2C(=O)N3CCCC(C3)C4=NN=C5CCCCCN45)=N1,Z1986137838
COC(C(=O)N1CCCC=2C=CC=C(O)C21)C=3C=NN(C)C3,Z1987256533
CC1=C(N=NN1CC2CCCC2)C(=O)NC=3C=CC=C(C3)C4=NN=NN4C,Z1926284711
CC1=NC(C(=O)N2CC=3C=CC=CC3C[C@H]2C(N)=O)=C(C)S1,Z1497461858
CC1=NOC(Cl)=C1CCC(=O)N2CCCCC2CC(C)O,Z1935546984
CC(NC(=O)C1=CC=CS1)C(=O)NC2=CC(=NN2C)C3CCCOC3,Z1934797139
CN(C)C(=O)C1CN(CCN1C(=O)C=2C=CC=CN2)C(=O)C=3C=CC=CN3,Z1413257084
O=C(C=1C=CSC1)N2CCN(CC2)C(=O)C3=CC=NN3CC(F)F,Z1926563269
CCC=1C=NC=C(C1)C(=O)NC=2C=CN(CC(=O)N3CCOCC3)N2,Z1927141225
CCOC=1C=C(Cl)C=CC1NC(=O)C=2C=CC=3NC(=O)C(=O)NC3C2,Z1414470208
CSC1(CNC(=O)C(CC2=CNC=3C=C(F)C=CC23)NC(C)=O)CCC1,Z1919651808
CC(C)N1N=CC=2C=C(C=CC21)NC(=O)C3=CN(CC=4C=CC=C(F)C4)N=N3,Z1414073625
O=C(CC=1C=CC(Br)=CC1)NC=2C=CC=C(C2)C(=O)NCC3=CC=CN3,Z1315679167
CC=1C(Cl)=CC=CC1C(=O)N2CCC(CNC(=O)C=3C=NN(C)C3)CC2,Z1905672626
CNC(=O)C=1C=CC=C(C1)CCNC(=O)CN2C=C(C(C)=N2)C=3C=CC=CC3,Z1882174842
CC(NCC(C)(O)C=1C=CC=CC1)C=2C=CC=C(C2)N3C=CN=C3,Z1817403645
CC=1C=CC=C2CCN(CC12)C(=O)CN3C=CC(=O)C=4C=CC=CC43,Z1865485450
C1=CN(CC=2C=CC=CC2)C(CN3CCCC(C3)N4CCNCC4)=N1,Z2444753860
CC=1C=CC(=CC1NC(=O)C=2C=CC=3N=CC=CC3C2)C(F)(F)F,Z1315929370
CC=1C=CC(=CC1C(=O)N2CCOCC2)NC(=O)C=3N=CN(N3)C=4C=CC=CC4,Z1901680638
C[C@H]1CN(CCN1C(=O)C=2C=C(ON2)C3=CC=CS3)C4CCOCC4,Z1907669442
CC=1C=COC1C(=O)N2CCCCC2C3=NC(=CN3)C=4C=CC=CC4,Z1820331743
O=C(NCCC1=CC=CC(Cl)=C1)N2CCCC3(CCC3)C2,Z1941090233
CC(C)C=1C=C(C(=O)NC=2C=CC(=NC2)NC(=O)C3CC3)N(C)N1,Z1318748228
O=C(CN1C=C(C=N1)C(=O)N2CCOC=3C=CC=CC32)NC4CCCCC4,Z1319216948
CN1CCOC=2C=CC(=CC21)NC(=O)C3=CC=4C=C(F)C=CC4N3,Z1319913690
COC1=CC(Cl)=C(C=C1NC(=O)CN2CCN(CC2)C=3C=NN(C)C3)OC,Z1320130809
COC=1N=CC(Cl)=C(N1)N2CCN(CCC=3C=CC=CC3)CC2,Z1422101579
COC=1C=CC(C(=O)NCC(C)(C)N2CCN(C)CC2)=C(C1)OC(C)C,Z1828127557
O=C(NC=1C=C(NN1)C2CCCOC2)C3=CC=4CCCCCC4NC3=O,Z1943835873
COC1=CSC(=C1)C(=O)NC2CCN(CCC=3C=CC=CC3)CC2,Z1322680312
CC(C)C1=NN=C(CCC(=O)NC2CCN(CCC=3C=CC=CC3)CC2)O1,Z1322680304
CC(NC(=O)C1=CNC=2N=CC=CC12)C=3C=C(F)C=CC3N4CCC(O)CC4,Z1391026420
O=C(NC=1C=CC(=CC1)C2=NC=3C=CC=CC3O2)NC4CCCC5OCCC45,Z1423861700
COCCC(=O)N1CCN(CC1)C(C)C(=O)N2CCCCC2,Z1323735939
CCOC1CC(O)(CNC=2N=C(N=C3C=CC=CC23)C4=CC=CN=C4)C1(C)C,Z1829017278
CCC1=NOC(C)=C1C(=O)NCC2CCN(CC(F)(F)F)CC2,Z1767844316
COC=1C=CC=C(C1)C(O)CNC(=O)C2CCN(CC2)C(=O)C=3C=CC=CC3,Z1281208986
COCCC1=CSC(=N1)C=2C=CC(=CC2)OC=3C=CC=CC3OC,Z1425702132
NS(=O)(=O)C1=CC(=CS1)C(=O)N2CCN(CC2)C3CCOCC3,Z1325639059
O=C(NC1CCN(C1=O)C2CCOCC2)C=3OC=CC3C=4C=CC=CC4,Z1325685172
CC(C)C(NC(=O)CN1CC(O)CC1CO)C=2C=CC=3OCCOC3C2,Z1723611845
CN1C=C(NC(=O)C=2C=CC(=NC2)C(=O)O)C(=N1)C=3C=CC=CN3,Z1428055680
CN1C=NN=C1SC=2C=CC(=CC2[N+]([O-])=O)C(=O)NC=3C=CC=CC3OCC(F)F,Z1428031397
CC=1C=CC(=CC1NC(=O)C=2C=CN=CC2)NC(=O)C=3C=CC(=CN3)OC(F)F,Z1725150518
CC=1C=CN=C(C1)N2CCN(CC2)C(=O)C=3C=C(F)C=CC3N4C=CC=N4,Z1952500359
CC1=NC=2C=CC(=CC2N1C)C(=O)NC(C)(C)C3=CC=C(C)N=C3,Z1952785070
O=C(C=1C=CC(=NN1)OC=2C=CC=C(Cl)C2Cl)N3CC(O)(C3)C4CC4,Z1834974157
O=C(NC1CC1)C2CCCN2C(=O)C=3C=CC=C(C3)OC(F)(F)F,Z1431737942
COC=1C=C(C=CC1F)C(=O)N2CCC(CC2)C3=NN=CN3C(C)C,Z1432013225
CC1=NOC(C)=C1C(=O)NC2CCN(C2)C=3C=CC=CC3C(F)(F)F,Z1727195357
O=C(N[C@@H]1CCCC=2C=CC(F)=CC21)C3CC(=O)NC4=CC(F)=CC=C43,Z1953744210
CC=1NC=2C=CC=CC2C1C(=O)N3CCC(O)(CC4=CC=CC(C)=C4)CC3,Z1953962869
O=C(NC=1C=CC=C2OCCC12)C=3C=NN4C=CC=CC34,Z1953992098
CCC(C(=O)O)N1CCN(CC1)S(=O)(=O)C=2C=CC=NC2,Z1838187242
CCC=1ON=C(C)C1C2=NC(=NO2)C=3C=CC(=CC3)S(C)(=O)=O,Z1728554033
CC=1C=CC=C2C1N(CCN2C(=O)C=3C=CC=NC3O)C4CC4,Z1728950499
CC=1C=CC=C2C1N(CCN2C(=O)CC=3N=C4N=CC=CN4N3)C5CC5,Z1728957364
CC=1C=CC(=CC1C)C=2C=CC(C(=O)NCC3(O)CCOCC3)=C(F)C2,Z1286191729
CC(NC(=O)[C@H]1CCN[C@@H](C)C1)C=2C=CC=C3C=CC=CC23,Z2433417080
CCOC=1C(Cl)=CC=CC1CC(=O)NC2CCCC=3N=C(C)N=CC32,Z1839831923
C1=CC=2C(=NC=NC2S1)NCC=3C=CC=4N=CC=CC4C3,Z1956686204
COC=1C=CC(=CC1O)C(=O)OCC=2N=C(N)C3=C(N2)SC=4CCCCC43,Z1333062448
CC(NC(=O)C1=CC=2C(Cl)=CC(Cl)=CC2N1)C=3C=CC(=CC3)OCC(N)=O,Z1839977548
O=C(NC=1C=CC(=CC1)C2=NC=CS2)N3C[C@H](O)C[C@H]3CO,Z1730745821
COC=1C=C(C=C(C1)N2CCC(C2)NC(=O)C=3C=CC=C(C3)C(N)=O)OC,Z1334432986
COC=1C=CC=2C=C(C=CC2N1)NC(=O)N3CCN(CC3)C(=O)CN4C=NN=N4,Z1731590050
CC=1C=NN(C1)C2CCN(CC2)S(=O)(=O)C=3C=CC=C(C3)CC#N,Z1957863027
CC1=CC(C)=NN1C=2C=CC(CNC(=O)C3CC43CCOCC4)=C(C2)C(F)(F)F,Z1334995680
CC=1ON=C(C1C(=O)NC2CC(=O)N(C2=O)C(C)C)C=3C(F)=CC=CC3Cl,Z1334973070
O=C(NC=1C=CC(=CC1)CN2C=CC=N2)N3C[C@H](O)C[C@H]3CO,Z1731448774
COC1=CC(=CC(=C1)N2CCC(C2)NC(=O)[C@H]3CCC(=O)N3)OC,Z1335459494
CC=1C=CC=2OC(=CC2C1)CN(CC3=CC=CO3)C(=O)NC=4C=CC=5CCN(C)C(=O)C5C4,Z1731900173
CCOC1CC(O)(CNC(=O)C2=CN=NN2C=3C(Cl)=CC=CC3Cl)C1(C)C,Z1958972128
CC=1C=C(C)C=C(C1)C2=NN=C(NC(=O)N3CCNC(=O)C3C(C)C)S2,Z1732607340
CC=1C=CN=C(COC(=O)CC2=CSC=3C=CC(Br)=CC23)N1,Z1960161521
O=C(NC=1C=CC(=CN1)N2C=NC=N2)C=3C=CC(Cl)=C(C3)N4CCNC4=O,Z1842826452
O=S(=O)(CC1CCCCO1)C2=CC=C3OCCCOC3=C2,Z1337402937
CC1OC=2C(F)=CC=CC2C1NC(=O)C=3C=CC(=NC3)OCCN(C)C,Z1440243672
CC1=CN(N=C1NC(=O)C2CC32CCOCC3)C=4C=CC=CC4,Z1338168458
CN1CCCC2CN(CCC21)C(=O)CCC3=NN=C(O3)C4=CC5=CC=CC=C5O4,Z1441305064
CC(CC(O)C=1C=CC(F)=CC1)NC(=O)C(=O)NC=2C=CC(Cl)=C3N=CC=CC23,Z1442729625
CNC(=O)C1CC=2C=CC=CC2N1C(=O)CC3=CNC=4C=CC=C(C)C34,Z2193655696
CCC(C)N1N=CC(NC(=O)N2CCOCC2C=3C=CC=CC3)=C1C,Z1846524464
CC=1C=C2N(CCC(N2N1)C(F)(F)F)C(=O)C=3N=CN(N3)C=4C=CC=CC4,Z2194187352
CCOC=1C=CC(=CC1)C(=O)N2CCN(CC2)C3=NN=C(S3)C(F)(F)F,Z1740095123
CNC=1N=C(C)C=C(N1)C(=O)N2CCN(C)C=3C=CC(F)=CC32,Z2194608076
CC(C)N1C=CC(CC(=O)NC=2C=CN(CC(=O)O)N2)=N1,Z1445122246
CC1=NN=C2C(=NC=CN12)N3CCCC3C=4C=CC=NC4,Z1343168830
CC1=CC(C)=C(O1)C(=O)NCC=2C=CC(=C(F)C2)N3C=CN=C3,Z1343845689
C[C@@H]1CN(CCN1C(=O)CCC2=NC=3C=CC=CC3N2)C4CCOCC4,Z1901746763
COCCC(=O)N1CCC(CC1)NC(=O)N2CCN(CC2)C=3C=CC=CC3,Z1447746044
O=C(NC=1C=CN(CC=2C=CC=CC2)N1)C=3C=CC(=CC3)NC=4N=CC=CN4,Z1447186309
CC1=CC(CC(C)NC(=O)NC2COC=3C(C)=C(C)C=CC32)=NN1,Z1447613719
C=CCN1C=CC=C1C(=O)NCC=2C(C)=NN(C2C)C=3C=CC=CC3,Z1851347382
COC1=CC=2C(=CC=NC2C=C1F)N3CCC(CS(C)(=O)=O)CC3,Z2199981593
CC(C)C1CN(C(=O)C2=CC=C(C#N)S2)C3=CC=CC=C3N1,Z1345340615
CC1(CN2C=C(N=N2)C(=O)N3CC(=O)N(CC(F)(F)F)C3)COC1,Z1851991360
CC=1C=C(NC(=O)N[C@H]2CCCO[C@@H]2C=3C=NN(C)C3)N(N1)C4=CC(C)=CC=N4,Z1903454240
O=C(C1CCCCN1CCC2=CC=C(F)C(F)=C2)N3CCOCC3,Z1449912264
O=C(CN1C=NC=CC1=O)N(C2CCCCC2)C3CCCCC3,Z1346689125
O=C(NC=1C=CNN1)NC=2C=CC(=CC2)CC3=NC4=CC=CC=C4S3,Z1856238612
CN1C=C(C(=O)N2CCCC2C(=O)NC3CC3)C=4CCCCC4C1=O,Z1899155463
CC1CC(C=2C=CC=C(F)C2)N(C1)C(=O)NC3=CN=NS3,Z1856581232
O=C(CC1=CC=2C=CC=CC2NC1=O)NC3=CC=C4NN=NC4=C3,Z1348303671
CC1C=2C=CC=CC2CCN1C(=O)NCC=3N=CC=CC3S(C)(=O)=O,Z1906229219
CN1C=C(C=N1)N2CCN(CC2=O)C(=O)C=3C=CC(=O)N(C)C3,Z1348755792
COC=1C=CC(=CC1)C(C)CC(=O)NC2CCN(C2=O)C3CCOCC3,Z1348709306
CN(CC=1C=CC=C2NC=CC12)C(=O)CC3CCS(=O)(=O)C3,Z1861953588
O=C(CCC=1C=CC(=O)NC1)N2CCC(CC2)C=3C=CN=CC3,Z1907169105
CC1=CN(N=C1NC(=O)C=2C=CC(=NC2)NC(C)C)C3CCCCC3,Z1750796789
CC=1NN=C(C(=O)N2CCC(CC2)OC=3C=NC=CN3)C1C,Z1907287589
CN(CC=1C=CC=C2NC=CC12)C(=O)C=3C=CC(=NC3)C(N)=O,Z1862879504
CC(C)(C)C1=NC(=CS1)C(=O)N2CCC(CN3C=NC=N3)CC2,Z1747760600
COC=1C=CC(=CC1)C=2C=C(SC2C)C(=O)N3CCOC(C3)C(=O)O,Z1455210733
NC(=O)CN1CCCN(CC1)C=2C=CC(=C(C2)C(F)(F)F)S(N)(=O)=O,Z1863725978
O=C(NCC1CCCNC1)C=2C=CC=C(C2)OC=3C=CN=CC3,Z2440026788
COCC(C)(O)C(=O)NC=1C=CC(=CC1)N2C=NC(C)=C2C,Z2207539112
CC(C)(CNC(=O)NC1CC(=O)N(C1)C2CC2)C=3C=CC=4OCCOC4C3,Z1352895402
CC(C(=O)NC=1C=CC(=CN1)N2CCNCC2)N3CCC4=CC=CC=C4C3,Z2440118769
CC1=CSC(=N1)C(O)(CC(=O)NC2=NN=CN2C)C(F)(F)F,Z1750888194
CCC1(CO)CCCN(C1)C(=O)NC2=CC=C3CCN(C)C3=C2,Z1751210247
CC=1N=NC=CC1NC(=O)N(C)CC2(O)CCCCCC2,Z1751262355
CC(C)(C)C1=CN=C(NC(=O)N2CCC(CC2)C=3C=CN=CC3)S1,Z1865947756
COCCNCC(=O)NC1=NC=C(CC=2C=CC(=CC2)C(F)(F)F)S1,Z2434237754
CC1=NC(=NO1)C2CCCN2C(=O)N[C@@H](C)C3=CC(Cl)=CC=C3Cl,Z1752815681
O=C(CNCC1CC1)NCC=2C=CC(=CC2)C(=O)N3CCNC(=O)C3,Z2435165520
O=C(NC1CC(F)(F)C1)C2=CN=C(CC=3C=CC=CC3F)S2,Z1867120440
CC1C(=O)N(CC=2C=CC(=CC2)OC(F)(F)F)C(=O)N1C3CCC3,Z1868557177
CC=1C(=CC=CC1C(=O)O)NS(=O)(=O)C2=CN=C3C=CC=CC3=C2,Z1914226892
C1=NC=2C(=NC=NC2N1C3CC3)NCC4CCOC5=CC=CC=C54,Z2212401064
CC=1C=CC=C(C1)NC2CCN(CC2)C(=O)C3=NNC=4C=CC(Cl)=CC34,Z1916251821
CN1C(=O)CCC=2C=C(C=CC21)NC(=O)C=3C=CC=C(C3)C4=NOC(=N4)C(F)(F)F,Z1873469736
O=C(O)C1(CNC(=O)C=2C=C(C=CN2)OC=3C=CC=CC3)CCOCC1,Z1870267863
CC=1N=C(C=CC1NC(=O)C=2C=CC=C(C2)CS(C)(=O)=O)N3CCOCC3,Z1460884640
O=C(NCC1=CC=2C=CC=CC2O1)C3(CC=4C=CC(F)=CC4)CCOCC3,Z2213284515
CO[C@H]1C[C@H](C2=NN=C(C)O2)N(CC3CCC=4C=CC=CC4C3)C1,Z1755426347
CC1=C(C=CC2=CN=CN12)C(=O)N(C)CC=3C=CC(F)=C(Cl)C3,Z1870550188
C1=CC=C(C=C1)OC=2C=CN=C(N2)NC3CCOC(C3)C=4C=CC=CC4,Z1918531671
CCCN(C(=O)C=1C=C(C)C=C(O)N1)C2CCC=3C=CC=CC3C2,Z2215266478
CC1=C(NC(=O)N2CC(=O)N(CC3CC3)C2)C(=O)N(C=4C=CC=CC4)N1C,Z1918505251
CC(=O)NC1=CC=CC(=C1)NC2CCN(C2=O)C=3C=CC(C)=CC3,Z1281776999
COC=1C=C(C)C=CC1CNC(=O)C=2C=CC(F)=CC2C,Z1465665061
CCCC1=C(N=NN1C=2C=CC=C(Cl)C2)C(=O)OCC3=NN=C4CCCCCN34,Z1920276097
COC=1C=CC(=CC1)OCC(=O)N2CCC(CC2)C3=CNC=N3,Z1360732295
CC=1C=CC=C2N=C(CNC(=O)C=3C=CC4=C(C3)NC(=O)N4C)N(C)C12,Z1467032726
CN1C=C(C=N1)S(=O)(=O)NC(=O)C=2C=CC=C3C2OCC3(C)C,Z1921683315
CN(CC1CN(CCO1)C=2N=C(C=3C=CC=CC3)C4=CC=CC=C4N2)C=5C=CC=NN5,Z1470705372
N#CC=1C=CSC1N2CCC(C2=O)N3CCCC(O)(C3)C(F)(F)F,Z1362449236
CC(C)C=1C=CC(=CN1)C(=O)NCC=2C=CN=C(C2)N3C=CN=C3,Z1471400978
C[C@@H](NC(=O)N1CC(=O)N(CC2CC2)C1)C3=CC4=CC=CC=C4O3,Z1923637105
CCC1(CC)CC(=O)N(CC2=NN=C3COCCN23)C1=O,Z1973790609
CC1=CN2CC(CCC2=N1)NCC=3C=CC(=NC3)N(C)C=4C=CC=CC4,Z1973935728
CCC=1OC=CC1C(=O)N2CCOC(CN(C)CC(N)=O)C2,Z1972727159
NC(=O)CCC1=NN=C(SCC2=NC(=NO2)C=3C=CC=CC3F)N1CC4=CC=CO4,Z1763649833
CNC(=O)C1(C)CCN(C1)C(=O)CNC(=O)C=2C=CN=CC2,Z1973245642
CCN1C=CN=C1C2CCCCN2C(=O)C=3C=CC=4NC(C)=C(C)C4C3,Z1973295551
CC(=O)NCC1CCCN(C1)C(=O)C=2C=C(C)C=CC2N3C=NN=C3,Z1973767067
COC=1C=CC(=CC1Cl)CNC(=O)C2CCCN2C(=O)C3=CC=CC=C3O,Z1448738810
CC(NC(=O)C1CCCN1C(=O)C=2C=CC=3C=CC=CC3C2O)C=4C=NN(C)C4,Z1547820121
COC=1C=CC(C(=O)NC2(CCC2)C3=NN=CN3)=C(O)C1,Z1972779706
O=C(C=1NC=2C=CC=CC2C1C=3C=CC=CC3)N4CCOCC4,Z3225761119
CC1(C)CC(CC(C)(C)N1)NS(=O)(=O)C=2C=CC(=CC2)[N+]([O-])=O,Z3226085409
CCC1=NSC(=N1)N2CCN(CC2)C(=O)C=3C=CC(=NC3)OC(C)C,Z1275981065
O=C(CCC(=O)N1CCC(O)CC1)N[C@@H]2C[C@H]2C=3C(F)=CC=CC3Cl,Z1974577183
NC(=O)COC=1C=CC=CC1C(=O)N[C@@H]2C[C@H](C2)C=3C=CC=CC3,Z1974731088
C=C(C)C1OCCC1CNC(=O)N2CCCC2C3=NC4=CC(C)=CC=C4N3,Z1976638346
CC1=NN(C)C(C)=C1C=2C=C(NN2)C(=O)N3CCC=4C(F)=CC=C(F)C4C3,Z1369088242
CC=1C=CC(=NN1)OC=2C=CC(=CC2)NC(=O)N3CCCC(CN4CCC(C)CC4)C3,Z1278085998
O=C(C=1C=C(N=C2C=CC=CC12)C=3C=CC=C4C=CC=CC34)N5CCN6C(=O)NN=C6C5,Z1785158108
O=C1C=C(C=2C=CC=CC2O1)N3CCC(CC3)C=4N=NNN4,Z3648254299
CCC(C)(C)NC(C)C(=O)NC=1C=CC(=CC1)N2C=C(C#N)C=N2,Z3653252029
"O[C@@H]1CC(CN2C=CC=N2)C[C@H]1NCC=3C=CC=C(C3)N4C=CC=N4 |&1:1,11,r|",Z3686083338
C[C@@H]1COC[C@@](CO)(CNS(=O)(=O)C2=CC=NN2C=3C=CC=CC3)N1C,Z3686252686
"N#CC=1C=CC(=CN1)N[C@@H]2CC(CN3C=C(Cl)C=N3)C[C@H]2O |&1:9,20,r|",Z3686318426
"O=C(N[C@@H]1CC(CN2C=CC=N2)C[C@H]1O)C3=CC=C(O3)C4=CC=CO4 |&1:3,13,r|",Z3687020902
"COC=1C=CC(=CC1)COCC(=O)N[C@@H]2CC(CN3C=CC=N3)C[C@H]2O |&1:14,24,r|",Z3687023379
"COCC=1C=NC(OC)=C(C1)C(=O)N[C@@H]2CC(CN3C=C(Cl)C=N3)C[C@H]2O |&1:14,25,r|",Z3687047428
"CN1C=C(N=N1)C(=O)N[C@@H]2CC(CN3C=C(Cl)C=N3)C[C@H]2O |&1:9,20,r|",Z3687050036
"O=C(CC=1C=CC(=CC1)N2C=CN=C2)N[C@@H]3CC(CN4C=CN=C4)C[C@H]3O |&1:15,25,r|",Z3687064734
"CNC(=O)C[C@@H]1CN(C[C@H]1O)C(=O)CC2=CC=3NC=NC3C=C2Br |&1:5,9,r|",Z3687144066
CC(C)(C)OCC1CCCN(C1)C(=O)COCC=2C=CN=CC2,Z3706874445
CCCN1C(CN2CCCC2=O)=NN=C1N3CCCC(C3)N4CCCC4=O,Z3765820569
CC(=O)NC1=C(C)C=CC(NC(=O)C=2C=NC(=NC2)C=3C=CC=CN3)=C1C,Z3765847425
CCOCCN1CCN(CC1C)C2=C(C#N)C=NC3=C(Cl)C=CC=C23,Z3772661272
CS(=N)(=O)CCC1=CN(CC=2C=CC(=CC2)OC(F)(F)F)N=N1,Z3790946965
FC=1C=CC(=CC1F)C2CCC(C2)N3C=C(N=N3)C4CCNCC4,Z3796296477
"CN1C=CC(CS(=O)(=O)NC(=O)[C@@H]2C[C@H]2C=3C=CC(Br)=CC3)=N1 |&1:12,14,r|",Z3796735360
C[C@H]1C[C@@H]1C(=O)N2CCCC(CC2)NC(=O)C3=NN(C)C=C3Cl,Z3810976574
C=1NC=2C=CC=CC2C1C3=NN=C4CC5CCC(CN34)N5,Z3823232090
O=C(N[C@@H]1CC[C@H](CC1)OC=2C=CC=CC2)C3(CCC3)C=4C=CC=CC4,Z3827772027
COC1=CN=C2N=CN=C(C2=C1)N(CC(C)C)CC3CCN(C)CC3,Z3830006458
O=C(NC=1C=NNC1)C=2C=C(NN2)C=3C=CC=4C=CC=CC4C3,Z3876013047
COC=1C=CC=2C=NN(CC(=O)NCC34CCC4CCN3)C(=O)C2C1,Z3888503375
CC=1C=C(NC(=O)C=2C=CC=C(N2)C(=O)N3CCCC3)N(N1)C4=NC=5C=CC=CC5S4,Z3889890124
COCCN(C(=O)C1=CC=CO1)C2=NC(=CS2)CC(=O)NC=3C=CC(Cl)=CC3,Z3890068234
"CC(OCC(=O)N1C[C@H](C=2C=CC=CC2)[C@H]1CO)C3=NC=CN3C |&1:8,15,r|",Z3906872237
CC1CN(CC(=O)N1C)C(=O)C=2C=C3NC(=CC(=O)N3N2)C=4C=CC=CC4,Z3916174011
CN1C=C(C(=O)NCCC=2C=CC3=CC=CC=C3N2)C(=N1)C=4C=C(F)C=CC4F,Z3989657497
O=C(CC1CCCCC1)N2CCCC(CC2)NC(=O)C3=CN=CC=N3,Z3989662791
O=C(CCCC=1C=CC=NC1)NC=2C=CC(=CC2)N3C=CC=N3,Z3991684339
O=C(NC=1C=CC(=CC1)NC=2N=CC=CN2)C3=CC4=NC=CC=C4N3,Z3992204299
CC1=NNC=2C=CC(=CC12)C3=CN4C(=C3)C(=O)NCC4C5CC5,Z4000679957
CCOC(=O)C(C)NC(=O)C=1C=CC(=CC1)NC(=O)N2CCC(C=3C=CC(F)=CC3)C2(C)C,Z4002429460
NS(=O)(=O)C=1C=CC(=CC1)NC(=O)N2CCC3=CC(F)=C(F)C=C3C2,Z4002430448
O=C(CCCC=1C=CC=2NC(=O)CC2C1)N3CCC3C=4C=CC(F)=C(F)C4,Z4026383643
"O=C(C1=CC=C(NC1=O)C=2C=CN=CC2)N3CC4(CCOCC4)[C@H]5CCC[C@H]53 |&1:23,27,r|",Z4034628479
CCC1=C(OC=2C=CC=CC12)C(=O)NC3(CNC(=O)C4COC(C)C4)CCCC3,Z4034628587
CCCC=1NC=CC1C(=O)NC=2C=CC=3NC(=O)C(C)=CC3C2,Z4034634297
O=C(CC1=CSC(COC=2C=CC(Cl)=CC2)=N1)N3C4CCC3C(=O)NC4,Z4041555395
CC1(C)CN(C(=O)CCCCNC(N)=O)C=2C=CC=NC21,Z4051708292
CCOC(C)C(=O)NC1CN(C1)C(=O)C2=CC=NN2C(C)C,Z4054324218
CC(NC(=O)C1CC=2C(F)=CC=CC2C(=O)O1)C=3N=CC=C(N3)C(F)F,Z4077054997
CC(SC1=NN=CN1C)C=2C=CC=C(C2)NC(=O)C=3C=CC=C(N3)C(F)(F)F,Z4088252939
CCOC=1C=CC=NC1S(=O)(=O)N2CCC=3C=CC(F)=CC3C(C)C2,Z4089608580
CC1=NNC=2CCC(CC12)NC(=O)C3=NNC4=C3COC5=CC=CC=C45,Z4089964769
CC(C)C1=NOC(=O)N1CC(=O)N2C=3C=CC=CC3CCC2C,Z4108689999
CC(C)(CNC(=O)C=1C=C(Cl)C=CC1F)C2=COC(=N2)C=3C=CC=CC3,Z4119251745
O=C(NCCC1=CNC=2C(Cl)=CC=CC12)C(F)(F)C=3C=NC=CC3,Z4119326879
CC=1C=CC(=CC1)N2C=CC(CN3C=C(N=N3)C4CC4)=N2,Z4122113326
O=C(C=1C=CC(=NC1)N2CCC=3C=C(C=CC32)N4CCCC4=O)N5CCNCC5,Z4139260107
CC1=NN2C(CCCC2C)=C1C(=O)NC(C)CCN3CCOC3=O,Z4142177149
CC1=NC(=NN1C=2C=CC=CC2)NS(=O)(=O)C=3N=CNC3C,Z4142334790
O=C(NC1(CCCC1)C=2N=NNN2)C=3C=C4CCCN4C3,Z4146729496
O=S(=O)(NC=1C=NN(CC(F)(F)F)C1C2CC2)C=3C=CC=C4N=CC=CC34,Z4151087319
CC=1C=CC(Cl)=CC1C(=O)NC=2C=CC=CC2C=3N=NNN3,Z4187383937
COC=1C=CC2=C(C1)CCCC2CN3C(=O)NC=4C=CC=NC4C3=O,Z4208215230
C1=CN(C=N1)CC(NC2CCC=3C=NOC3C2)C=4C=CC=CC4,Z4215808049
CCC=1N=C2SC(C)=CN2C1C(=O)NCC3CCC=4C=NNC4C3,Z4226764445
CCC1=CNC=2N=CN=C(C12)N3CC4(C3)CCOCC(=O)N4,Z4232801994
COC(=O)C=1N=C(C=2SC=CC2N1)N3CCN(CC3)C4(C)CC4,Z4233876126
COC(=O)CC=1C=C(N=CN1)N2CCN(CC2)C=3C=CC(=O)NC3,Z4233879425
C1=CC(=CN=C1)CC2CCCN(C2)C3=NSC=4C=CC=NC34,Z4234069865
COC1=CC=CC(NC(=O)NCC=2C(C)=NC3=C(C(=O)NN3C)C2C)=C1OC,Z4238486463
O=C(C=1C=NC=2NCCC2C1)N3CCC(CC4=NN=NN4)CC3,Z4293769116
CN(CC1=NC=CN1CC(F)F)C(=O)C2=CC(=O)NC=3C=CC(F)=CC23,Z4296730129
COC=1C=CC(=CN1)C=2N=C(C=C3C=CC=CC23)N4CCOCC4,Z4297314148
CC=1N=C(C=CC1C(=O)NC2=NN=C(S2)C=3C=CC=CC3)C4CC4,Z4326714361
O[C@H](CC=1C=CC=CC1)CN2C=C(N=N2)C(O)C=3C=CC(Cl)=CC3,Z4345166295
COC(=O)C1(CCCC1)NC(=O)C=2C=CC=C(C2)CC=3N=NNN3,Z4368589700
O=C(N1CC2(C1)CC=CCO2)C3(CC4(CC4)C3)C=5N=NNN5,Z4385058716
CC(C)OC1CCCN(C1)C(=O)C2=CC=C(S2)C=3N=NNN3,Z4390463985
O=C(NC1(CCC1)C=2C=CC=CC2)C3=CSC(=C3)C=4N=NNN4,Z4395859229
NC(=O)CNC(=O)C=1C=CC=C(C1)NC(=O)C2=CC=3C(Br)=CC=C(Cl)C3N2,Z4421148536
CC1=NN(C=C1C(=O)NC2CC3(C2)CCN(C3)C(=O)C=4C=C(F)C(F)=C(F)C4)C(C)(C)C,Z4425706390
COC=1C=C(C=CC1Cl)C(=O)N[C@H]2CC[C@H](CC2)N(C)C(=O)C3=CN=C4SC=CC4=C3,Z4425706469
CN1C=CC=C1C(=O)N2CCC(C)(C2)NC(=O)CNC(=O)C3=CC=CC(F)=C3,Z4426574879
COC(=O)C1=CC2=C(N=CN=C2N1)NC3CC(NC(=O)CN4CCCCC4)C53CCC5,Z4439098432
CC=1C=CN=CC1NC(=O)CC(C)(C)NC(=O)C=2C=CC=C3NC=CC23,Z4444622220
COC=1C=CC=C(F)C1CN2C=C(N=N2)C3(O)CC[C@H]4CO[C@@H]3O4,Z4446531441
CC1(C)CC(C)(CN1)C(=O)NCC=2C=CC=CC2N3CCCC3,Z4447596538
C[C@H](C(=O)OCC1=NN=C(O1)C=2C=CC(Cl)=CC2)N3C(=O)C=4C=CC=CC4C3=O,Z4450346789
COC(=O)C1=C(C(C)=NN1C)S(=O)(=O)N[C@@H]2C[C@H](C2)C=3C=CC(Cl)=CC3,Z4457272790
O=C(N[C@@H]1C[C@H](C1)C2NC(=O)NC2=O)C=3C=C(N=C(C3)C(F)(F)F)C4CC4,Z4464308359
CC=1C=CC(F)=C2NC(=CC12)C(=O)NC=3C=CC=C(C3)C4(C)NC(=O)NC4=O,Z4475787734
COC1CCN(C(=O)CNS(=O)(=O)C=2C=CC=3COCC3C2)C(C1)C4CC4,Z4479046062
COC=1C=NC=C(C1)CCC(=O)N2CC(NC(=O)C3CC3)C(C)(C)C2,Z4480906267
O=C(NCC1=CC=2C=CC=CC2NC1=O)C3CC43C(=O)NC5=CC=CC=C54,Z4497428760
O=C(NCC(O)C=1C=CC(=CC1)OC(F)(F)F)C2=CN(CC3CNC(=O)O3)N=N2,Z4497727302
"O=C(C=1C=CC=CC1Cl)N2C[C@H]3CCN(C[C@H]32)C(=O)C=4C=CN=CN4 |&1:11,16,r|",Z4518009078
NC=1C=NC=C(C1)C(=O)NCC2CC3CCC2N(C3)C(=O)C4=CNN=N4,Z4522000289
CC=1C=C(N=CC1C(=O)NCC2CCN2C(=O)C3(C)COC3)C4CCC4,Z4522001221
"COCCN1C(=O)N[C@H]2CN(CC[C@H]21)C(=O)C3CCN(CC3)C=4N=CN=C5SC(C)=C(C)C45 |&1:8,13,r|",Z4561573911
CC=1NC=NC1C(=O)NC(C2=CNC=3C=CC=C(F)C23)C(F)(F)F,Z4655553973
NC=1C=CC(=CN1)CNC(=O)C2=CN=C(S2)C=3C(F)=CC=CC3F,Z4655554171
FC(F)(F)C=1C=CC=C(C1)N2N=C(N=C2CC3CCOCC3)C4=CC=CN=C4,Z4685254695
O=C(NCC1=NN=C(N1)C=2C=CN=CC2)C3=CC=4C=CC=CC4NC3=O,Z4740211991
COC(=O)C=1C=C(CNC2CCC(C)(C)C=3C=CC=CC32)NC1C,Z4766381092
NC(=O)C=1SC=CC1S(=O)(=O)NC(=O)C=2C=CC(=CC2)NC(=O)C=3C=CC=CC3,Z4774549341
CC(C)C(CNC(=O)C1(O)CCCC1)NC(=O)C=2C=CC(F)=CC2,Z4780407966
CC(C)CC(NC(=O)C=1C=CC(Cl)=CC1)C(=O)NCC2COC(C)(C)CO2,Z4780408182
CC(C)(C)C1=NN(CC(=O)N2CCCC2C=3C=CC=CC3)C(=O)O1,Z4783034385
CC=1C(CN2C=C(N=N2)C3(O)CC[C@H]4CO[C@@H]3O4)=NOC1C5CC5,Z4828099383
CN(C)C(=O)C=1C=NC=C(C1)C=2C=CC=3C=CN=CC3C2,Z4879347013
O=C(NC=1C=CC(=CC1)SCCN2CCCC2)C=3C=CC=C(C3)CN4C=CN=C4,Z4884306533
N#CC=1C=C(Br)C=C(C1)S(=O)(=O)NC(=O)CC2=CC=3C=C(Cl)C=CC3N2,Z4884575443
O=C(CC=1C=CC(Br)=CC1)NS(=O)(=O)C2=CC=3C=CC=CC3S2,Z4884810441
FC(F)(F)C=1C=CC(=CC1Cl)CN2C=NC(=N2)C3CCOCC3,Z4889130641
CN1N=CC(C2=CN(N=N2)[C@@H]3C[C@H](C3)C(=O)NC4(CCC4)C(=O)O)=C1C5CCC5,Z4910225352
COC1CN(C(=O)C=2C=CC=C(C2)N3C=C(N=N3)C(C)(C)N(C)C)C(C)(C1)C(=O)O,Z4910225561
CC(SC1=NC(=CS1)CC(=O)NC2=NNC=3CCCNC23)C(N)=O,Z4917865050
NC(=O)C=1C=CC=C(N1)C(=O)N2CCC=3C=CC=CC3C2CNC(=O)C=4C=CC(=O)NN4,Z4921675434
CC(OC(=O)C1=CN2C=CC=C(Cl)C2=N1)C3NC(=O)CNC3=O,Z4924884880
CN1N=C(C=C1C(F)F)NC(=O)NC=2C=CC(Br)=CC2F,Z4927266274
CC=1C=C(C=CC1Br)C2CCN(CC2)C(=O)NC=3C=NN4C=CC=NC34,Z4951929990
CC=1C(CNS(=O)(=O)CC=2C=CC(Br)=C(F)C2)=NOC1C=3C=CC=CC3,Z4952388520
COC1=CC=C2N=CC=C(C(=O)NC(CCO)C(=O)O)C2=C1,Z5013438657
"CN(C)[C@H]1CC[C@H](C1)NC(=O)CC=2C=CC=C(C2)NC(N)=O |&1:3,6,r|",Z4992279044
CC=1NC(=O)NC(=O)C1S(=O)(=O)N2CCC=3C=CC=CC32,Z4994452898
"C[C@]12C[C@@H](C(=O)NCCOC=3C=CC(=CC3)C4=NOC(=O)N4)[C@H](CO2)C1 |&1:1,3,22,r|",Z5002946852
COC(=O)C1=CC=CC(=C1)N2C=C(N=N2)C=3C=CC(=CC3)OC,Z5009645235
COC(=O)C=1C=NN(C1)CC2=CN(C[C@@H](O)C=3C=CC(C)=CC3)N=N2,Z5012495392
CC1COC2=C(C=NN2C1)NCC=3C(F)=CC=C(F)C3F,Z5014708309
O=C(NCCC=1N=CC=C(N1)C2CC2)C3=CC4=NC=CN4C(=O)N3,Z5027823323
CC=1C=C(C=C(N1)C(=O)NC(C)C2=CC=CS2)C3=NOC(=O)N3,Z5036191189
CN(CC=1C=CC(F)=C(Cl)C1)C(=O)C2=CN(CCCC3=NOC(=O)N3)N=N2,Z5036191591
O=C(CC1CCCC1)N2CCC(C2)NC3=NN=C(O3)C=4C=CC=CC4,Z5055412423
O=C(NC=1C=CC=CC1C2=NC=CN2)C3=CC(=NN3)C=4C=CC(O)=CC4,Z5084941545
CN1N=CC(C(=O)NCC2CCC3(CC(C3)C(=O)OC(C)(C)C)O2)=C1CC=4C=CC=CC4,Z5094269284
CCN(C(=O)C=1N=C(CC(F)(F)F)SC1C)C23CC4CC(CC(C4)C3)C2,Z5129498953
CC(C)C(=O)NC1CCCN(C1)C(=O)C2(CC3=CC=CC(Br)=C3)CCNC2,Z5129504623
CC=1C=C(C)N=C(C1)C(=O)N2CCN3C(=O)C(=O)NN=C3C2,Z5129505322
C#CCN(C(=O)C=1C=NC(NC=2C=CC(F)=C(F)C2)=C(Cl)C1)C3CCN(C)CC3,Z5129505814
C#CCCN1CCCN(CC1)C=2N=CC(=CN2)S(N)(=O)=O,Z5176451926
CCCN1C=C(C=N1)NC(=O)C=2C=CC3=C(Br)C=NN3C2,Z5177344399
CC1(C)OCC(COCC2=CN(CCC3OCCCO3)N=N2)O1,Z5182760460
CC=1N=CN(C1C)C=2C=CC(=CC2)NC(=O)C3CC4=CC=CC=C4NC3=O,Z5183299116
O=C(NC=1C=CC=2NC(=O)CCCC2C1)N3CCN(C(=O)C(F)(F)F)C4(CCCCC4)C3,Z5185137094
CC=1C=CC(=CC1)CC(=O)NS(=O)(=O)C=2C=CN(N2)C=3C=CC=CC3,Z5188072499
COC(OC)C=1C=CC(=CN1)C=2C=CC(=CC2)C3OCCO3,Z5189153157
CC=1NC(=CC1C(=O)N2CCC=3C=CC(=CC3C2)C(C)(C)C)C=4N=NNN4,Z5191567871
CC1=C(C(=O)N(C=2C=CC=CC2)N1C)N3N=NN=C3SC4=CC(=O)OC=5C=CC=CC45,Z5197857253
"CC(=O)NC[C@@]1(F)CC[C@H](CNC(=O)C2=CC=C(O2)C3=CC=CC=N3)C1 |&1:5,9,r|",Z5199087668
O=S(=O)(NC1=NNC=C1Cl)C2=CNC=3C=C(C=CC23)C(F)(F)F,Z5210953599
COC(=O)C=1C=CC=C(C1)CN2C=C(N=N2)C=3C=CC=NC3,Z5233657185
CN1C(=NC=2N=CC=CC21)C=3C=CC(=CC3F)C=4C=CN=CC4,Z5282805926
COCCN1C=CN=C1NC(=O)C=2C=CC=NC2OC=3C=CC=CC3Br,Z5287389063
CC=1C=CC=2N=C(C=CC2C1)C(=O)NC=3C=CC(=NC3C)N4CCN(C)CC4,Z5292429420
CC1=CSC(=N1)C=2C=CC(=CC2)C(=O)NCC(C)C3=NC=CN3,Z5292453249
CC(C)OC=1C=CC=2C(=CC=NC2C1)NCC=3C=CC=4NC(=O)NC4C3,Z5292488275
CC=1C=CC=2NN=CC2C1C=3C=CC(=CC3)N4CCCC4=O,Z5330395478
CC(C)(C)NS(=O)(=O)C1(CNC=2C=C(Br)C=CC2C#N)CCC1,Z5330395898
CC1(C)CCN(CC1C=2C=CC=CC2)C=3N=CC=NC3S(N)(=O)=O,Z5373044750
CC=1N=CC=2C=CC=CC2C1C(=O)NC3=NC(=NN3)C=4C=NN(C)C4,Z5383980879
CC1=CC(=O)OC=2C=C(OC3=CC=NC4=CC=NN34)C(Cl)=CC12,Z5445579766
O=S(=O)(C=1C=CC=CC1C=2C=CC=CC2)N3CCC4CC43,Z5483043076
COCCC(NC(=O)C1=CC(=NN1C)C=2C=CC(=CC2)OC)C3=CN=CC(F)=C3,Z5617082485
NC1=NC=C(S1)C(=O)N[C@@H]2C[C@H]2NC(=O)C=3C=NC=C4CCCC34,Z5644966246
O=C(NCC1=CN2C=C(Cl)C=C(Cl)C2=N1)C=3C=CC=C4N=NNC34,Z5860376757
CC1CN(CCN1C(=O)C=2C=C3C=CC=CC3=NN2)C(=O)C4=CC=CC(=O)N4,Z5861368881
O=C(NC=1C=CC=C(C1)C(=O)NCC2=CC=CS2)NC3CCCN(CCN4CCOCC4)C3,Z6028467196
"O=C(N[C@H]1C[C@H]2C[C@@H]1OC(=O)N2)C3(CC3)C=4C=CC(F)=CN4 |&1:3,5,7,r|",Z6093420090
CC(CNC(=O)C1CCN(CC1)C=2C=CC(F)=CC2C#N)NC(=O)OC(C)(C)C,Z6190457894
CN(C)[C@@H](CO)C(=O)NC=1C=CN(CC=2C=CC=CC2)N1,Z6214180529
O=C(C=1C=NC=2C=COC2C1)N(CC3=CC=CC=N3)CC=4C=CC=CN4,Z6247034321
CC1=CC(C)=CC(=C1)N(CCC#N)C(=O)C2=CN3N=CC=CC3=N2,Z6256632320
O=C(CC=1C=C(F)C=C2COCOC12)NC=3C=CC=4N=CNC4N3,Z6273302549
CN1C=C2C=NN(CC=3C=CC(=CC3)C=4C=CC=CC4)C(=O)C2=N1,Z6290266751
COC(=O)C=1C(CNC(=O)NC=2C(Cl)=CC=C3CC(C)(C)OC23)=NN4CCCCC14,Z6309452890
COC(=O)C=1C(COC2=CC=C(C=C2Cl)C3CC3)=NN4CCCCC14,Z6309545632
CC=1C=CN=CC1C(=O)NC2COCCN(C2)C(=O)C(C=3C=CC=CC3)C4CC4,Z6435236272
"FC=1C=CC(C2=CN(C[C@]34C[C@H]3CCC4(F)F)N=N2)=C(Cl)C1 |&1:9,11,r|",Z6471972834
CC1(CC1)C(=O)N2CC(O)(C2)C3=CN(N=N3)C4=CC=CC5=CN=CC=C45,Z6476377334
CN(C(=O)C1=CC=2CCCCC2O1)C3CC(C3)NC(=O)C=4C=NNC4,Z6476396607
CC=1N=C(O)C=2C=C(C=CC2N1)NC(=O)NCC3(CO)CN(C3)C(=O)OC(C)(C)C,Z6509289943
NS(=O)(=O)C=1C=CC(=CC1)CN2C=C(N=N2)C3=CN=CS3,Z6739925957
CN1C=CN=C1C(=O)NCC=2C=CC=3OC(=NC3C2)C=4C=CC(F)=CC4,Z7077504574
C1=CN(C=N1)CCCN2C=C(N=N2)C3=CC=4C=CC=CC4N3,Z7155346404
CC1=CSC(=O)N1CC(=O)NC2CCN(CC2)C(=O)COC=3C=CC=CC3,Z7371549872
O=C(CC=1C=NNC1)N2CCN(CC2C=3C=CC=CC3)C(=O)C4=CC(O)=NC=N4,Z7373144148
O=C(O)CC(O)CNC(=O)C1=CC=CC(=C1)C2(N=N2)C(F)(F)F,Z7648122401
CN1C(=CC=2C=CC=CC21)C(=O)N3CCC(C3)N4C=C(N=N4)C=5C=CC(C#N)=CC5,Z7857658154
CC1=NC=2C(Br)=CC=CC2C(=O)N1C3CCC(=O)NC3=O,Z7957795191
O=C(CC=1C=CC(Cl)=CN1)NC2(CNC(=O)C=3C=CC(=O)NC3)CC2,Z7980622553
CC=1C=CC(=CC1)C(=O)N(C)CC2=CN(N=N2)C3=CC=C(F)C=C3Cl,Z7990584938
CC1=NC=2C(=CC=CC2C(=O)N1C3CCC(=O)NC3=O)NC(=O)C=4C=CC=5OCC(C)C5C4,Z8148777436
CN(CC=1C=NN(C)C1)S(=O)(=O)N2CCCCC2C(F)(F)F,Z8208511890
CC1CC2(CN(C2)C3=NC=NN4C=C(C=C34)C=5C=CC=CC5C(F)F)CO1,Z8244113500
CC(C)C1=NC(=CS1)CN(CC2(F)CCOCC2)C3=NC(=NS3)C4CC4,Z8310072932
O=C(CC1=CC=C2OCOC2=C1)N3CCC(CC3)N4C=C(CCO)N=N4,Z8344006040
N#CC=1C=CN=C(C1)C(=O)N2CCC=C(C2)C=3C=CC=C(O)C3,Z8352664408
CC=1C=CC(=CN1)COC(=O)CC2=COC=3C(F)=C(F)C=CC23,Z8352668915
CC1=CC=C(CNC(=O)NCCC2=NN=C(N2)C3CCCO3)S1,Z8393437726
CCS(=O)(=O)C=1C=CC=CC1OC=2C=CC(=CC2)NS(=O)(=O)C=3C(O)=NOC3C,Z8427841054
COC(=O)C=1C=CC=C(C1)C2=NC(=CS2)C3=CN(CC4CCCCNC4)N=N3,Z8458599667
CC=1C=C2C=C(C=CC2=CN1)C(=O)N3CCC(C)(C3)NC(=O)C4=CC=C5C(=C4)N=NN5C,Z8485185081
CC(NC(=O)CC1=CCCCC1)C2=NC=3C=CC=CC3N2,Z1138844877
CN(C)C=1C=CC(=CN1)C(=O)N2CCOC(CC(=O)O)C2,Z1274798509
CN1N=CC=C1S(=O)(=O)N2CCCC=3C=C(C=CC32)C(=O)O,Z1134917425
O=C(O)C=1C=CC(=CC1Cl)NC(=O)CC2=CNC=3C=CC=CC23,Z816002428
COC1=CC(=CC(OC)=C1C)C(=O)NC=2C=C(Cl)C=C(C2)C(=O)O,Z1445458425
COCC1(CCN(C1)C(=O)NCC2CC=3C=CC=CC3O2)C(=O)O,Z2153577946
CC=1SC=2N=C(CN(C)CC(O)CN3CCOCC3)NC(=O)C2C1C,Z1525821763
CC1=NC=CN1C=2C=CC(=CC2F)CNC(=O)CN3C(=O)NC4(CCC=5C=CC=CC54)C3=O,Z826163916
BrC=1C=CC=C2C1OCCC2NC=3N=CN=C4NN=CC34,Z2000136706
CCOC1CC(CNC2=NC3=CC=CC(F)=C3N2C)(C1)N4CCOCC4,Z2000080312
O=C(NC=1C=CC(=CC1)CN2C=CC=N2)C=3C=C(ON3)C=4C=CN=CC4,Z771406000
COC=1C=CC=CC1N2N=CC(C(=O)NCC3(CC=4C=CC(F)=CC4)CC3)=C2C,Z1984383425
O=S(=O)(NC=1C=CC(=CC1)C2=NN=CS2)C=3C=NN(C3)C4=CC=CC=C4F,Z1981669906
CC=1SC=2N=C(NC(=O)C2C1C)C(C)NC=3C=CC=4CCC(=O)NC4C3,Z1282031976
CC=1C=CC=C(C1)C(NC(=O)N2CCNC(=O)C2C)C=3C=CC=C(C)C3,Z1373250640
CCOC1CC(NC(=O)C=2C=NN(C2)C=3C=CC=CC3)(C(=O)O)C1(C)C,Z1991884911
CC(C=1C=CC(F)=C(F)C1)N(C)S(=O)(=O)C2=CN=NN2C,Z1788069936
CS(=O)(=O)C=1C=CC=2OCCN(C(=O)C3OCCC4=CC=CC=C43)C2C1,Z1493328946
CNS(=O)(=O)C=1C=CC(=CC1C)NC(=O)C=2C=CC(=CC2)C3=CSC(C)=N3,Z1996555994
CC=1C=C(C=CC1NS(=O)(=O)C=2C=CC(=CC2)C(=O)N(C)C)OC(C)C=3C=CC=CC3,Z1996092791
CC=1C=CC=C(C1)OC=2C=CC=CC2C(=O)NC3CNC(=O)C3,Z1997335168
CCC1(C)CN(CCO1)C(=O)NCC(C)OC=2C=CC(=CC2)OC,Z1797330900
CN1C(=NC=2C=CC=C(F)C21)N3CCC(CC3)S(N)(=O)=O,Z1999956272
CNC(=O)CNC(=O)C=1C=CC=C(C1)NS(=O)(=O)C=2C=CC=3NC(=O)C=CC3C2,Z1999925136
CC=1C=CC(F)=CC1C(=O)NC2=CC=NN2C3CCS(=O)(=O)C3,Z1297282005
CCN1C=NC=2C(=NC=NC21)NCC=3N=CN(CC4=CC=CC(F)=C4)N3,Z1765525784
CC1=NC=2CCCC(C2S1)N(C)S(=O)(=O)C=3C=NC(=NC3)C=4C=CC=CC4,Z1765822953
CCN(CC)C1CCN(C1)C(=O)NCC=2C=CC(C)=C(C2)S(C)(=O)=O,Z1884542152
CN1CC(CNC(=O)C=2C=CC(=O)N(C2)C=3C=CC(F)=CC3)CC=4C=CC=CC41,Z1767616300
CC(C)(C)C1CN(C(=O)C=2C=CC(=NC2)C(N)=O)C=3C=CC=CC31,Z1887294179
CC1COCCC1C(=O)NCC2=NC=C(N2)C=3C=CC=CC3,Z1887927233
COC=1C=CC=C(C1)C(O)CNC(=O)C=2C=NN(C)C2CC=3C=CC=CC3,Z1888971568
COC=1C=CC=CC1C2=NC(=NO2)C=3C=CC(=CC3)C4=NN=CO4,Z1890906327
COC=1C=CC=C(C1)C2=NC(=NO2)C=3C=CC(=CN3)OC(F)F,Z1891263308
CC=1C=C(F)C=CC1CC2=NOC(=N2)C3CCC4=NC=CN4C3,Z1890978956
O=C1NC(=O)C2(CCC(CC2)C3=NC(=NO3)C4=CC=C(Cl)O4)N1,Z1891108329
CC=1C=C(Cl)C=CC1CC2=NOC(CC=3C=CC(O)=CC3)=N2,Z1891117717
CC=1C=NN(C1)CC2CN(CCO2)C(=O)NC(C)C=3C=CC(C)=C(F)C3,Z1390242193
COC=1C=CC(=CC1OC)C2(CCCC2)C3=NOC(CC4CCOCC4)=N3,Z1891297878
COCC(C)N1C=CC(=N1)NC(=O)N2CCNC(=O)C2CC(C)C,Z1781025315
CC=1C=CN2C(=NN=C2C1)NC(=O)C(C(C)C)N3CCCC3=O,Z1392051351
CCCC1(COC)CCCN1C(=O)C=2SC(=CC2C)S(N)(=O)=O,Z1894170917
CCCC1(COC)CCCN1C(=O)C=2NC(=O)NC(=O)C2N,Z1894168637
O=C(CN1CCCNC1=O)N2CCCC(C2)NC(=O)C=3C=CC4=CC=CC=C4C3,Z1392753046
BrC=1C=CC=CC1C2CCCN2C=3N=CN=C4NN=CC34,Z1396701567
CC=1C=CC=C(C1)S(=O)(=O)NC=2C=CC=C(C2C)N3CCNC3=O,Z1899280896
COC=1C=CC=2C(=NNC2C1)NC(=O)C=3C=CC(=CC3)CN4C=CN=C4,Z1894897753
ClC=1C=CC=C2C1C=C3CN(CC4=NN=C(O4)C=5C=CC=CC5)CCN32,Z1895035473
CCN(CC)CC(=O)N1CCN(CC1)C(=O)C2=CC=NC(C)=C2,Z1926946683
CC=1C=C(C=CN1)C(=O)N2CCCN(CC2)C(=O)CC=3C=CC=C(F)C3,Z1927317010
O=C(N1CCC(C1)N2C=NC=3CCCCC32)N4CCC5=CC=CC=C5C4,Z1930491350
CN1N=C2C=CC=CC2=C1C3=NOC(=N3)C4=CC=CC(=O)N4C,Z1930863292
CCC=1C=CC=C(C1)S(=O)(=O)NC2CCCN(CC(F)(F)F)C2=O,Z1478463880
CN1C(=O)NC=2C=C(C=CC21)C(=O)NC=3C=CN(CC(F)(F)F)N3,Z1479555117
O=C(C=1C=NN2CCCC12)N3CCC=4NC=5C=CC(F)=CC5C4C3,Z2254604285
CC1=NC(=NO1)C(C)(C)NC(=O)CC=2C=CC(=CC2)C(=O)O,Z2256262161
CC=1C=CC(F)=C(C1)CC(=O)N2CCN(CC2)C=3C=C(N=CN3)N4CCOCC4,Z2269340721
NC(=O)NC(CO)C(=O)N1CCN(CC1)C=2C=CC(F)=CC2Cl,Z2272120140
CCC(CC)(CNC(=O)C=1C=CC=2C=CCCC2C1)C(=O)O,Z2272699024
CC(C)C=1N=CSC1C(=O)N2CCC(CCCN3C=CN=C3)CC2,Z2272868260
BrC=1C=CC=C(C1)C2CCN(C2)C=3N=CN=C4N=CNC34,Z2273867144
CN1N=C(C(=O)NC2=CN=C3CCCCC3=C2)C=4CCCCC41,Z2273946656
CN1C=C(C(=N1)C(F)(F)F)S(=O)(=O)NC=2C=CC(=CC2)C(C)(C)C(=O)O,Z2275176592
"CC1=NOC(=N1)C2CN(C2)C(=O)[C@H]3CCCC[C@H]3C=4C=CC=CC4 |&1:12,17,r|",Z2276402230
O=C(C=1C=CSN1)N2CCC(CO)(CC=3C=CC=CC3)CC2,Z2276516674
O=C(C=1OC=NC1C=2C=CC=CC2)N3CCOCC43CC4,Z2278587945
"CO[C@@H]1CN(C[C@H]1O)S(=O)(=O)C=2C=CC=3NC(=O)NC3C2 |&1:2,6,r|",Z2279301299
O=C(NC=1C=CC=C(C1)C2=NN=C3CCCN23)N4CCCCC4C5CCCC5O,Z2290738086
COC=1C=CC(NC(=O)N2CCOCC2C=3C=CC(F)=CC3)=C(C)N1,Z2292655273
CN(CC(C)(C)C#N)C(=O)NC=1C=C(C=CN1)C(F)(F)F,Z2293222063
CC1(CNC(=O)N2CCCC2C3=CC=CS3)CCC(=O)N1,Z2295072189
CC=1SC(=NC1C=2C=CC(Cl)=CC2)NC(=O)CN3CCC(C)(C3)C(=O)O,Z2295222660
CC1(C)CC(CC(C)(C)N1)NC(=O)NC2=NN=C(S2)C3CCOCC3,Z2295297194
N#CC=1C(F)=CC=CC1N2CCN(CC2)C(=O)NC=3C=CC=4CCCC4N3,Z2296009542
CS(=O)(=O)CC1CCCCN1C(=O)C2=CSC=3CCCCC23,Z2297494602
CN(C)S(=O)(=O)C=1C=CC(=CN1)C(=O)N2CCCC3=CC=CC=C3CC2,Z2297804651
CNC(=O)CN1CCC(CC1)NC(=O)C=2C=CC(=CN2)OC=3C=CC=C(F)C3,Z2301986514
CC(NC(=O)C1CCCC1)C(=O)N2CCC(C(F)(F)F)C3(CCOCC3)C2,Z2304193493
O=C(NCC1=COC=2C=CC=CC12)N3C4CCC3COC4,Z2306425080
CC=1C=CC(CNC(=O)N2CCCN(CC2)S(C)(=O)=O)=NC1C,Z2311235312
"CC[C@@H]1OCC[C@H]1NC(=O)N2CCN(CC2)C(=O)C=3C=CC=C(Cl)C3 |&1:2,6,r|",Z2311521103
CC1NC(=O)N(CCN2CCN(CC2)C=3C=CC(C#N)=CC3F)C1=O,Z2311792678
O=C(NC1=NC(=NS1)C2=CC=CC(Cl)=C2)N3C4CCC3COC4,Z2312664683
N#CC=1C=CC=2NC(=O)CN(C(=O)C(C3CCC3)C4CCC4)C2C1,Z2326409436
O=C(CN1C(=O)NC2(CCCCC2)C1=O)N3CCC(CC3)C4=CC=NC=N4,Z2334850003
CC1=NC(=NN1)C2CCN(C2)C(=O)C=3C=C(F)C(F)=CC3Br,Z2335326142
CC[C@H](NC(=O)N1CCOC2(CCCOC2)C1)C=3C=CC=CC3,Z2348664657
CC(=O)N1CCCN(CC1)C(=O)NCC=2C=NC=CC2C(C)(C)C,Z2348775457
CC(C)CC1=NC(=CS1)C(=O)N2CC(O)CC2C=3C=CC=CC3,Z2349744913
O=C1CCCN1CC(O)COC=2C=CC3=C(C2)OC(=O)C=4CCCCCC34,Z2351188334
CC=1C=CC=C(Cl)C1S(=O)(=O)NC=2C=C3CCCCN3N2,Z2352017928
CC1=NOC(C)=C1C(C)C(=O)NC=2C=CC=C(C2)C(C)C(=O)O,Z2352633171
CC(C(=O)O)C=1C=CC=C(C1)NC(=O)CC=2C=CC=3OCCOC3C2,Z2352634073
O=C(O)[C@H]1C[C@H](C1)NC(=O)C2CCN(CC2)C(=O)CCC=3C=CC=CC3,Z2352638532
O=C(O)[C@H]1C[C@H](C1)NC(=O)C2CCCN(C2)C(=O)C=3C=CC(Cl)=CC3,Z2352640221
O=C(O)CCNC(=O)N1CCCC(C1)OC=2N=CC=CC2F,Z2353393619
CCC(C(=O)N(C)C1=CC=CN=C1OC)N2CCCC2=O,Z2355136045
O=C(CC1CCCC(=O)N1)N2CCOC=3C(F)=C(F)C=CC32,Z2356966351
CC=1C=CC=C(Cl)C1S(=O)(=O)N2C[C@H]3C(=O)NC(=O)[C@H]3C2,Z2358910539
CC(C)SCCNC(=O)NC1=CC=CC=2C(=O)N(C)CC12,Z2361246067
CC(C)C1=C(C=NN1C=2C=CC(Cl)=CC2)NC(=O)C(C)C(=O)O,Z2361457671
O=C(NCC1CCOC2=CC=CC=C21)N3CCC(CC3)C4CCNC4,Z2361827688
C[C@H](NC(=O)N1CC(C)OC(C)(C)C1)C2=NC=3C=CC=CC3N2,Z2366469463
CC(CC1=CN(C)C=2C=CC(F)=CC12)N3C(=O)CNC3=O,Z2368024489
CC1=CN(C)N=C1C(=O)NS(=O)(=O)CCC2CCCCC2,Z2368776112
O=C(O)C(F)(F)F.CN(C(=O)CN1CCCC(CCC(=O)O)C1)C2CCCC=3C=CC=CC32,Z8879037488
CS(=O)(=O)CC1CCC(CC1)NC2=NC(=NS2)C3CCCC3,Z2370532775
CC1=CC(=NN1C(C)C)NS(=O)(=O)C=2C=CC(OCC(=O)O)=C(F)C2,Z2371524404
COC=1C=CC=2CN(CC(C)(C)OC2C1)C(=O)C=3C=CC(C)=C(C)N3,Z2373753932
CC1=NN(CC=2C=CC=CC2Cl)C(C)=C1C(=O)N3CC(C)CC(C3)C(=O)O,Z2376930532
CCC1(CNC(=O)N2CC3CCC2CN3)OCCC=4C=CC=CC41,Z2377009862
CS(=O)(=O)C1=NN(CC=2C=CC(=CC2)C(=O)O)N=C1C(F)F,Z2398582168
C[C@@H]1C[C@@H](NCC(O)C=2C=CC(=CC2)C(F)(F)F)C3=CC=CC=C3O1,Z2407056130
CN1C(=O)C=2C=C(C=NC2N(C)C1=O)C(=O)N3CCCC(C3)N4C=CN=N4,Z2407938096
O=C(C=1C=NN2C=CC=NC12)N3CCCC(C3)N4C=CN=N4,Z2407938285
"C[C@@H]1CCN(C(=O)C=2C=CC=CC2OC=3C=NN(C)C3)[C@H](C)C1 |&1:1,20,r|",Z2408031789
"CN1C=C(N=N1)C(=O)N2CC[C@@H](O)[C@H]2C=3C=CC(Cl)=CC3 |&1:11,13,r|",Z2408218629
CCNS(=O)(=O)C=1C=CC=2CCN(C(=O)C3CCC4=CC=CN=C43)C2C1,Z2409242070
CCOC=1C=C(N=CN1)NC2CCN(CC2)C(=O)C3CCC=4C=CC=NC43,Z2409601746
CN1C(=O)NCC21CCN(CC(=O)NCC3CCCO3)CC2,Z2414074637
"N#C[C@H]1CC[C@H](C1)NC(=O)N2CCC(CC2)C=3C=CC(Cl)=CC3 |&1:2,5,r|",Z2414634621
NC(=O)CC1CCCCN1C2=NC(=NS2)C=3C=C(F)C=C(F)C3,Z2433675759
CC=1C=NC=CC1CCN2CCN(CC2)C=3N=CN=C4C3C=NN4C,Z2435913953
CCN1N=C(C)C(CNS(=O)(=O)C=2C=CC=CC2C(=O)O)=C1C,Z2437382869
CCN1C(CC(F)(F)F)=NN=C1N2CCOC(C2)C(C)C,Z2444368500
CSC(CO)C(C)NCC(O)CN1C(=O)ON=C1C=2C=CC=CC2,Z2444949150
CC1OC=2C=CC=CC2N(CC(=O)NC=3N=CN(CC(=O)O)N3)C1=O,Z2446732077
O=C(C1CCC=2N=CN=CC2C1)N3CCN(CC3)C4=CC=CC(Cl)=C4,Z2453215991
CCN1C=CC(=N1)C(=O)NC=2C=CC(=CC2)C(=O)NC3CCCCC3,Z2453409496
COC=1C=CC=CC1CC2CCCN2C(=O)CC=3C=NN4C=CC=CC34,Z2455310855
CCN(C)C(=O)CNC(=O)C=1N=NN(C1C)C2=CC=C(F)C(F)=C2,Z2456274031
CC=1SC(=NC1C=2C=CC=3OCCCC3C2)NC(=O)C(C)C(=O)O,Z2466198229
O=C(CN1N=C2CCCCN2C1=O)NC3=NN=C(CC=4C=CC=CC4)S3,Z2472932510
CN1CCC(CNC(=O)C2=CN=C(S2)C=3C(F)=CC=CC3F)C1,Z2478027656
CC1=NN=C(CNC(=O)C2(CCC2)C=3C=CC=CC3Cl)N1C,Z2478737088
"CC1=CC(=CC(F)=C1)S(=O)(=O)NC(=O)[C@@H]2C[C@H]2C3CCC3 |&1:14,16,r|",Z2478985349
COC=1C=CC(=CC1)CN2N=NC(C(=O)NCC3=NN=C(N3)C(C)C)=C2C,Z2482887393
COC=1C=CC=2CN(CCOC=3C=CC=C(C3)C(=O)O)CC4(CC4)C2C1,Z2483107150
CC=1C=NC=CC1C2=CC=C(S2)C(=O)NCC3(C#N)CCCC3,Z2483963512
CC1=NN(C)C(C)=C1CNC(=O)N2CCC(CCC=3C=CC(F)=CC3F)CC2,Z2495796235
CC(C)N1C=C(C=N1)NC(=O)C=2C=C(NN2)C=3C=CN(C)C3,Z2496624913
CN1C=NC(=CC1=O)N2CCN(CC2)C(=O)CC3=CNC4=CC=CC=C34,Z2505657720
CC=1C=NC(=NC1)OC2CCN(CC2)C=3N=C(C)N=C4NC=CC34,Z2506588832
COC=1C=CC=CC1C(C)(C)N2C=C(N=N2)C(C)(C)NS(C)(=O)=O,Z2527310164
NC(=O)C(CC=1C=CC=CC1)N2C=C(N=N2)C=3C=CC=C4CCCCC34,Z2527352592
CCN1C=C(C=N1)C2=CN(N=N2)[C@@H](C)C=3C=CC=CC3Cl,Z2527358146
CCC(C1=NN=C(NCC2CCOC2)O1)C=3C=CC=CC3,Z2527963701
Br.COC=1C=CC(CCN=C2NCCCCN2)=C(Cl)C1OC,Z2568340255
CC(C)(C)C(C(=O)O)C(=O)NC=1C=CC(=CC1)OC=2C=NC=CN2,Z2569846132
COC1=CC=C2C=CC=CC2=C1CNC(=O)NC3CCN(C3)C(C)(C)C,Z2600144145
O=C(NC=1C=CC=2OCC(=O)NC2C1)C3NCC43CCOCC4,Z2605599943
O=C(CC1CCC1)N2CCCC(C2)C=3C=C(NN3)N4CCNCC4,Z2607453733
CC=1C=CC(=CC1)NC(=O)N2CCN(CC2)C(=O)C=3C=CC(=CC3)OCC(=O)O,Z2607549504
O=C(O)C(F)(F)F.O=C(O)C(C(=O)NCC1=NC(=CS1)C=2C=CN=CC2)C3CCCC3,Z8538755495
O=C(O)CC1(CCOCC1)NC(=O)C=2C=CC(Cl)=C(C2)N3CCCC3=O,Z2607688309
CC(C)C=1C=CC=2N=CN=C(C2C1)N3CC(C3)N4C=CC=N4,Z2611483213
CN1C=C(C=N1)N2CCCC(C2)NC3=CC(=O)N(C)C(=O)N3C,Z2611874872
COC=1C=CC=CC1C(C)NC(=O)CN(C(C)C)S(C)(=O)=O,Z2613895865
"O=C(NC=1C=CC=CC1Cl)[C@H]2OCC[C@H]2CN3C=CC=N3 |&1:10,14,r|",Z2617697118
NC(=O)CC1(CCOCC1)NC(=O)C=2C=C(Br)C=C3NC(=O)NC23,Z2632459913
CC(C(=O)N1CCC2(CC1)OCC=3C=CC=CC32)N4C=NC5=C(N)N=CN=C54,Z2633370146
CN(CC=1C=CC=C(O)C1)C(=O)C=2C=CC=C(C2)N3CCCC3,Z2633381045
"CC(NC(=O)[C@@H]1CCCC[C@H]1C(F)(F)F)C=2C=CC(=CC2)N3C=CN=N3 |&1:5,10,r|",Z2635035208
CCN1CCCC1CN(CC=2C=CC(O)=CC2)C(=O)C=3C=NC=C4SC=CC34,Z2635056289
CCN1C=C(C=N1)C2CSCCN2C(=O)C3CCC(CC3)C(F)(F)F,Z2637225446
CNC(=O)C1=CC=2C=C(C=CC2N1)NC(=O)C3=NN4CCCNC4=N3,Z2637887885
CN(C)C1=NNC(=N1)C2CCN(CC2)C(=O)CCN3C=NC4=C(N)N=CN=C43,Z2638521299
O=C(NC(C=1C=CC(F)=C(Cl)C1)C2CC2)C3=NN4C=CC=NC4=N3,Z2640898373
CN1CCC=2NC=3C=CC(=CC3C2C1)C(=O)NC4CCC5=CC=CC=C5NC4=O,Z2642343808
O=C(C=1C=CC=2CC=3C=CC=CC3C2C1)N4CCC5NC(=O)CCC5C4,Z2645267495
COC=1C=CC(=CC1F)C2CCCN2C(=O)C=3C=NC=4SN=C(C)C4C3,Z2645520571
CC1(C)C(CNC(=O)C2=CC=CC=3NC(=O)NC23)C1(F)F,Z2646853310
CC=1C=C(C=CN1)C(=O)N2CCC3(CCC=4C=CC=CC4O3)CC2,Z2647486292
CC(C)C(NC(=O)CN1CC=2C=CC=NC2N3C[C@H](O)C[C@H]3C1)C=4C=CC=5OCCOC5C4,Z2651459962
CCN1N=CC(Cl)=C1C(=O)NCC2=CN(N=N2)C=3C=CC(=CC3)OC,Z2659023108
O=C(C=1C=CC=C(C1O)C(F)(F)F)N2CCOC(C2)C3CCCCC3,Z2669150222
O=C(NC(C=1C=C(F)C=CC1F)C(F)F)C2=NC=3C=NC=CC3S2,Z2669353907
CN(C(=O)C1CCC(=O)N(C1)C2=CC=CC(F)=C2)C3=NC=CN3C,Z2673153533
O=C(O)C1CCCN1C(=O)C2=CC(=CC=C2Cl)C(F)(F)F,Z2685902118
O=C1NCCCN1C=2C=CC=C(C2)C=3C=CC(=CC3)OC4CC4,Z2687621019
CC1(C)OC=2C=C(C=CC2NC1=O)C=3C=CC=4COCCC4C3,Z2687621764
CC(C1CC1)N2N=CC=C2NC(=O)C3=NOC=4CCOCC34,Z2690967723
CCC=1C=CC(=CC1)NC(=O)CN2CC(=O)N(C)C=3C=CC=CC3C2,Z2691228016
"NC(=O)[C@H]1CC[C@H](O1)C(=O)N2CCN(CC2)C(=O)C=3C=CC(=CC3)C(F)(F)F |&1:3,6,r|",Z2698944735
NC(=O)C1=CN(N=N1)C2CCN(CC2)C(=O)NC3CCC4CC4C3,Z2699936029
COC[C@@H]1C[C@@H](O)CN1C=2C=CC3=NN=C(C=4C=CC=C(F)C4)N3N2,Z2700033659
O=C1NCCC1(C2=NC(=NO2)C3(CCOCC3)C=4C=CC=CC4)C5CCCC5,Z2701018814
CN1C(=NN=C1N2CC(=O)N(C)C=3C=CC=CC3C2)C=4C=NNC4,Z2701753862
"NC(=O)[C@H]1CC[C@H](O1)C(=O)N2CCC=3C=C(C=CC32)C=4C=CC=C(F)C4 |&1:3,6,r|",Z2706748858
CC(C)CC=1C=CC=CC1CNC(=O)NC=2C=CC(=CC2)C(=O)N(C)C,Z2708295950
CN(C1=NC(=CS1)C(=O)N2CC3(CC3(F)F)C2)C=4C=CC=CC4,Z2715323483
CCOC(=O)C1=C(C)NC(C(=O)N2C[C@H](O)C[C@H]2C(N)=O)=C1C,Z2718220835
CC(C)COC=1N=CC=CC1C(=O)N2CCC(F)(F)CC2C,Z2719909500
COC=1C=CC=C2CN(CC12)C(=O)C=3C=CC(=NC3)NC4CC4,Z2720561875
CC1=NC2=NC(=NN2C(C)=C1C)SCC=3C=CC(=NC3)C(F)(F)F,Z2720593050
COC=1C=CC(C=2C=NN(C2)CC3CCOC3)=C(C1)CO,Z2723055850
CC1CC(C(=O)N(CCC(=O)O)CC=2C=CC=CC2)C(C)O1,Z2723619402
CC(O)C(NC1=NC(=NO1)C=2C=CC=C(Cl)C2)C=3C=CC=CC3F,Z2746830536
OCCC(NC=1N=CN=C2NC=3C=C(F)C=CC3C12)C=4C=CC(Cl)=C(F)C4,Z2747216439
CC1=CC2=C(CC(C)(C)CC2NC(=O)CN3C=C(C=N3)C(=O)O)O1,Z2755276423
CC=1C=C(C(=O)NC=2C=CC(OCC(=O)O)=C(Cl)C2)N(N1)C3CCOCC3,Z2755353349
CC=1C=CC(F)=C2NC(=CC12)C(=O)NC(CC3CC3)C(=O)O,Z2755375064
COC=1C=C(C=CC1CCNC(=O)C2=CN=C3CCCCN23)C(=O)O,Z2755407008
CC(C(=O)NCC=1C=CC(=CC1)CC(=O)O)N2C=CC=N2,Z2755487291
CC=1C=NN(C1)CCC(=O)N2CCC(C(=O)O)C3CCCC32,Z2755548606
"CC=1C=C2N=CC(C(=O)NC=3C=CC(=CC3)[C@@H]4C[C@H]4C(=O)O)=C(C)N2N1 |&1:16,18,r|",Z2755633207
CN(C)C(=O)[C@H]1CC[C@H](O1)C2CCN(CC2)C=3C=CN=C(C3)C(N)=O,Z2762005175
CN(C)C(=O)[C@H]1CC[C@H](O1)C2CCN(CC2)C=3N=CN=C4NN=CC34,Z2762006508
CN1C[C@@H](NC(=O)C2=CC=3COCCC3N2)[C@@H](C1)C4=CN=CN4C,Z2763713840
O=C(O)CN1CCC(CC1)NC(=O)NC=2C=CC(=CC2F)C3CC3,Z2763790324
CC=1C=CC=C(C1)C(=O)N2CCCN(CC2)C(=O)C3=NC=CC=C3N,Z2764994936
CC=1N=C(OC1C(=O)N[C@H]2CCC[C@H]2OC=3C=NNC3)C4CC4,Z2766147981
CC=1C=CC(F)=C(C1)CC(=O)NC[C@H]2CC[C@H](O2)C3=NC=NN3,Z2766250126
COC=1C=CC=2NC(=CC2C1)C(=O)NC[C@@H]3C[C@@H](CN3C=4C=CN=CN4)OC,Z2766343510
COC=1C=CC=NC1C(=O)N2CCC(CC2)C3=NC(=NN3)C=4C=CC=CC4,Z2767414037
COC(=O)C1CCN2C(COCC=3C=CC=CC3)=NN=C2C1,Z2768784290
COC(=O)C1CCC2=NN=C(C=3C=CC=4OCOC4C3)N2CC1,Z2768785651
CCC1=NN(CC2=COC(=N2)C=3C=CC=C(C3)OC)C(=O)C(C#N)=C1CC,Z2769155505
N#CC=1C=C(C=C(N1)N2CCCN(CC2)C3CC3)C(F)(F)F,Z2769605576
CC1=CC=C(O1)C2=NC(C)=C(S2)C(=O)N3C4C=CCC3CC4,Z1500830635
CC=1NC(=O)C(C#N)=C(C)C1CCC(=O)N2CCNCC2C3=CC=CN=C3,Z2441146857
O=C(C=1C=CC=NC1)N2CCN(CC2)C(=O)C3CCCN(C3)C(=O)N4CCCC4,Z512790918
CN(CC1=CN(N=C1C2=CC=CS2)C=3C=CC=CC3)C(=O)C=4C=CC=5NC(=O)N(C)C5C4,Z1497426197
COC=1C=CC(=CC1NC(=O)C=2C=CC(=CC2)C=3N=CN(C)N3)C4=NC=5C=CC=CC5N4,Z2003921776
O=C(NCC=1C=COC1)N2CCC(CC2)C3=CNC4=CC=CC=C34,Z558480038
COC=1C=CC(O)=C(C1)CNC(=O)NC=2C=C3C(=CC2N4CCCCC4)N(C)C(=O)N3C,Z2004297285
CC1=CSC(=N1)C=2C=CC(=CC2)NC(=O)C=3C=C(C=CC3C)S(C)(=O)=O,Z997446904
O=C(C=1C=CC(=NC1)NCC2CC2)N3CC=C(CC3)C4=CNC5=CC(F)=CC=C45,Z2005390883
CC=1C=CC(=CC1N2C=NN=N2)NCC=3C=CC=C4C=CC=CC34,Z368756308
CC=1C=C(C=CC1CNC(=O)NC2CCCCCC2)S(N)(=O)=O,Z1898435089
COC(CSC1=NC=2C=CC=CC2C(=O)N1C)C=3C=CC(Cl)=CC3,Z2010153110
CS(=O)(=O)C=1C=CC(=CC1)CNC(=O)N2CCC(CN3C=CN=N3)CC2,Z1505747458
O=C(C1=CC=C(NC1=O)C=2C=CN=CC2)N3CCNCC3C=4C=CC=C(Cl)C4,Z5292495716
O=C(C=1C=CC2=NN=NN2C1)N3CCOC4(CCC5=CC=CC=C54)C3,Z1507807096
CC1=CN(N=C1C(=O)N2CC=3C=CC=CC3C[C@H]2C(N)=O)C=4C=CC(F)=CC4,Z2012999690
CC1=C(CNC(=O)C=2C=CC=C(C2)N3C=NN=N3)OC=4C=CC(F)=CC14,Z838877582
CC(SC1=NN=C(O1)C2=CNC=3C=CC=CC23)C(=O)NCC(F)(F)F,Z19303555
CC=1C=CC=CC1C(=O)NC2CCN(CC2)C(=O)C(C)OC=3C=CC=C(C3)CO,Z1511791152
CC(CN1CCCC(C)C1)NC(=O)NCC=2C=CN=C(C2)N3C=CC=N3,Z813937642
CC1OC=2C=CC=CC2N(CC(=O)NCC=3C=CC(=NC3)N4C=CN=C4)C1=O,Z295543332
COC=1C=CC(F)=CC1C(=O)NCC=2C=CC(=NC2)N3C=CN=C3,Z363643048
CC=1C=CC(=CC1NC(=O)C=2C=CC=C(C2)C(N)=O)C=3C=CN=CC3,Z1015024696
CCC=1C=CC=CC1[C@@H]2C[C@H]2C(=O)NC3CCN(C)C3=O,Z2017142220
CCCN(C)C1=NN=C(C=2C=CC(=CC2)[N+]([O-])=O)N1CC,Z2018162706
COC=1C=C(C=CC1F)N2CCN(CC2)C(=O)CN3CC4=CC=CC=C4C3=O,Z2020035771
O=C(CNC(=O)C=1N=NNC1C=2C=CC=CC2)N3CC=4C=CC=CC4C3,Z1972841129
O=C(CN1CCC(CC1)C=2C=CC=CN2)NC(=O)NC=3C=CC=4OCOC4C3,Z1511509440
CC=1C=CC(C)=C(C1)OC2CCN(CC2)C(=O)NC=3C=CC(F)=CC3,Z813103896
CN1C=C(C(=O)NCC=2C=CC=C(C2)C(N)=O)C(=N1)C(F)F,Z1515423521
COC=1C=CC=2OCC(CC2C1)C3=NN=C(O3)C=4C=CC=CC4F,Z1661264855
NC(=O)C1(CNC(=O)C=2C=CC=CC2COC=3C=CC=CC3)CCOCC1,Z647919406
CC1CN(CC(C)O1)C(=O)C2CCN(CC2)C(=O)C3=CC=CN=C3,Z356358682
O=C(C1=CNC=2C=C(Cl)C=CC12)N3CCC(CC3)N4C(=O)NC=5C=CC=CC54,Z954520330
O=C(NC=1C=CC(F)=CC1)C2CCC=3C=CC=CC3N2C(=O)C4CCN(CC4)C=5N=CC=CN5,Z1037868842
O=C(NC1CCCC2=C(O)C=CC=C21)C3CCN(CC(F)(F)F)CC3,Z1841875786
CC[C@H](C)[C@H](NC(=O)CSCC1=CC(=O)N2C=CSC2=N1)C(=O)O,Z1444321677
CC(OC=1C=CC=CC1Cl)C(=O)NC2CCN(CC2)C(=O)C=3C=CN=CC3,Z651455692
CN(C)C(=O)C1CCN(CC1)C(=O)NCC2(CCCCC2)N3CCCCC3,Z183415808
CN(CC1=NC=CN1C(F)F)C(=O)NCC2(CCCCC2)N3CCOCC3,Z447370154
COC=1C=CC(=CC1)CN2CCCN(CC3CCCNC3)CC2=O,Z2445084878
CC=1C=C(N=C(N1)C(C)C)N2CCN(CC2)C(=O)NCCC3=CC=CO3,Z183476130
CN1C=CN=C1C2CCN(C2)C(=O)NCC=3C=CC=C(F)C3,Z1518076217
CC=1N=CC=2CC(CCC2N1)NC(=O)N3CC4(CCCC4)C=5C=C6OCCOC6=CC5C3C,Z499057712
CC=1C=CC=C2N=CN=C(C12)N3CCC(CC3)OCCO,Z1521892190
O=C(C=1C=C(Cl)C=CC1N2C=NN=N2)N3CCC(C3)N4CCCC4,Z1050861240
CNS(=O)(=O)C=1C=CC(C2=CC=CS2)=C(C1)C(=O)NC3CCC4=NC(C)=NN4C3,Z1050895602
COC=1C=CC(=CC1)C2CC(=NN2C(=O)CN3C=NC(C)=C3C)C=4C=CC=CC4,Z1143363427
CCOC=1C=C(C=CC1OC)CNC(=O)C2CCC=3NN=CC3C2,Z1522046520
CC=1N=CC(=CN1)NC(=O)C=2C=CC=C3C2OC(=O)N3C,Z1521957618
O=C(NC1CCN(C1=O)C2CC2)C(C=3C=C(Cl)C=C(Cl)C3)N4CCOCC4,Z1522950465
CNC(=O)C=1C=CC(=CC1)CN(C)C(=O)NCC=2C=CC=CC2N3C=CN=C3,Z814230686
CC=1N=CC=C(CNC(=O)N2CCC(CC2)C3=NC4=CC=CC=C4S3)N1,Z749321320
O=C(NCC=1C=CC(O)=C(F)C1)C2(O)CCC=3C=CC=CC3C2,Z2033405969
CNC(=O)C=1C=CC(=CC1)CNC(=O)C2CCCN(CC(F)(F)F)C2,Z808883702
CCS(=O)(=O)N1CCC(CC1)NC(=O)NC(C=2C=CC=CC2C)C3CC3,Z1186113012
CC1=NN(C)C=2N=CC(=CC12)S(=O)(=O)NC3=CC=NN3CC=4C=CC(C)=CC4,Z1066098324
CN1N=CC=C1S(=O)(=O)NC2=CC=CC(Cl)=C2N3CCOCC3,Z1067841570
CC=1C=CC(=CC1C(N)=O)NC(=O)C2CCCN2C(=O)CC=3C=CC=CC3,Z1067435776
CN1C=NC(=C1)C(=O)N2CCN(CC2)C(=O)NC3CCCCC3,Z1461727948
CN1C=CC(=CC1=O)CN2N=C(C=C(C2=O)C(F)(F)F)C3CC3,Z734992042
CCNC(=O)NC(=O)CN1CCOC(C1)C=2C=CC=C(F)C2,Z1070607738
O=C(CCN1CCOC(C1)C=2C=CC=C(F)C2)NC=3C=CC=CC3,Z1070600430
CS(=O)(=O)CC(=O)N(CCC=1C=CC=CC1)CC=2C=CC=CC2,Z417008312
CC=1OC(=NC1CN2CCCC2C=3N=C(N)N(C)N3)C=4C=CC=CC4,Z2036939653
O=C(CN1CCC(CC1)C2=NC(=NN2)C=3C=CC=CC3)N4CCNC4=O,Z1070552628
CN1N=CC=C1C(=O)NC=2C=CC=3NC(=NC3C2)C(F)F,Z1530035499
CC=1C=C(C)C(NC(=O)C=2C=C(C=C(C)C2C)S(C)(=O)=O)=C(C)N1,Z1530272537
CC1CN(CC(C)O1)C(=O)C=2C=CC(=CC2)NCC3=NN=C4N(C)C(=O)C=5C=CC=CC5N34,Z739852458
CC(NC(=O)C=1C=CC(=CC1)CN2CCCC2=O)C=3C=CC(=CC3)NC(=O)C=4C=CC(F)=CC4,Z740145986
CC=1C=NC(CCNC(=O)C=2C=CC=C(C2)N3NC(=O)C=CC3=O)=NC1,Z1531505937
O=C(NC=1C=CC=CC1)C=2C=CC(=CC2)C(=O)NC3=NC4=CC=CC=C4C(=O)N3,Z1530729611
O=C1CCC=2C=C(C=CC2N1)S(=O)(=O)N3CCOC4=CC=CC=C4C3,Z741884582
CC=1C=CC(=NC1)NC(=O)C2CCN(CC2)S(=O)(=O)C=3C=CC=4NC(=O)NC4C3,Z741630150
O=C(CN1CCOC(C1)C=2C=CC(Cl)=CC2)NCC=3C=CC=CN3,Z1084089000
CN1C=C(C=N1)CCC(=O)N2CCC(CC=3C=CC=C(F)C3)CC2,Z748520130
CN1C=CN=C1C=2C=CC=C(C2)NC(=O)C3=CC=4C=CC=CC4C(=O)N3,Z1083599838
O=C(NC=1C=NN(C1)CC2CCCO2)C3CCC(NC3=O)C(F)(F)F,Z748568670
CC1=NN(C)C=C1C(C)NC(=O)NCC=2C=CC(=C(F)C2)N3C=CN=C3,Z1084951308
CC(O)(CNC(=O)C1CCN(CC1)C(=O)C=2C=CC=CC2)C(F)(F)F,Z1535765507
CS(=O)(=O)CCNC(=O)NCC=1C=CC(=C(F)C1)N2C=CN=C2,Z934009378
CC=1C=CC=C(N1)NC(=O)C2CCCN(C2)C3=NC4=CC=CC=C4S3,Z425221424
CCS(=O)(=O)NC1=CC(=CC=C1S(=O)(=O)N2CCCC(C)C2)OC,Z1537231767
CC(NC(=O)C1(CC1)C=2C=CC(=CC2)N(C)C)C=3N=CNN3,Z2222482612
CCN1N=C(C)C=C1C(=O)NC=2C=CC(=CC2)CCC(N)=O,Z1090788676
CNC(=O)COC=1C=CC=C(C1)CNC(=O)CNC(=O)C2=CC=C3OCOC3=C2,Z757760298
O=C(NC=1C=C(C=CC1F)N2C=NN=N2)N3CCN(CCC=4C=CC=CC4)CC3,Z1093864098
O=C(CN1CC(O)CC1CO)NC(=O)NC=2C=CC=3OCCOC3C2,Z1540769374
CC=1N=C2C=C(F)C=CC2=CC1C(=O)NC=3C=CC(=CC3)CNC(N)=O,Z899583746
CN1N=C(CC(=O)NCC=2C=CN=C(C2)N3C=CN=C3)C4=CC=CC=C4C1=O,Z845682330
COCC(=O)N1CCC(CC1)NC=2N=CN=C3CCCC23,Z1096970347
CC(C)(C)OCC=1C=CC(=CC1)NC(=O)C=2C=CNC(=O)C2,Z1420725487
CS(=O)(=O)CC(NC(=O)C=1C=CC2=NNC(=O)N2C1)C=3C=CC=CC3,Z1543021704
O=C(CSC=1N=CC=CN1)N2C=3C=CC=CC3CCC=4C=CC=CC42,Z57148814
COC=1C=CC(C)=CC1S(=O)(=O)N2CC(O)CC2C=3C=CC(F)=CC3,Z1998349338
O=C(NC1=NC(=CS1)C2=CNC=3C=CC=CC23)C=4C=CC=C(F)N4,Z1545193147
CC1=CC(C)=CC(=C1)C(=O)NCC(=O)NC=2C=CC(=CC2)CN3C=CN=C3,Z62817823
O=C(NCCC=1C=CC(=CN1)C(F)(F)F)C2=NOC=3CCCCC23,Z769056176
CNC(=O)C=1C=CC(=CN1)C(=O)NC(C)C=2C=CC(=CC2)OC(C)C,Z1102146716
NC(=O)C=1C=NN2C(=CC=NC12)C(=O)N3CCC(CC3)C4=NC=CS4,Z1546646735
O=C(COC1CCCCC1)NCC2CCN(CCC=3C=CC=CC3)C2,Z1102964311
COC=1C=CC(=CC1OC)C(=O)NCC(=O)NC=2C=CC=3NC(=O)CCCC3C2,Z1104005896
CCN1C(=O)NN=C1[C@@H]2C[C@@H](CN2CC=CC=3C=CC=CC3)OC,Z2053522505
COCCOC=1C=CC(Cl)=CC1S(=O)(=O)NC(=O)CC=2C=CC(C)=CC2,Z1548947928
O=C(NC=1C=CC2=CNN=C2C1)C3CC(=O)N(C3)C=4C=CC(F)=CC4F,Z370563932
O=C(C(O)C=1C=CC=NC1)N2CCC(CC2)C3=NC(=NO3)C=4C=CC=CC4,Z1177976981
CC=1OC(=NC1CC(=O)N(C)CC=2C(F)=CC=CC2Cl)C3=CC=CS3,Z240195306
CC1=NNC(C)=C1C2CCCN2C(=O)C=3C=CC=C(C3)OC4=CN=CC=N4,Z1550922780
COC=1C=CC2=C(C=CN2CC(=O)NCC3(CCCCC3)N4CCOCC4)C1,Z422473680
CCC1=CSC(=N1)NC(=O)N2CCC(C2)C3=NC(C)=NO3,Z2055650026
CN1C=NN=C1CNC(=O)C2CCCN2C(=O)C34CC5CC(CC(C5)C4)C3,Z395814524
CC(NC(=O)C1COCCN1C)C(OC2CCOCC2)C=3C=CC=CC3,Z1633576734
CCN1C(=O)C2CN(CCN2C1=O)C(=O)C(F)(F)C=3C=CC=CC3F,Z1552686526
CCOC=1C=CC(=CC1)C2CCCN2C(=O)C3=CC=CN3C,Z253889548
O=C(C=1C=CN=CC1)N2CCCC(C2)C3=NNC(=N3)C4CC4,Z1552983044
CN1CC(=O)N(CC(=O)NCC2CCN(CC3=CC=CS3)CC2)C1=O,Z952604036
O=C(NC=1C=CC=C(C1)CN2C=CN=C2)C=3C=CC(=CC3)CC4=NN=CN4,Z1554462949
COC=1C=CC=CC1N2CCC(CC2)NC(=O)C3=CSC(=N3)NC(C)=O,Z955717062
COC=1C=CC=CC1N2CCC(CC2)NC(=O)C=3C=CC=4NC(=O)CCC4C3,Z955719704
O=C(NCC=1C=CC(=CC1)N2C=NC=3C=CC=CC32)NC(CO)CC=4C=CC(F)=CC4,Z1556237827
COC=1C=C(C=CC1C)C(=O)NCCN2CCC=3SC=CC3C2,Z804331022
CC1(O)CCCN(C1)C(=O)NCC=2C=CC=NC2OC=3C=CC=C(C3)S(C)(=O)=O,Z1556374112
CC=1C=C(N[C@@H](CC=2C=CC=CC2)C(=O)O)N3N=CN=C3N1,Z2060334511
O=C(C=1C=CC=C(Br)C1)N2CCN(CC2)C=3C=CC(Cl)=CN3,Z875633590
CCCN1C(C)=C(C(=O)NCC2=CC=CN=C2N3CCN(C)CC3)C=4C=C(C=CC41)OC,Z878790772
O=C(NC1=CNN=C1C=2C=CC=CN2)C=3C=CC=C(C3)N4C=CC(=N4)C(F)(F)F,Z1559988206
C#CCNC(=O)CSC1=NN=C(NC=2C=CC(=CC2)C(C)C)S1,Z96517575
O=C(NC1=CNN=C1C=2C=CC=CC2)C=3C=CC=C(C3)C4=NC=NN4,Z1560090580
CCN1C(=O)NN=C1[C@@H]2C[C@@H](CN2C(=O)C=3C=C4C=CC=CN4C3)OC,Z2064087131
CC=1NN=C(C1C(=O)N2CCC(CCC(N)=O)CC2)C(F)(F)F,Z1561074002
CC(=O)N1CCC2=CC=C(C=C2CC1)S(=O)(=O)NCC(=O)O,Z2066018176
COC(=O)CN(C)C(=O)C1=CC=2C=CC=CC2C(=O)N1C,Z2066626128
CC1CC=2C=CC=CC2N1C(=O)C3=CC=4C=CC=CC4C(=O)N3C,Z2066456607
CN(C)S(=O)(=O)C=1C=CC(=C(C1)C(=O)NC=2C=CC(F)=C(C2)C(N)=O)N3CCCCC3,Z364618408
CCC=1C=CC(=CC1)C(=O)N2CCN(CC2)C(=O)C3=CC(=CC=C3F)NC(C)=O,Z804743112
COCC(=O)N1CCN(CC1)S(=O)(=O)C=2C(C)=NN(C)C2C,Z805631118
CCOC(=O)NC=1C=CC(=CC1)C(=O)N2CCN(CC2)S(=O)(=O)C=3C=CC(F)=CC3,Z101112554
CN1C=NC(CNC(=O)C2CCCN(C2)C(=O)CC=3C=CC=CC3)=N1,Z1564033572
NS(=O)(=O)C1=CC=C(CC(=O)NCC(C=2C=CC=CC2)N3CCOCC3)S1,Z395526964
COC=1C=CN=C(C1)C(=O)NCCC2=NC(=NN2)C=3C=CC(Cl)=CC3,Z2226134741
O=C(C=1C=CC=C(C1)NS(=O)(=O)C=2C=NNC2)N3CCCCC3,Z815635434
CCC=1C=CC=2OC=C(C(=O)N3CCN(CC3)C(=O)CN4C=NN=N4)C2C1,Z2069612752
CN1C=CC(=C1)CN2CCC(CC2)C3=NC(=NN3)C=4C=CC=CC4,Z1567486346
O=C(C(O)C=1C=CC=C(C1)C(F)(F)F)N2CCC=3C=CC=CC3CC2,Z2071119307
NC1=C(C=NN1C=2C=CC=CN2)C(=O)N3CC[C@@H](C3)OC(F)F,Z2226574108
CN(CC1=CC=NN1C=2C=CC(F)=CC2)CC(O)CC=3C=CC=CC3,Z2226808547
O=C(NC=1C=CC=C2C=CC=NC12)C3=CC=C(NC3=O)C4=CC=CC=N4,Z826662460
O=C(NC1=NC=C(S1)C2CCNCC2)C=3C=CC4=NN=CN4C3,Z2439259953
CC(C)C1=NC=C(S1)C(=O)N2CCC(CC3=NC=4C=CC=CC4N3)CC2,Z2227071780
CC1=CC(=C(C)S1)C=2C=C(C(=O)NCC=3C=CN=C(C3)N4C=CC=N4)C=5C(C)=NOC5N2,Z1128043220
NC(=O)C=1C=C(C=CC1Cl)NC(=O)C2=CNN=C2C=3C=CC(Cl)=CC3,Z1127971856
CC1CN(CC(C)(C)O)CCN1C(=O)C=2C=CN=C(C2)NC(=O)C3CC3,Z2074786897
O=C(NC1(CCC1)C2=NN=CN2)C3CCS(=O)(=O)C=4C=CC=CC43,Z2075054757
O=C(CNC(=O)C1=CC=CC(Cl)=C1)N2CCC(CC2)N3CCCC3=O,Z1129780017
COC(=O)C=1C=CC=C(C1)NC(=O)NC(CO)CC2=CNC=3C=CC=CC23,Z1130393176
CC=1C=CC(Cl)=CC1N2CCC(CNC(=O)C3=CC=CN4C(=O)NN=C34)C2,Z1574896382
CCC1=NN(C)C=C1C(=O)NC2CCN(CCC=3C=CC=CC3)CC2,Z1575509196
CCC1=NN(C)C=C1C(=O)NC=2C=CC3=C(C2)CCN3C(C)=O,Z1575395054
CCC1=NN(C)C=C1C(=O)NCC2=CSC(=N2)C3=CC=CO3,Z1576030175
O=C(C=1C=C(F)C=CC1F)N2CCC(CC=3C=CC=NC3)CC2,Z1576317264
CC1CCCCC1NC(=O)NC(=O)CN2N=NN(C2=O)C=3C=CC=CC3,Z151873594
COC=1C=CC(=CC1N2N=NN=C2C)NS(=O)(=O)C=3C=C(Cl)C(=CC3F)NC(C)=O,Z1134917983
CC1=C(C=NN1CCO)NC=2C=CC3=NN=C(C=4C=CC=CC4F)N3N2,Z1576991861
CCNS(=O)(=O)C1CCN(C1)C(=O)C=2C=NN3C=CC=NC23,Z1577517058
CCCOC=1C=CC=C(C1)C2=NC=3C=CC=C(F)C3C(=O)N2,Z1135598712
CN(C1(CCCC1)C(N)=O)S(=O)(=O)CC=2C=C(C#N)C=CC2F,Z1579115322
CC(NC(=O)C1=CC=CS1)C(=O)N2CCC(CC2)C(=O)NC=3C=CC=CC3,Z219387982
CC=1N=C(NC(=O)C1CC(=O)N2CCCN(C)CC2)C3=CC=CN=C3,Z839866006
O=C(CC(O)C=1C=CC(Cl)=CC1)N2CCCCC2C3=NC=CN3,Z1581214893
CC1CCN(CC21CCC2)C(=O)NC=3C=NN(C3)C(F)F,Z1580653258
CC(N[C@@H](CC=1C=CC=CC1)C(=O)N(C)C=2C=CC=CC2)C=3C=CC=NC3,Z1582847387
COC=1C=CC(Cl)=C(C1)NS(=O)(=O)C=2C=CC=C(C2)S(N)(=O)=O,Z850688152
CC1C(=O)NCCN1C(=O)NCCC=2C=CC=C3C=CC=CC23,Z1143641092
CC1=CSC(=N1)C(O)(CC(=O)N2CCC(CC2)C3=CC=CC=C3C)C(F)(F)F,Z1144773285
O=C1NC(CC2CCCC=3C=CC=CC32)C(=O)N1C4=CC=CC5=CC=CN=C45,Z1868687617
CC(NC(=O)N1CCOCC1)C=2C=CC=C(C2)N3CCCC3=O,Z859812622
O=C(NC1=NC=C(S1)C=2C=CC=CN2)C=3C=CN=C(C3)C4CC4,Z2086960551
CC=1N=C(SC1C(=O)NC=2C=CC=C(C2)C3=CC=NN3)C4CCCO4,Z2087145729
CC1(NC(=O)N(C1=O)C2=NC(=CS2)C3CC3)C=4C=CC=CC4,Z1868692584
CCC=1C=C(C=CC1F)NC(=O)C=2C=NN(C2)C=3C=CC=NC3,Z2087470189
CC=1C=C(CN2N=NC(C(=O)NCC=3C=CC(Cl)=CC3)=C2C)ON1,Z2206113354
CC(C)(C)C1=NOC(COC2=CC=CC=3OCC(=O)NC23)=N1,Z1587586834
CN(C)C1=NNC(=N1)NC(=O)C2=CC=3C=C(C=CC3N2C)C(F)(F)F,Z2087888123
COC1CCN(CC1)C(C)(C)CNC(=O)C=2C=CC(=CC2)N3CCCC(C3)C(N)=O,Z1151949304
CC1=NC(=NN1C=2C=CC(F)=CC2)C(=O)N3CCOCCC3C,Z1589218715
CC=1C=CC(=CC1)N2C(=O)N(CC3=CC(=O)N(C)C(=O)N3C)C(=O)C2C,Z214581670
NC(=O)C1=CSC(=C1)C(=O)N2CCC(CC2)N3CCC4=CC=CC=C4C3,Z908875166
COC=1C=CC(=NC1)N2CCN(CC2)C(=O)CC=3C=CC=CC3Cl,Z1688303742
CCC1(CCOCC1)NC(=O)NC=2C=NN(C2)CC(F)F,Z1590992409
O=C(O)C(F)(F)F.CN1C(CC2=CC=CS2)=NC=3C=C(C=CC31)C(=O)N4CC(CC=5C=CC(F)=CC5F)C4,Z8908497888
[Na+].[O-]C(=O)C(CC(=O)NC=1C=CC(=CC1)[N+]([O-])=O)C=2C=CC=CC2,Z3484250281
CC=1C=C(N=C(CO)N1)N2CCCC2CN3C=NC4=CC=CC=C43,Z2092005162
COCC1(O)CCN(CC1)C2=CC=NC=3C(Cl)=CC=CC23,Z2092034507
CCC(CC)N1N=C(C)C=C1C(=O)NC2=NC(=CS2)C3=CNC(=C3)C(N)=O,Z1593095225
O=C(NC1=NC(=CS1)C=2C=CC=3NC(=O)CCC3C2)C4CSC5=CC=CC=C5O4,Z965732484
CC(O)C1=CN(CC(=O)NCC2(CCCCC2)N3CCOCC3)N=N1,Z1430595411
O=C(C1=CN(CC=2C=CC=CC2)N=C1C=3C=CC=CC3)N4CCC5(CC4)NC(=O)NC5=O,Z225726650
CN1CC(CC1=O)C(=O)N2CCN(CC2)C=3C=CC(=CC3Cl)C(F)(F)F,Z2092615501
CC1=NC(=NN1)C=2C=CC(=CC2Cl)NC(=O)C=3C=CC=C(C3)C(N)=O,Z1594872079
NC(=O)C=1C=CC=CC1OC=2C=CC(=CC2)NC(=O)NCC=3C=CC(Cl)=CN3,Z1595447184
CC1=CN=C(O1)C=2C=CC=C(C2)NC(=O)C=3C=NC=CN3,Z1161109721
C#CCC(CC=1C=CC=CC1)NC=2C=CC=3N=CC=NC3N2,Z2094385670
CCS(=O)(=O)C=1C=CC(=CC1)C(=O)NC2=NC(=CS2)C=3C=CC=CN3,Z917221640
CC(NC(=O)C=1C=NN(C1N2C=CC=C2)C=3C=CC=CC3F)C(=O)NCC4=CC=CO4,Z905784088
O=C(NCCNC=1C=NC=CN1)C2=CNN=C2C=3C=CC=4OCCOC4C3,Z372656100
CN(C)C(=O)C(CC=1C=CC=CC1)NCC=2C=CC=C3NC=CC23,Z1165151678
CCS(=O)(=O)NCC(=O)N1CCN(CC(C)C1)C2CCC2,Z2210089741
CC(O)(CNCC=1C=NC=C2C=CC=CC12)C3=CC=CO3,Z1478371363
CC1=NN=NN1C=2C=CC=C(C2)NC(=O)C3=CC=NN3C,Z915524356
CCOC(=O)CCC=1C=C(N=C(C)N1)N2CCC(CC2)NC(C)C,Z2769665896
CC(C)C1CCC(CNCC2=NN=C(N2)C3CCOCC3)CC1,Z2770219626
COC=1C=CC(=CC1)CC2CCN2C(=O)C3=C(N=C4C=CC=CN34)C(F)F,Z2772834072
CC=1C=CC(=CC1N2CCOCC2)C(=O)NC=3C=NC(=NC3)N(C)C,Z2773515804
O=C(CC=1C=NN2CCCCC12)NC[C@H]3CC[C@@H](CO)O3,Z2777899017
COC=1C=CC=C2NC=C(CC(=O)NC=3C=C(C=CN3)N4CCN(C)CC4)C12,Z2783584451
CCC1(CC(=O)NN(C=2C=CN(C)N2)C1=O)C=3C=CC(C)=CC3,Z2790108350
CC=1C=C(NS(=O)(=O)CC2(CCOC2)OC(C)C)N(N1)C=3C=CC=CN3,Z2792140236
"CC=1C=C(C=CC1C=2C=CC=CC2)CNC(=O)[C@H]3CC[C@H]3C(=O)O |&1:17,20,r|",Z2792856137
[Na+].CC1=NC=2C=C(C=CC2S1)NC(=O)CC3(CCC3)C([O-])=O,Z3824025034
[Na+].CN1N=CC=2C(=CC=CC21)NC(=O)CC3(CCC3)C([O-])=O,Z3824585499
O=C(O)C(F)(F)F.O=C(O)C=1C=CC=C(C1)CNC2=NC=CN3N=C(C=C23)C4CCC4,Z9243935229
CC(C)C=1C=C(NN1)C2CCCN(C2)C(=O)C(=O)NC3=CC=CN=C3,Z2798148489
CN(C(=O)CCCC1=NN=NN1)C2CCC=3C=CC=CC3C2,Z2800089712
O=C(C1=CC(=CNC1=O)C(F)(F)F)N2CCC(CC2)OCC3CC3,Z2800412870
O=C(NC1CCN2C=CN=C2C1)C=3C=CC=C(C3)NCC4=CC=CC=N4,Z2800983118
CCC=1C=C(C(=O)NC2CCCN(C2)C3=CC(C)=NN3C)N(C)N1,Z2801153499
CC=1C=CC(=CC1F)C(=O)NC=2C=CC(=CN2)C(=O)N3CCOCC3,Z2823634315
O=C([C@H]1[C@@H]2CNC[C@H]12)N(CC3=CC=CC=C3Cl)CC4CC4,Z2826526288
O=C(C1=CC=C2NCCCC2=C1)N3CCCCC3C(F)F,Z2827183436
CC(=O)N1CCN(CC1)C=2C=CC(=CC2)NC(=O)[C@H]3[C@@H]4CNC[C@H]34,Z2828189097
CC1(C)CCC(CS(=O)(=O)NCC=2C=CC=C(C2)C(N)=O)OC1,Z2832190626
CCC(CC)(C(=O)N1CCNC(CCO)C1)C=2C=CC=CC2,Z2832190728
CN1C=C(C=N1)NC(=O)NC(C=2C=CC=CC2)C3(CO)CCCC3,Z2833644006
CNC(=O)N(C)C=1C=CC(=CC1)NC(=O)NC2=CC=NN2C(C)C3CC3,Z2838870167
CCN1CCN(C(=O)C2=CC3=CC=CC(=C3NC2=O)C(F)(F)F)C(C)(C)C1=O,Z2840020601
CC1=C(NC(=O)C(F)C(F)(F)F)C(=O)N(C2CCCCC2)N1C,Z2843306145
CCOC=1C=CC(=CC1)C2=CN(CCC3CCCO3)N=N2,Z2846486070
CC(O)C=1C=CC=CC1OCC2=CN(CC3=CN=NN3C)N=N2,Z2846877527
O=S(=O)(CCC1CCCC1)NC=2C=CC(=CC2)N3C=NC=N3,Z2851932389
CC=1C=CC=CC1CCCN2C=C(CN3CCC(O)CC3)N=N2,Z2856518380
CC(C)(C)CC1=NN=C2CN(CCN12)C(=O)OC(C)(C)C,Z2863954371
CN1C(=NC=2CN(CCC21)C(=O)NC3=CC=NS3)C4CC4,Z2870082935
O=C(NC=1C=CC=2CC(=O)NC2C1)C3CCN(C3)C(=O)OCC=4C=CC=CC4,Z2877375071
CC1(CCCN(CC1)C(=O)C=2C=CC(=CN2)C3=NN=NN3)C=4C=CC=CC4,Z2880650089
COC1(CC2(CN(C(=O)C3=CC(=O)NC(=N3)C4CC4)C2C(C)C)C1)OC,Z2882025265
CC=1C=CC(C)=C(C1)S(=O)(=O)NCC(=O)N2CCC(C2)C3CCCO3,Z2884538637
CCN1CCN(C1=O)C2CCN(CC3=NC(=CO3)C(C)(C)C)CC2,Z2891270515
"O=C(O)[C@@H]1CC[C@H]1C(=O)N(CC=2C=CC=CC2)CC3=CC=CC=C3F |&1:3,6,r|",Z2897630206
O=C(O)C1=CC(=NO1)C2CCN(CC2)C(=O)C=3C=CC=C4CCCC34,Z2900718318
"CCCOCC(=O)NC[C@H]1CCCC[C@H]1N2CCOCC2 |&1:9,14,r|",Z2900718775
CC=1C=CC(=CC1Cl)C(=O)NCC2=CC(=O)NC(=N2)C3CC3,Z2900718900
CC=1C=C(O)C=CC1CC(=O)N2CCC(C2)(C(N)=O)C=3C=CC=CC3,Z2900719698
CCN(CC)C(=O)C=1C=CC(=CC1)NCC2=NC(=CS2)CO,Z2900720340
CC(NS(=O)(=O)CCN1C=NN=N1)C=2C=CC=C(C2)C(F)(F)F,Z2900721135
COC(=O)C=1C=C(C)C2=C(C1)CCCN2C(=O)C3=CC(=NO3)OC,Z2900815315
O=C1NC=2C(=CC=CC2O1)C3=NC(CN4C=NC=5C=CC=CC54)=NO3,Z2903055443
CN1C=C(N=N1)C2=NOC(=N2)C=3C=C(Br)C=C4NC(=O)NC34,Z2903440913
CN1N=CC=C1C(=O)NCC2=CN(CC3CC(F)(F)C3)N=N2,Z2903973129
CN(C)CC(CO)NC(=O)C=1C=CC=CC1C=2C=CN=CC2,Z2908788882
CCN(CC=1C(O)=C(C)N=CC1CO)C(=O)C2=CC=C(F)C(Cl)=C2,Z2911785172
CN1N=C(O)C=2CCN(CC21)C(=O)CC3=CC=C4C=CC=CC4=C3,Z2915465202
CC1(C)COC(CCC(=O)N2CCNC(=O)CC32CCC3)C1,Z2916678664
O=C(NCC1CC2(CCNCC2)C(=O)O1)NC3=CN=CC(Br)=C3,Z2927381868
"CC1=NC=2C(=CC=NC2N1)C(=O)N3C[C@H]4COC[C@]4(C3)C=5C=CC=CC5 |&1:14,18,r|",Z2929015301
O=C(CCN1C=CC2=CC(Cl)=CC=C21)NC[C@H]3CCCC(=O)N3,Z2933123707
CC1=CC(C)=NN1C=2C=CC(=CC2)C(=O)NC3C[C@H](O)[C@H](O)C3,Z2936894431
CN1C=CC=2C(=CC=CC21)C(=O)N3CCCC(CN=S(C)(C)=O)C3,Z2936895022
CCC(OC=1C=CC=CC1C)C(=O)N2CCC(C2)C=3N=CC=CN3,Z2936895907
O=C(C=1C=NC(F)=C(Cl)C1)N2CCN(CC2)C=3C=CC(F)=CN3,Z2936901627
O=C1NCC2CN(CCN12)S(=O)(=O)CC3CCC(O3)C4CC4,Z2936914035
FC(F)(F)C=1C=CC(=CC1)N2C=C(N=N2)C3CCCCN3,Z2937953698
CN1C=C(C=N1)N2CC(CCC2=O)C(=O)NC=3C=CC=CC3F,Z2945558479
"C[C@H]1OCCO[C@H]1C(=O)N(CC=2C=CC=3OCOC3C2)C4CCCC4 |&1:1,6,r|",Z2949090299
O=C(NC1=NN=C(S1)C2CC2)[C@@H]3CC[C@H](CC3)NC=4N=CC=CN4,Z2949121471
CC1(C)CCN(CCNC(=O)NC=2C=CN(N2)C3=NC=CC=C3F)C1,Z2949965615
CNC(=O)CN1N=C(C=C1C)NC(=O)N(C)CC=2C(C)=CC=CC2C,Z2950075275
CC=1N=NC=CC1NC(=O)NCC2=NC(=CO2)C(C)(C)C,Z2950529034
CCN1CCCC(NC(=O)NC=2C=CC=C3C=CNC23)C1=O,Z2950812386
"CN1C[C@H]2[C@H](CCCN2C(=O)NC=3C=NN(C)C3C(F)(F)F)C1=O |&1:3,4,r|",Z2950982682
COC1=NN=C(NC(=O)N2CC=3C=CC=CC3NC(=O)C2C)S1,Z2951032402
C1=NC=2CCN(CC=3N=CN(N3)C=4C=CC=CC4)C5(CCOCC5)C2N1,Z2951215803
C1=CC(=CS1)C2=NC(=CS2)CN3CCC[C@H]3C4=NC=NN4,Z2951270940
CC1=NOC(CCNC(=O)C2=CC=C(C(F)=C2)C(F)F)=N1,Z2951309164
COC1=CN=C(NC(=O)NCC2=NC=3CCCCC3S2)S1,Z2951553809
CC1(CC1)C=2C=CC=CC2C(=O)NC=3N=CN(CC4=CC=CN=C4)N3,Z2951578396
"O=C(NC=1C=CC=2OCCCC2C1)[C@@H]3CC[C@H](CN4CCOCC4)O3 |&1:13,16,r|",Z2951923935
"O=C(NC[C@H]1C=C[C@@H]2C[C@H]1CO2)NC3=NC(=NS3)C4CC4 |&1:4,7,9,r|",Z2952677569
CN(C)C=1C=C(C=CN1)NC(=O)NCC(C)(O)C2=CC=CC(F)=C2,Z2953108899
O=C(NC1=CC=CC2=NC=CN=C12)N3CCC(O)(CC3)C4CCC4,Z2953177087
CC1=NOC(=N1)C2CCN(C2)C(=O)NC=3C(C)=NOC3C(C)C,Z2954380909
O=C(NC1CCCN(C1)C=2C=CC=C(F)C2)C3=CC=NN3C4CCC4,Z2954627942
CCC1=CC=C(O1)C2CCCCN2C(=O)C=3C=C(N=CN3)C(F)F,Z2955396065
"COC1=CC=C(NC(=O)CN2C[C@H]3CCC[C@]3(C2)C(N)=O)C(=C1)OC |&1:12,16,r|",Z2955955389
CC(C)C1(COC1)C(=O)N2CCN3C(=NN=C3C2)C=4C=CC=CC4,Z2956164411
CC1N(CCOC1(C)C)C(=O)NC=2C=CC(=NN2)C3=CC=CC=C3F,Z2957805229
CC=1C=CC=C2OC(=CC12)C(=O)NCC=3C=CN(N3)C4CCCC4,Z2957821788
O=C(NC1=CC=NC2=CC=NN12)N3CCN(CC4=CSC=N4)CC3,Z2957858186
"CC[C@@H]1OCC[C@H]1C(=O)NC=2C=CC(=CC2)C3=CC=CN3 |&1:2,6,r|",Z2958248125
CCN1C=C(N=N1)C(=O)N2CC(C2)N3C=C(N=N3)C=4C=CC=CC4,Z2958320176
O=C(NCC=1C=CC=2CCNC(=O)C2C1)C=3C=CC(=NC3O)C4CC4,Z2958428572
O=C(NCC1=NOC(=N1)C=2C=CC=C(F)C2)C3=CC=NN3C4CCC4,Z2958554785
CN1C=C(C=N1)C2CCCN(C2)C(=O)C=3C=CN=C(C3)C4=CC=CO4,Z2958564659
O=C(NCC1=NN=C(O1)C2CC2)C3=NOC4=C3CCC=5C=CC=CC45,Z2958586977
CN1C=C(C=N1)N2CC(CCC2=O)C(=O)N3CC(=O)N(C3)C4CC4,Z2959200890
CN1N=C(C=C1C(F)F)C(=O)N2CCC[C@@H](CN3CCOCC3)C2,Z2959412176
COC=1C=CC=CC1OC2CCCN(C2)C(=O)C=3C=C(O)C=CN3,Z2959745445
CC=1N=COC1CNC(=O)C2(C)CCC3=C(C)C(O)=C(C)C(C)=C3O2,Z2959956576
"CC=1C=CC=CC1C=2N=NSC2C(=O)N[C@@H]3CCCC(F)(F)[C@H]3O |&1:15,22,r|",Z2960359515
O=C(CC=1C=CC=C(N1)C(F)(F)F)NC2=NNC=C2C3CC3,Z2960573200
CC=1C=NC(=CC1C)C(=O)N[C@H]2C=3C=CC=CC3C[C@@H]2O,Z2960702391
CC(C)CN1C=CC=C(C(=O)N2CC(=O)NC=3C=CC=CC3C2)C1=O,Z2960703220
CN1C=C(C=N1)CC2CN(C2)C(=O)CN3N=NN=C3C=4C=CC=CC4,Z2960981110
CCN1N=NC=C1CNC(=O)C(OC)C=2C=CC=CC2C(F)(F)F,Z2961048301
CC1(CC(=O)N2CCOC=3C=C(F)C=CC3C2)CCS(=O)(=O)N1,Z2961179267
"O=C(N[C@@H]1CS(=O)(=O)C[C@H]1O)C=2C=C(F)C=C3C=COC23 |&1:3,9,r|",Z2961188135
"CC[C@@H]1OCC[C@H]1C(=O)NCC=2C(F)=CC=C3NC=NC23 |&1:2,6,r|",Z2961189978
COC=1C=CC=C(C1)C(C)C(=O)N2CCC=3N=CNC3C42CCC4,Z2961498067
CN1C(=O)CC[C@@H]1C(=O)N2CCN(CC2)C=3C=CC=C4NC(=O)NC34,Z2961725107
CC=1C=C(F)C=CC1[C@@H](C)NC(=O)C2=CC=C(C#N)N2C,Z2961749796
COC=1C=CC=2C=CC=CC2C1CCNC(=O)C3CCC4=NC=CN4C3,Z2961795741
CCO[C@H]1CCN(C1)C(=O)CC=2C=C(ON2)C=3C=CC=CC3,Z2962732208
O=C(N[C@H]1CCCC2=CC=CN=C21)C3=CN=C4COCCN34,Z2962753248
O=C(CC1=CC=2C=C(Cl)C=CC2N1)N[C@H]3CCCC4=CC=CN=C43,Z2962754060
CC(C)C(NC(=O)C=1C=CC=2NC(CO)=NC2C1)C=3C=NN(C)C3,Z2962767682
CC(C)C(NC(=O)C=1C=CC(=NN1)N2C=CN=C2)C=3C=NN(C)C3,Z2962772476
CN1C=C(C=N1)C(=O)N2CCC(CC2)S(=O)(=O)N3CCCCC3,Z2963133685
CN1C(=O)C(C)(C)COC=2C=CC(=CC21)NC(=O)CC=3C=CSC3,Z2963386940
CCN1C=C(C(=O)NC2(COC2)C3=CC=CC=C3F)C(=N1)C4CC4,Z2963436040
"CN1C(=O)OC=2C(=CC=CC21)C(=O)N[C@H]3C=4C=CC=CC4CC[C@H]3O |&1:14,23,r|",Z2963472403
"CN1C=C(C(=O)N[C@H]2C=3C=CC=CC3CC[C@H]2O)C=4C=C(F)C=CC41 |&1:7,16,r|",Z2963473630
CC1CS(=O)(=O)CCCN1C(=O)C=2C=CN3C=CC=CC23,Z2963587147
COCC1COCCN1C(=O)CC=2C=CC=C3C=CC=NC23,Z2963623361
CC1(C)CCC(CCNC(=O)C2=CC=C3C=CC=NN23)OC1,Z2964023619
O=C(NCC1(CC1)C2(O)CCC2)C=3N=CC(=CC3Cl)C(F)(F)F,Z2964073319
"O=C(CC1=CC=C2NN=CC2=C1)NCC[C@H]3CCCC[C@H]3O |&1:15,20,r|",Z2964093093
CC1CCC2=NC(=CN2C1)C(=O)N3CCC(CN4CCNC4=O)CC3,Z2964154155
CC=1C=CN2C=NC(C(=O)N3CCC(CN4CCNC4=O)CC3)=C2C1,Z2964154640
CCC1=NN(C)C(CC)=C1CC(=O)N2C[C@H]3CS(=O)(=O)C[C@H]3C2,Z2964297432
"CC1=CC=2SC=C(CC(=O)N3C[C@H]4CCC[C@]4(C3)C(N)=O)C2S1 |&1:12,16,r|",Z2964317207
"NC(=O)[C@@]12CCC[C@H]2CN(C1)C(=O)C3=COC(=N3)C4CCOCC4 |&1:3,7,r|",Z2964320734
CC1(C)CC(CCS1(=O)=O)NC(=O)CNC(=O)C=2C=CC=CC2,Z2964645807
"O=C(N[C@H]1CCC[C@H]1N2C=CN=C2)C3=CC=C(S3)C=4C=CNN4 |&1:3,7,r|",Z2965018561
"O=C(N[C@H]1CCC[C@H]1N2C=CN=C2)C=3C=CC(=CC3)N4CCNC4=O |&1:3,7,r|",Z2965023021
O=C(NC=1C=NN(C1)C2CCC2)C3CC(=O)N(C3)C4CCCC4,Z2965049869
CC1=NN=C(O1)C=2C=CC=CC2C(=O)N(C)C3CCC=4C=CC=CC4C3,Z2965126239
COC1=NN(C)C=C1CNC(=O)C2COCCN2C3CCCC3,Z2965614166
CC1(C)CCCC(CNC(=O)C2=CC=NN2CC(F)F)O1,Z2965672789
"O=C(CC1=CC=C2C=CC=NC2=C1)NC[C@]34C[C@H]3COC54CCC5 |&1:15,17,r|",Z2965687727
COC1=C(NC=2C=CC=CC12)C(=O)N3CCC(CC4=NC=CS4)C3,Z2965716461
CC(C)(C)OC(=O)N1CC(C1)N2N=CC=C2NC(=O)C=3C=CN=CC3F,Z2965819032
O=C(NC1CCOC21CCOCC2)C3=CC=4N=CC=CC4O3,Z2965856350
CC1=NN(C)C(C)=C1C(=O)N(C)CC=2C=C(NN2)C=3C=CC=CC3,Z2965872105
"CN1C=NC=C1[C@@H]2C[C@H]2C(=O)N3CC(CC=4C=COC4)C3 |&1:6,8,r|",Z2966008025
CC1(COCCN1C(=O)C2=CN=C3COCCN23)C4CC4,Z2966020841
O=C(C=1C=NN2CCCOC12)N3CC=4N=CC=CC4N5CCC[C@H]5C3,Z2966049488
O=C(C=1ON=C2CCCCC12)N3CC=4N=CC=CC4N5CCC[C@H]5C3,Z2966049662
CC=1N=CC=CC1CCNC(=O)C2=COC=3CCCNC(=O)C23,Z2966272652
COCC1(CC(=O)N2CC3=NN=C(C)N3CC2C(=O)N(C)C)CC1,Z2966506016
"O=C(C1=CC=CO1)N2C[C@@H]3[C@](C2)(CCCS3(=O)=O)C(F)(F)F |&1:9,10,r|",Z2966642357
"O=C(CC1=CC=2C=CC=CC2C(=O)N1)N[C@@]34CC(=O)N[C@H]4CCCC3 |&1:15,20,r|",Z2966657003
CC=1C=CC(Cl)=C(C1)OCC(=O)N2CCCNC(=O)[C@@H]2C,Z2966749133
"NC(=O)CC1(CCCCC1)NC(=O)[C@@H]2C[C@H]2C3=CC=CC(O)=C3 |&1:13,15,r|",Z2966780208
NC(=O)CC1(CCCCC1)NC(=O)C=2C=NN3CCCOC23,Z2966780508
CCN1C=C(CN2CCC(CC2)(C(N)=O)C=3C=CC=CC3)C(C)=N1,Z2968677267
CC=1C=C(N=C(N1)C2CCC2)NCCCN3C(=O)CCC3=O,Z2969370344
CC(=O)N1CCCCCC1C2CCN(CC2)C3=CC(O)=NC(C)=N3,Z2969498227
CC(O)C=1C=CC=C(N1)N2CCC(CN3CCCCC3=O)CC2,Z2970023031
COC1=CC(=CC(=C1)OC)NC2CCN(CC2)C=3C=C(O)N=CN3,Z2970245367
CC=1N=C2C=CC=CN2C1CNC(=O)NC3CCOC4(CCCC4)C3,Z2972043097
N#CC=1C=CN=CC1N2CCN(CC2)C=3C=C(N=CN3)C(F)F,Z2972403196
CCC1=CNC=2N=CN=C(C12)N3CCC4(CC3)OCCC5=CC=CC=C54,Z2972658653
CCOC(=O)C1(F)CN(CC21COC2)C=3N=CN=C4NC=C(CC)C34,Z2973255790
CN1CC(CNC=2N=CN=C3C2N=NN3CC=4C=CC=CC4)CC1=O,Z2973426458
CC1=CC(=CC(=C1)NCC=2C=C(C)N=C3CCCCC23)C(N)=O,Z2973658411
C=1C=CC2=C(C1)OC=3C(=NC=NC23)N4CC(C4)C=5N=CC(=CN5)C6CC6,Z2973866466
CC=1C=C(N=C(N1)C2=CC=CS2)N(C)CC(=O)N3CCN(C)CC3,Z2973925955
CN1C=NC=2C(=NC=NC21)N3CCN(CC(F)(F)CO)CC3,Z2974170008
"CN1N=CC=2C(=NC=NC21)N[C@@H]3CCC(=O)N[C@H]3C4CCCO4 |&1:11,17,r|",Z2974370577
"CO[C@H]1COC[C@H]1NC(=O)NCC=2C=CC=C3OCCOC23 |&1:2,6,r|",Z2974468590
CCC1=CC=2C(=NC(C)=NC2S1)N3CC(C3)C4=NNC(C)=N4,Z2974471869
BrC=1C=NC(=NC1)C2CCCN2C=3N=CN=C4CCCC34,Z2974962218
CC1=CCN(CC1)C(=O)NC(C2=NC=CN2C)C=3C=CC(F)=CC3F,Z2979487606
COC1(CN(C1)C(=O)CC2=CN=C3C(C)=CC=CN23)C=4C=CC=CC4,Z2980292003
CC1=CN=C2C(C=NN2CC(=O)NC3(CC3)C=4C=CC=CC4Cl)=C1,Z2981482971
CC(C)(NS(C)(=O)=O)C1=CN(N=N1)C=2C=C(Cl)C=C(Cl)C2,Z2982769544
COC=1C=CC=CC1C2=CN(CC3=NC(=CS3)C(C)(C)C)N=N2,Z2984439193
CC(C)(C)C1=CC(CN2C=C(CN3CC=4C=CC=CC4C3)N=N2)=NO1,Z2984453098
CN(C)C=1C=CC(=CC1)C(=O)NCC2(CC2)C3(O)CCOCC3,Z2984883358
"O=C(CC=1C=CN(CC(F)(F)F)N1)N[C@@H]2CC=3C=CC=CC3[C@H]2O |&1:14,22,r|",Z2988404137
"CN1N=CC(C#N)=C1N2C[C@H](C(=O)O)[C@H](C2)C=3C=CC=CC3 |&1:10,14,r|",Z2989396478
O=C1ON=C(C=2C=NC=CN2)N1CC=3C=NN(C3)CCF,Z2991541842
COC=1C=C(F)C(=CC1F)S(=O)(=O)NC=2C=NC(=NC2)C(C)C,Z2992230734
CNC(=O)CC=1C=CC(=CC1)C2=NOC(CC3CCCC3(F)F)=N2,Z2992325016
"CNC=1C=CC(C)=CC1CN[C@@H]2CCO[C@H]2C=3C=NN(C)C3 |&1:11,15,r|",Z2993196811
O=C(NCC1CCN1C2CCOCC2)C3=NC(=NO3)C4CC4,Z2994505206
"O=C(C1=NC=2C=CC=CC2C(=O)N1)N3C[C@@H](O)[C@H](CC=4C=CC=CC4)C3 |&1:15,17,r|",Z2994749382
CC1=NC=2C=CC(=CC2S1)S(=O)(=O)N3CCCC43CCNC4,Z2996086834
"O=C(NC1CC1)C2=CC=CC(=C2)S(=O)(=O)N[C@@]34CCC[C@H]4CNC3 |&1:16,20,r|",Z2996117504
CCN(C=1C=CC=NC1)S(=O)(=O)C=2C=CC=C(OC)C2OC,Z2996162498
CC=1C=NC(=CN1)NS(=O)(=O)C2=CC(=NN2C)C(F)(F)F,Z2996226804
COC(C1=NOC(CC=2C=C(C)ON2)=N1)C=3C=CC=CC3Cl,Z2997036756
"FC=1C=CC(=C(F)C1)[C@@H]2C[C@H]2C3=NC(CN4C=NC=N4)=NO3 |&1:8,10,r|",Z2997058123
CC1=CC=C(C2=NOC(CC=3C=CN(CC(F)(F)F)N3)=N2)C(=O)N1,Z2997095956
CC(C)CN1C=CC=C(C2=NC(=NO2)C3=COC(=N3)C4CCC4)C1=O,Z2997355157
CC=1C=CC(=CN1)C2=NOC(CC3CNCCS3(=O)=O)=N2,Z2997886580
CN1C=C(NC(=O)C=2C=CC(=CC2)N3CCCCCC3)C(=N1)C(N)=O,Z2999498900
COC1=CC(=NC(=N1)C(=O)N2CCCCC=3C=CC=NC32)OC,Z3000090189
C[C@H](C(=O)N1CCCCC=2C=CC=NC21)N3CC=4C=CC=CC4C3=O,Z3000090277
CNC(=O)C=1C=CC=CC1N(C)C(=O)C2=C3CCCC3=NN2C,Z3000191226
CC1=NOC(=C1C(=O)NC(C=2N=CC=CN2)C3CC3)C(F)F,Z3000761873
CN(CC=1C=CNN1)S(=O)(=O)C2=CN(C)N=C2C3CCCC3,Z3008545348
COC=1C=CC=C(C1OC)S(=O)(=O)NCC2CCN(C)C(=O)C2,Z3009051421
CC=1C=NN(C)C1S(=O)(=O)N2CCC=C(C2)C=3C=NN(C)C3,Z3009187467
CC1=C(C=NN1C)S(=O)(=O)N(C)CC=2C=C(NN2)C=3C=CC=CC3,Z3009656433
CC=1ON=C(C1C(=O)NCC2=NC=3CCCCC3N2)C=4C=CC=CN4,Z3016310603
CCCNC(=O)C=1C=CC(=CC1)NC(=O)C=2C=CC=C(C2)C3=NN=C(COC)O3,Z1601727282
C[C@H]1CN(CCN1S(C)(=O)=O)C(=O)C(F)(F)C=2C(F)=CC=CC2F,Z1602209732
CCC1=NOC(CN2C=NC=3SC=C(C4=CC=CS4)C3C2=O)=N1,Z1169970840
CC(C)C=1N=CN=CC1C(=O)N2CCOC(CC=3C=CC=CC3)C2,Z1603141722
CN1C=C(C(=O)NCC(C(=O)O)C=2C=CC=CC2)C(=N1)C3CCCCC3,Z1603557648
CC(=O)NCC(=O)N1CCC(CC1)C(O)C=2C=CC(Cl)=CC2,Z1170797732
NS(=O)(=O)CC1CCCN(C1)C(=O)C=2C=NC=3C=CC=CC3N2,Z1171561925
CS(=O)(=O)[C@@H]1CCCC[C@H]1NC(=O)C2=CC=3C=C(Cl)SC3N2,Z2230135299
NS(=O)(=O)N1CCCN(CC1)C=2N=C(N=C3C=CC=CC23)C=4C=CN=CC4,Z1172205022
CC(C)C=1C=C(N=CN1)N2CCN(CC2)C(=O)C3=CC=4C=CC=CC4N3,Z1173436207
CC1CN(C(=O)C=2C=CC=C(C2)S(=O)(=O)N3CCC=4C=CC=CC4C3)C=5C=CC=CC5O1,Z1173532284
CC(C(=O)N1CCCC(C1)C2=NN=CN2C)N3CCC(CC=4C=CC=CC4)CC3,Z1174016214
O=C(CC1=CC=CS1)N2CCCC2C(=O)NCC=3C=CC(=CC3)C4=NN=NN4,Z1174723474
CC=1N=CC(C(=O)NCCC2=NC(=CS2)C=3C=CC=CN3)=C(C)N1,Z1609712165
O=C(C=1C=CC=2C(=O)N(C=3C=CC=CC3)C(=O)NC2C1)N4CCCS(=O)(=O)CC4,Z1175211564
C=CCOC=1C=CC=CC1CNC(=O)C=2C=NN(C2C)C=3C=CC(=O)NN3,Z1175586397
COC(=O)C(NC(=O)C=1C=C(C)N(N1)C=2C=CC=C(F)C2)C3=CC=CS3,Z1615048293
CC1=C(C=CC2=CN=CN12)C(=O)NC3=CC=CC(C#CC4=CC=CC=N4)=C3,Z1614008772
CC=1N=C(C=2C=NN(C)C2N1)N3CCC=4C=CC(F)=CC43,Z940777430
O=C(NC=1C=CC(O)=CC1)C=2C=CC=C(C2)S(=O)(=O)N3CCNC(=O)C3,Z943689686
CN1C(=O)CN(C(=O)NC=2C=CC(=NC2)C(F)(F)F)C1C=3C=CC=CC3,Z2108757189
CC=1C=C(C(=O)NC2CC(C)(C)OC2(C)C)C=3C=NN(C3N1)C(C)C,Z1615661634
CCS(=O)(=O)N1CCC(CC1)C(=O)N2CC(C)(C)C2C(C)C,Z2230862613
O=C(NCC=1C=CC=C(C1)CN2C=CN=C2)C=3C=CC=4OC(=O)NC4C3,Z2109834434
NC(=O)C=1C=C(C=CC1F)NC(=O)C=2SC=CC2S(=O)(=O)N3CCCC3,Z364616300
O=C(NC=1C=C(ON1)C2CCOCC2)NC(CCO)C3=CC=C(Cl)C(Cl)=C3,Z2110812843
COCC1=CN=C(NC(=O)N2CCCC2C=3C=NN(C)C3)S1,Z2112034170
CC1=CC=CN2C(=O)C=C(COC(=O)C3=CC=4C=C(Br)C=CC4N3)N=C12,Z307775672
CN1C=C(C=N1)CC2CCN(C2)C(=O)NC3CCCOC=4C(F)=CC=CC43,Z1619170029
O=C(CN1CCN(CC1)C(=O)C2=CSC(=N2)C3CC3)N4CCC=5C=CC=CC54,Z955553778
CN1CCOC(CNC(=O)C(C)(C)OC=2C=CC=C(Cl)C2)C1,Z1188736692
CCC(NC(CO)CC=1C=CC(F)=CC1)C=2C=CC=CC2F,Z1620999602
CC1(C)CN(CC(O1)C=2C=CC=C(C2)C(F)(F)F)C(=O)C3=CC=C4N=CC=CC4=C3,Z2231284088
CCC=1C=C(N=CN1)NCC(C=2C=CC=CC2)N3CCOCC3,Z1192063098
CC(C)C1=NN=C(CNC=2C=C(N=C(N2)C(C)C)C(C)C)N1C,Z1623888022
CC=1N=C(N=C(NCC2(C)CCOC2)C1C)C=3C=CC=CN3,Z1192188632
CC1=NOC(=N1)C2CCN(CC2)C(=O)C3COC4=CC=CC=C43,Z1192479289
CC1=NOC(=N1)C2CCN(CC2)C(=O)C3=CN(C)N=C3C,Z1192479301
COC=1C=CC=2N=C(CSC3=NC=4C=CC=CC4C5=NC(C)=NN35)NC2N1,Z1624964673
CC(O)C(NC(=O)C1CC1)C(=O)NCC2(CCCCC2)N3CCCCC3,Z1625216433
CC1=NNC(C)=C1CC(=O)N2CCC2C=3C=CC=C(F)C3,Z1301909630
O=C(NC1CCC=2C=NNC2C1)C(O)C(O)C3=NC4=CC=CC=C4S3,Z1625542507
O=C1NC=2C=CC=CC2N1C3=CCN(CCC=4C=CSC4)CC3,Z1193339120
O=C(NC=1C=CC(F)=CC1)NC2CCN(C2)C=3C=CC4=NN=C(C5CCCO5)N4N3,Z1193296990
O=C(C=1C=CC=C(C1)N2CCOC2=O)N3CC4(CCCC4)C=5C(F)=CC=CC53,Z976262444
COC=1C=C(Cl)C(C)=CC1NC(=O)NC=2C=CC(=NC2)OC=3C=CC=CC3C(N)=O,Z1196300251
O=C(NCCNCC=1C=CC=C2NC=CC12)C3=CC=NN3,Z1627978492
CN1N=CC(C(=O)NC(CO)C=2C=CSC2)=C1CC=3C=CC=CC3,Z2122366678
COC=1C=CC(=CC1OCC(F)(F)F)NC=2N=CN=C3NN=CC23,Z368598878
CN1N=NN=C1C=2C=CC=C(C2)NCC(=O)NCC3=CC=CO3,Z368704526
CC1COC(CN1C(=O)CC2=NNC=3C=CC=CC23)C=4C=CC=C(Cl)C4,Z1767869008
CC(O)C1CCN(C1)C(=O)C2CCN3C(=NC=C3C2)C4CCCCC4,Z1631792700
CC1=NC=2C(=CC=CC2O1)C(=O)N3CCS(=O)(=O)CCC3C,Z1943448909
CC1C=2C=CC(F)=CC2CCN1C(=O)C=3C=CC=C(O)C3,Z1633273067
NC(=O)N1CCC(C1)NC(=O)C=2C=CC=C(C2)C(F)(F)F,Z1203275340
CN1C(=NN=C1C=2C=CC=CC2Cl)SCC(=O)NCC=3C=CC=C(C#N)C3,Z386422678
COC=1C=CC(=CC1)CC(=O)NC2(CCC2)C3=NN=NN3,Z1203351607
CCC1=CC=2C(=NC=NC2S1)N3CCC(CC3)C4=CNC5=NC=CC=C45,Z805425652
O=C(C=1C=CC=CC1)N2CCC(CC2)NC3=CC(=NC4=NC=NN34)C(F)(F)F,Z1207798777
CC(NC(=O)C=1C=CC(=CC1)OCC=2C=CN=CC2)C3=NC=4C=CC=CC4S3,Z1207726008
CC=1C=CC(=CN1)CC(=O)NCC2CCN(CC(O)C=3C=CC=CC3)CC2,Z1210329249
CC1=CC=C(C(=O)NC=2C=CC=C(C2)OC=3C=CN=C4C=CC=CC34)C(=O)N1,Z1210252620
CN1N=C(C=C1NC(=O)CCC(=O)N2CCC(O)CC2)C3CCCC3,Z1641251255
CC=1C=C(N=C(N1)N2CCN(CC(=O)NC=3C=CC(F)=CC3)CC2)C(F)(F)F,Z1640904723
CC=1C=C(N=C(C)N1)NC2CCN(C2)C=3N=CC=CC3F,Z1396754206
CC(C)C=1C=C(C(=O)NC(C)C2=NN=NN2C=3C=CC=CC3)C=4C=NN(C4N1)C(C)C,Z1211646063
CCC1=NN(C)C=2NN=C(NC(=O)C=3C=C(C)N=C4ON=C(C)C34)C12,Z1212629485
CCC1C(=O)NCCN1C2=CN=C3C=C(Cl)C(Cl)=CC3=N2,Z1642867922
CO[C@@H]1CCN(C1)C2=NN3C=C(N=C3S2)C=4C=CC=NC4,Z1642865561
N#CC1=C(N=C2C=CC=CN12)N3CCOC4(C3)CCCCCC4,Z1642889658
CCN(CC)CC(=O)NC=1C=CC=C(C1)NC(=O)C=2C=CC3=NNC(=O)N3C2,Z2141456445
CCOC(=O)NC=1C=CC(=CC1)NC(=O)N2CCCN(CC2)S(=O)(=O)C=3C=CC(F)=CC3,Z433697124
CNC(=O)COC=1C=CC(=CC1)NC(=O)N(C)C2CCCN(C2)C=3C=CC=CC3,Z1215192633
COCCN1CCN(CC1=O)C=2C=C(N=C3C=CC(Cl)=CC23)C(F)F,Z2142806973
CC(C)N1CCN(CC1)C=2C=CC(=CC2)C(=O)N[C@H]3CCC=4N=C(N)SC4C3,Z2143186829
CC1(O)CCCN(C1)C(=O)NC=2C=CN(N2)C=3C=CC=C(C3)C(F)(F)F,Z1646974025
O=S(=O)(NC1CCCN(C1)C2=CC=CC(F)=C2)N3CCOCC3,Z1218172049
CC(C)(NC(=O)C1CCN(CC1)C=2C=CC3=NN=NN3N2)C4=CC=CS4,Z1219997701
CC1=NN=NN1C=2C=CC=C(C2)NC(=O)C=3C=CC=CC3N4C=CN=N4,Z1651190918
CC1(CNC(=O)C=2C=NC3=C(C2)C(=NN3C=4C=CC=CC4)C5CC5)CCNCC1,Z2440796709
COC=1C=CC=2CC(CCC2C1)NC(=O)C=3N=CC(C)=CC3C,Z1652215930
O=C1C(CCN1C=2C=CC=CC2)N3CCN(CCC=4C=CC=5OCCC5C4)CC3,Z1289503545
CC1=CC(=CC(C)=C1Cl)NC(C2=NN=CN2)C=3C=CC=CC3,Z2149034671
CC1(CCOC1C2CC2)NS(=O)(=O)C=3C=CC=C4C=NC=CC34,Z1653290833
COC=1C=CC=C(C1)CNC(=O)NCC(O)C=2C=C(C=C(C2)OC)OC,Z1228582989
CCC=1C=CC(=CC1S(N)(=O)=O)NC(=O)NCCCC=2C=CC=C(C2)C(F)(F)F,Z1229244852
CSCCCC(=O)NC1=NC(=C(C)S1)C=2C(F)=CC(F)=CC2F,Z1231257777
CC=1C=CC=2N=CN=C(C2C1)N3CCCCC3C=4C=CNN4,Z2157437302
CC(NC(=O)CC1CCCCC1)C(=O)NC2CCCN(C2)C3=CC=CN=N3,Z1232013151
CC=1NN=C(C(=O)N2CCCC2C3=NC(=CN3)C=4C=CC(Cl)=CC4)C1C,Z1232072057
CC(C)NC(=O)C=1C=CC(=CC1)C(=O)N2CCN(CC2)C3=CN=CC(F)=C3,Z2233066829
CCOCC1(CC1)C2=NC(=NO2)C(OC=3C=CC(Br)=CC3)C(C)C,Z2160242399
CCS(=O)(=O)N1CCC(CNC=2N=CN=C3SC=CC23)CC1,Z1665668527
CC(NC(=O)NCCC1=NC(=NO1)C=2C=CC(Cl)=CC2)C=3C=CON3,Z1666229232
CN1N=NC=2C=C(C=NC21)C(=O)N(CC3CCCCC3)C4=CC=CC=N4,Z1666772386
CC(C)C(=O)NC1=NC(=CS1)CC(=O)N2CCCN(C)C=3C=C(F)C=CC32,Z1239465417
O=C(C1=CC=2CCC=3C=CC=CC3C2S1)N4CCCCC4C=5N=CON5,Z1239440186
O=C(NCC=1C=CC(=NC1)OCC2CC2)NC3CC4CCC3C4,Z1241833591
O=C(COC(=O)C=1C=C(C=CC1F)N2CCNC2=O)NC3=CC=CC=C3N4CCCC4=O,Z1243542885
CC(C=1C=CC=C(C#N)C1)N2CCN(CC2)C(=O)NC3CCCCC3,Z1672299996
O=C(CC1CCOC1)NC2CCN(CC2)C(=O)CCC=3C=CC=CC3,Z1246532510
CN1C=C(C=N1)CN2CCCN(CC2)C(=O)CC3=CNC4=CC=C(Cl)C=C34,Z1246728565
O=C(NC(C=1C=CC=CC1)C=2C=CC=3NC=NC3C2)C4CCN(C4)C=5C=CC=CC5F,Z2169488741
CCN1CCN(CC1=O)C(=O)CNC(=O)C2=CC=C(Br)S2,Z1674398562
CC1=NN(C)C2=NC=CC(OCC(=O)NCC(=O)OC(C)(C)C)=C12,Z2169423434
O=C1CN(CN1CC2CC2)S(=O)(=O)C=3C=NC=4ON=C(C=5C=CC=CC5)C4C3,Z2170002741
CC=1N=CC=C(N1)N2CCN(CC2)C(=O)C=3C=CC(=NC3)NC4CC4,Z1676022059
CC=1C=NN(C1)C2CCN(C2)C(=O)NC=3C=NN(C3)CC4=NN=C5CCCCN45,Z2171280213
O=C(CC=1C=CC=C(Cl)C1F)N2CCN(CC2)C(=O)C3=CC(F)=CC=C3F,Z2171316525
CC=1N=CC=C(N1)N2CCN(CC2)C(=O)C3=CC=C(S3)C(N)=O,Z1678138811
CC=1C=C(NN1)C2CCN(CC2)C(=O)C3CCCN(C3)C(=O)C4=CC=C5NN=CC5=C4,Z1679200640
CC1=NOC=2N=CC(=CC12)S(=O)(=O)NC=3C=CC(=CC3)CN4C(=O)CCCC4=O,Z1679760826
O=C(NC1CCC(O)(CC1)C=2C=CC=CC2)C=3C=CC(=CC3)C(F)(F)F,Z1680191468
COC=1C=CC(=CC1OC(C)C)NC(=O)C2CC(=O)N(C2)C=3C=NNC3,Z1681157452
CN(C)C(=O)C=1C=CC=C(C1)CNC(=O)N2CC3(C2)CCCCC3,Z1681026801
ClC=1C=C(C=C2OCCCOC12)C3=NOC(COC4CCOCC4)=N3,Z1682662460
CC1=CC(CN(C)C(C)C2=NC=C(O2)C=3C=CC=CC3)=NO1,Z1256602941
CCOC=1C=CC(=CN1)C2=NOC(=N2)C3=CC(Cl)=C(OCC)C(=C3)OC,Z1683883474
CC1=NNC(C)=C1C(C)C(=O)N2CCCCC2C3=NN=C(O3)[C@H]4CCCO4,Z2177795399
CC1(NC(=O)NC1=O)C2=CC=CC(=C2)C3=NOC(=N3)C4CCCN(C4)C(=O)N5CCCC5,Z1684583135
CC(=O)N1C=2C=CC=CC2C[C@H]1C3=NC(CC=4C=C(C)ON4)=NO3,Z1685036652
CN1N=C(C=C1C2CC2)NC(=O)CNC(=O)C=3C=CC(Br)=CC3,Z2178307893
O=C(CCC1NC(=O)NC1=O)NCC2=COC(=N2)C=3C=CC=CC3,Z1261771989
O=C(CCC=1C=CN=CC1)N2CCC(CC=3C=CC=CC3)C2,Z1261549843
O=C1CC(CN1CC2CCC2)C3=NOC(CN4N=C5C=CC=CN5C4=O)=N3,Z1685734870
CC1=NN(C=2N=C(C=C(C(=O)NC3=CC=C4CCC(=O)NC4=C3)C12)C(C)C)C(C)(C)C,Z1261986388
CN1CCN(CC1)C=2C=CN=C(C2)C3=NOC(=N3)C(C)(C)F,Z1685687161
O=C1NC2(CCSC2)C(=O)N1CC3=NC=C(O3)C4=CC=CC(Br)=C4,Z1263927281
CCN1C(=NN=C1N2CC=3C=CC=CC3C(C2)C=4C=CC=CC4)C5=NNC(=O)C=6C=CC=CC56,Z2182692015
CCC=1C=CC=C(C)C1NS(=O)(=O)C=2C=CC(=CC2)N(C)C(C)=O,Z1265608583
CC=1C=C(C)C=C(C1)OCC2=NN=C(N2CC3=CC=CS3)N4CCC=5C=CC(O)=CC5C4,Z2184615148
O=C(CC1CCCCC1)NC2CCC(CC2)C(=O)NCC3=CNC=N3,Z1268168704
CC=1C(=NNC1C(=O)N2CC=C(CC2)C=3C=CN=C4NC=CC34)C=5C=CC=CC5,Z1690868532
CCC1CN(CCN1C(=O)C=2C=CC=C3NN=CC23)C=4C=CC=CC4,Z1691022604
O=C(CC=1C=CC(Br)=CC1)NC=2C=CSC2C(=O)NCC3=NNC(=O)N3,Z1690718057
CC(=O)NC=1C=CC(=CC1)CC(=O)N2CCCC(C2)C3=NOC(=N3)C4CC4,Z1269735392
O=C(C=1C=CC=NC1N2CCC(CC2)C3=NC=4C=CC=CC4N3)N5CCC=6C=CC=CC65,Z1270098095
CC=1N=CN(C1C)C=2C=CC(=CC2)NC(=O)C3=CN(CCC(C)C)N=N3,Z2188081604
CC=1C=C(C=2C=CC=CC2N1)N3CCN(CC4CN(CCO4)C(C)C)CC3,Z1272342988
O=C(C1CC(=O)N(CC(F)(F)F)C1)N2CCN(C(=O)C2)C=3C=CC=CC3,Z1693485023
CC1=NOC(=N1)C2CCN(CC2)C(=O)C3CCC(=O)N3CC=4C=CC(C)=CC4,Z1273613370
CC1(CO)CCN(CC1)C(=O)NCC=2C=CC(=CC2)C(F)F,Z1695490606
NC(=O)C=1C=CC(=CC1)N2CCN(CCCC3CCOCC3)CC2,Z1695522626
CNC(=O)CN1C=NC(=N1)NC(=O)C2CCN(C2)C=3C=CC=CC3Cl,Z2190756831
O=C(C=1C=CN=C(N1)C2CC2)N3CC(CC=4C=CC=CC43)N5C=CC=N5,Z1275449960
CC1CCC(C)N(CC(=O)NCC=2C=CC(C#N)=CC2)C1,Z1289856635
CC1=NN(C)C(C)=C1C(C)C(=O)N2CCCC2C(C#N)C=3C=CC=CC3,Z1366349249
COC=1C=CC=CC1N2CCC(C2)NC(=O)CC3=NOC4=CC=CC=C34,Z1401727414
NC(=O)C1=CC(=CN1)NC(=O)C2CCCCC2C(=O)N3CCCC3,Z1401228099
CS(=O)(=O)CC=1C=CC=CC1CNC(=O)C2CC32CCOCC3,Z1344424985
CC=1C=CC=2C(=CNC2C1)CCC(=O)NC=3C=CC=C(C3)C(=O)NC=4C=CN=CC4,Z1302710133
CCOC=1C=CC(=CC1)S(=O)(=O)N2CCC(CC2)C(=O)N3CCC4(CNC(=O)C4)CC3,Z1366335010
CC(=O)N1CCC=2C=CC=CC2C1CC(=O)N3CCC(=O)NC4=CC=NC=C43,Z1404557114
CN1CCN(CC1)C=2C=CC(=CN2)CNC(=O)N3CCC(CC=4C=CC=CC4)C3,Z1282472088
O=C(NCC=1C=CNN1)N2CCC=3C=C(C=CC32)C4=CC=CC(F)=C4,Z1305466476
CC(C)C=1C=CN=C(N1)N2CCN(CC2)C(=O)C=3C=CN=C(N3)C4CC4,Z1698998494
CC(C)C=1N=CC=C(N1)N2CCC(CC2)C(C)(O)C(F)(F)F,Z1699274342
CC=1C=CC=2C(=CNC2C1)CC(=O)N3CCC(F)(C#N)C3,Z1802662494
CC1=C(N=NN1C)C(=O)N2CCC=3C=CC=CC3C2(C)C(F)(F)F,Z1985868463
COC=1C=CC=2NC(=CC2C1)C(=O)N3CCC(CC3)C4=NN=C5CCCCN45,Z1802412484
CCOC1=CC=C2C=CC=CC2=C1OCC3(O)CCOCC3,Z1699872738
OC1(CCN(C1)C=2C=C(N=CN2)N3CCCCC3)C(F)(F)F,Z1309550034
COC=1C=CC(F)=CC1C(=O)NC2CCN(C2)C=3N=CC=CC3Cl,Z1409640586
CN1CCN(CC1)C(=O)C=2C=CC(=CC2)NC(=O)C=3C=CC4=NN=NN4C3,Z1409581618
CN1N=CC(C(=O)NCCN2C=CC=C2)=C1N3C=CC=C3,Z1310912881
CC(C)C(NS(=O)(=O)C1CCOC1)C=2C=CC(F)=CC2F,Z1411128581
CCC(NC(=O)NC1=NC(=CS1)C2=CC=C3NC(=O)CCC3=C2)C4CCOCC4,Z1312320718
CCN1C=C(C=N1)NC(=O)C2CCC=3N=C(C)N=C(C3C2)C(F)(F)F,Z1411031539
O=C(CC=1C=C(Cl)C=2OCCOC2C1)NC=3C=NC=CC3C=4C=CC=CC4,Z1864147155
CSC1=NC(C(=O)N2CCCC(C2)C=3C=CN=C(N)N3)=C4C=CC=CN14,Z1937346078
CC=1C=CC=C(C1)C(C)(C)NC(=O)NC2=C(C)C=CN(C)C2=O,Z1411496431
COC=1C=CC=C(C1)CC(=O)NC=2C=CC(F)=C(C2)C=3N=CNN3,Z1937477239
COC=1C=CC=2NN=C(NC(=O)C=3C=CN(N3)C4=CC=C(F)C=C4F)C2C1,Z1702068001
CC1CN(CC2(CCOCC2)O1)C(=O)CCC3=NC=C(O3)C4=CC=C(F)C=C4F,Z1934711966
O=C(CN1CCN(CC1)C=2C=CC=CN2)NC=3C=CC=C(C3)N4CCCCC4=O,Z1279657661
COC=1C=CC(OC)=C(C1)CN(C(=O)C2CN(C)CCO2)C3CC3,Z1312988094
CC(O)CC1CCCCN1C(=O)CCCN2C(=O)NC(C)(C)C2=O,Z1935545094
CCC(C)OC=1C=C(C=CN1)C(=O)N2CCC(C)C3=CC=CC(O)=C32,Z1704450295
CC1(C)C(CCN1C(=O)NCC=2C=CC=C(C2)N3C=NC=N3)C(F)(F)F,Z1815592155
O=C(C=1C=CC=C(C1)N2C=CC=N2)N3CCN(CC3)C4CCOC4,Z1413766419
COC=1C=C2CCC(=O)NC2=CC1NC(=O)C=3C=CC=4NC=NC4C3,Z1705438148
O=C(NCC1CN2CCCC2CO1)C=3C=CC(=CC3Cl)N4N=CC=5C=CC=CC54,Z1884273031
CC(C1=NN=NN1C)N2CCOC(C2)C=3C=CC(Cl)=C(Cl)C3,Z1817091772
CC=1C=CC(NC(=O)N2CCOC3(CCOC3)C2)=C(C)N1,Z1709121754
CCOC1CC(O)C21CCN(CC2)C(=O)C=3C=CC=NC3NC(C)C,Z1282237039
CCC1CN(CCN1C(=O)C2=CN(CC3=NOC(C)=N3)N=N2)C=4C=CC=CC4,Z1900925443
COC=1C=CC(NC(=O)N2CCC(CC=3C=CC=CC3)C2)=C(C)N1,Z1417697658
CCCN1N=C(C)C(C(=O)NC=2C=CC=C(C2)C3=NN=NN3C)=C1C,Z1416470193
COCCN(C(=O)C=1C=CC=C2OCCOC12)C3CCOC3,Z1904015157
COC(=O)C(NC(=O)C1CC(=O)N(C1)C2=CC=C3OCCOC3=C2)C=4C=CC(O)=CC4,Z1713553664
COC=1C=CC(NC(=O)C2=CNC=3N=CC=CC23)=C(C)N1,Z1417774075
COC(C(=O)N1CCN(CC1)S(=O)(=O)N(C)C2CCCCC2)C3CC3,Z1939624720
NC(=O)NC1CCN(CC(=O)NCC2=CC=C(Cl)S2)CC1,Z1318090573
CN(C)C(=O)C=1C=CC(=NC1)NC(=O)C2CCCC(C2)C(F)(F)F,Z1940298163
CC(C)C=1C=C(C(=O)N2CCCC2C=3C=CC=NC3)N(C)N1,Z1318621206
NC(=O)C1CCC(CNC(=O)N2CCC(CC2)C3=NC4=CC=CC=C4S3)O1,Z1418887666
CN(CC(=O)NCC(C)(O)C(=O)O)S(=O)(=O)C=1C=CC(Cl)=CC1,Z1715395898
C[C@H](OC=1C=CC=2C=CC=CC2C1)C(=O)N(C)C(C)C=3C=CC(=CC3)S(N)(=O)=O,Z1941248392
CC(C)C1=NOC(CCCNC(=O)C2CCC(O)CC2)=N1,Z1941699945
O=C(CNC(=O)C=1C=CC=2NN=CC2C1)NC=3C=CC=C(F)C3,Z1319408904
CC=1NN=C(C1C(=O)NCCC2=COC(=N2)C=3C=CC(C)=CC3)C(F)(F)F,Z1319437836
CC(C)COC=1C=CC(=CC1)C(C)(C)NC(=O)C2CCC(O)CC2,Z1941873623
CC1=NN(C)C(=C1C#N)N2CCN(CC(=O)N(C)CC=3C=CC(F)=CC3)CC2,Z1823214863
NC(=O)CC1CCCN(C1)C(=O)C2CCCN(C2)C(=O)CC=3C=CC=CC3,Z1319923715
CC(C)C(CC=1C=CC(F)=CC1)N(C)C(=O)CC=2N=CC=CC2F,Z1942119172
O=C(NC1=C(N=C2C=CC=CN12)C=3C=CC=CN3)C=4C=CC5=NC(=CN5C4)C(F)(F)F,Z1715929944
CC=1C=C(C(=O)NCCOC=2C=CC(=CN2)C(F)(F)F)C=3C(=O)NN(C)C3N1,Z1421305545
CC=1NC=2C=CC=CC2C1C(=O)NCCC3=NC=4CCOCC4S3,Z3016313398
CC(C)C1=CSC(CNC(=O)C2CCC3CC(C)CN3C2)=N1,Z3016325199
C[C@@H]1CN(C[C@H](C)O1)C(=O)NC(C=2C=NN(C)C2)C3(CO)CCC3,Z3016329209
COC(=O)C=1C=C(NN1)S(=O)(=O)NCC(C)C2=NC=CS2,Z3016330829
C=CCN1CCC(CC1)NC2CC3(CC3NC(=O)OC(C)(C)C)C2,Z3016332538
CC1(COC1)C2=NC(=NO2)C=3C=CC=C4N=CC(O)=CC34,Z3016339042
CC1=CC(=O)NC=2C=C(C=CC12)C(=O)NCC3(NC(=O)NC3=O)C4=NC=CN4C,Z3024750433
COC=1C=CC=C(C1)C(C)C(=O)NC(C)C2=NN(C)C=C2O,Z3026724947
CC(C(=O)NCC1=NS(=O)(=O)C=2C=CC=CC2N1)C3CC3,Z3026725420
C=CCN1C(=NN=C1C=2C=CC=CC2)SCCC3COC3,Z3027329728
O=C(NC=1C=CC=2N=CC=CC2C1)C3(CC3)C4=NC=CC5=CC=CC=C45,Z3033813957
COC=1C=CC(C)=CC1S(=O)(=O)N2CC3(CCNCC3)[C@H]4COC[C@H]42,Z3040119754
CN1C(=O)COC21CCN(CC2)C(=O)C3=CC=CN4N=CC=C34,Z3041600707
"CCC=1C=CC=C(C1)CC2=CN=C(NC(=O)[C@H]3C[C@H]4OCC[C@H]4N3)S2 |&1:16,18,22,r|",Z3042257549
CC(OCC=1C=CC=CC1)C(=O)N2CCN(C)C3(CCOCC3)CC2,Z3043664124
CCN1N=CC2=C1CCCC2NC(=O)C3=CC=C(F)C4=CC=CN=C34,Z3049390391
CC=1ON=C(C2=CC=CS2)C1C(=O)NC=3C=NN(C3)C(C)C4CC4,Z3051077276
O=C(N[C@@H]1C[C@H]1C=2C=CC(F)=CC2)C3CCC=4C=NNC43,Z3051552898
CS(=O)(=O)C=1C=CC=CC1CNC(=O)C2CCCC=3NN=CC32,Z3052597396
COC=1C=CC=CC1[C@H](O)CNC(=O)C=2C=C(C)N=C(C)C2,Z3053408898
CC(C)(CC=1C=CC(O)=CC1)C(=O)NCC2=NOC=3C=CC(F)=CC23,Z3053688748
"O=C(NC[C@@H]1C[C@H]1C=2C=CC(Cl)=CC2Cl)C=3C=NC=CN3 |&1:4,6,r|",Z3058080448
O=C(CC1OCC=2C=C(Cl)C=CC21)N3CCC(O)(CC3)C4=CC=NN4,Z3060590227
CN1C=NC=C1[C@@H]2CN(C[C@H]2CNC(=O)C3(C)CC3)C(=O)CN4N=CC=N4,Z3062884325
C#CC(C)(C)N1CCN(CC1)S(=O)(=O)N2CC3CCC2C3,Z3063546821
CC(C)N(CCO)CC1CCN(CC1)C(=O)OC2CCCC2,Z3063546970
CC(C)(C)OC(=O)NC(C1=NC(CC=2C=CC=NC2)=NO1)C3CCC3,Z3063565671
O=C(NC=1C=NN(C1)CC=2C=CN=CC2)C3(CCCN3)C=4C=CC=CC4,Z3063578003
O=C(NCCC1=CN(C=N1)CC=2C=CC(Cl)=CC2)C3=CCCC3,Z3068691862
CC=1OC=NC1CN2CCN(CC2)C(=O)CC3=CC=CC(O)=C3,Z3071538002
CC=1N=C(NC1C(=O)NCCOCC2CCOC2)C3=CC=CN=C3,Z3071553012
COC=1C=C(C=C(C1)OC)NCCNC(=O)C=2C=NN3CCCNC23,Z3071553271
CCOC(=O)C=1NC(=NC1C)C2CCN(CC2)C3=NC=CS3,Z3071580532
CCOC=1C=CC(=CC1)CCC2=NC(=NO2)C3=CNC(=O)C=N3,Z3071638771
C[C@@H](O)CNC=1C=CC=C(N1)S(=O)(=O)NCC=2C=CC=CN2,Z3074997367
CC1=NNC=2C=CC(=CC12)NC(=O)C(=O)NC(CN3CCCC3)C=4C=CC=CC4,Z3075430799
CN(C)S(=O)(=O)N1CC(C1)NC=2N=C(N=C3CCCC23)C4CC4,Z3077692699
CN1N=NC=C1C2(O)CN(C2)C3=NC(=NS3)C=4C=CC=CC4,Z3077780492
CN1C=CN=C1C2(O)CCN(CC2)C3=NN=C(S3)C=4C=CC=CN4,Z3077807071
"CC=1C=CC(=NN1)N(C)C(=O)[C@@H]2C[C@H]2C=3C=CC(=CC3)OC(F)F |&1:11,13,r|",Z3081860861
COC=1N=CC(=CC1C(N)=O)NC(=O)C(C)(C)C(F)(F)F,Z3082655927
CC1=C(N=NN1C)NC(=O)C=2C=C3N=CC=C(N3N2)C(F)(F)F,Z3085879053
CCC1=C(C=NN1C=2C=CC(=CC2)OC)C(=O)NC=3C=C(N(C)N3)C(F)(F)F,Z3087207186
COC=1C=C(C=CC1C)CC(=O)NC=2C=C(N(C)N2)C(F)(F)F,Z3087209264
COC=1C=C(C=CC1C)C(=O)NC=2C=C(N(C)N2)C(F)(F)F,Z3087209323
CC1=NN(C(C)=C1C(=O)N[C@H](C)C2=CSC=3C=CC=CC23)C4CCOCC4,Z3093617527
CCN1C=CC(CC(=O)NC2(CCOC(C)(C)C2)C(=O)OC)=N1,Z3093793355
CS(=O)(=O)N1CCC(CNC(=O)N2CCC[C@H]2C(F)F)CC1,Z3100716243
C[C@@H](NC(=O)NCC1CN(C)CCO1)C=2C=CC(F)=CC2,Z3101041335
"O=C(N[C@@H]1C[C@H]1C(F)(F)F)N2CCOCC2CC3CCOCC3 |&1:3,5,r|",Z3128951948
CC=1C=CC=2NC=C(CCNC(=O)NC3CCCN4N=CC=C34)C2C1,Z3131989025
O=C(NCC1=NC(=CS1)C=2C=CN=CC2)N3CCC[C@H]3C(F)F,Z3132082912
"O=C(C=1C=CC=C(C1)SC(F)(F)F)N2CC[C@H]3NCC(=O)N[C@H]3C2 |&1:16,22,r|",Z3140071604
"COC1=CC(=CC(=C1)OC)CCNC(=O)[C@@]23CNC[C@H]3CCOC2 |&1:15,19,r|",Z3141291636
CC1(C)SCCC1CNC(=O)N2CCC=3NC(=O)C(C#N)=CC3C2,Z3142548318
CC(NC(=O)N(C)CC=1C=CON1)C=2C=C(F)C=CC2N(C)C,Z3143154388
C=C(C)CN1C(=NN=C1N2CCC3(CCCCO3)CC2)C(O)C4CC4,Z3145730608
O=C(CC1CC(F)C1)OCCOC=2C=CN=C3C=CC=CC23,Z3172464868
C=C1CCN(C1)C(=O)NC2=NN=C(SCC=3C=CC=CC3)S2,Z3173240323
C#CC1(O)CCN(CC1)C(=O)NCCC2=C(C)NC=3C=CC=CC23,Z3185753245
CC=1C(Cl)=CC=C2NC(=CC12)C(=O)NC=3C=NN(C3)CCN(C)C,Z3187979018
O=C1NCC2(CCCC2)C(=O)N1CCC=3C=CC(F)=CC3F,Z3211197288
COC=1C=CC(=CC1OC)CCN2C(=O)NCC(C)(C)C2=O,Z3211273874
CC1(C)CCOC1CS(=O)(=O)N2CCCC(C2)C3=CC=NN3,Z3216016176
CC(C)N1CCC(NS(=O)(=O)CC2OCCC2(C)C)C1=O,Z3216016178
O=S(=O)(C=1C=NN2N=CC=CC12)N3CCCC(C3)C4=CC=NN4,Z3216016290
COC=1C=CC=CC1[C@@H](O)CN2C=C(N=N2)[C@H]3COC(C)(C)O3,Z3254732094
"CC=1C=CC=CC1CNC(=O)CC2=NOC(=N2)[C@@]34CC[C@H]4CNC3 |&1:17,20,r|",Z3278110063
CCC1(O)CCN(CC1)C=2C=CC=3C=CC=C(OC)C3N2,Z3290579081
COC=1C=C(SN1)S(=O)(=O)N2CCCC=3C=CC=C(OC)C32,Z3294570000
CC=1C=C(F)C=C2CCCN(C12)S(=O)(=O)C3=NNC4=NC=CC=C34,Z3294570320
CN1N=CC=C1C2=NNC=C2C(=O)NCCN3CCC=4C=CC=CC4C3,Z3295172837
CC1CCCCN1C(=O)C=2C=CC(=CC2)NC(=O)C=3C=CC=C4N=CNC(=O)C34,Z3295741756
O=C(C=1C=NC=2CCCC2C1)N3CCC(CC3)N4C=CC=C4,Z3296383271
CC(C)C=1OC=NC1C(=O)N(C)CCN(C)C(=O)C2CCC(C2)C(F)(F)F,Z3299507744
COC=1N=CC(=CN1)C(=O)NC2(CC2)C3CCN(CC3)C(=O)CCCC(C)C,Z3299537402
COCC1=NOC=C1CN2CCC(=O)N(CC3CCCC3(F)F)C2=O,Z3303328593
CC(C)C1=NSC(CN2CC34CN(C)CC4(C2)CCCC3)=N1,Z3316585844
CC1=NOC=C1C(=O)NC=2C=CC(=CC2)C3=NC4=CC=C(C)C=C4S3,Z3325175380
CC1=CNC(=O)N1C=2C=CC=C(C2)C3=NOC(=N3)C4=CN=C(C(Cl)=C4)N(C)C,Z3325175418
CC1=NSC=C1NS(=O)(=O)C2=CC=CC=3CC(C)(C)OC23,Z3338741631
CCOC=1C=CC(=CC1)CN(C)C(=O)CN2N=CC(=CC2=O)N3CCCC3,Z3340429761
CCN(CC=1C=CC=2OCCOC2C1)C(=O)CN3C=C(N=N3)C4CCN(C)C4,Z3343193007
CC=1C=CC=C(C1)N2CCCC(C2=O)N3C=C(N=N3)C4=CN=CN4C,Z3343972045
CC1=CC(C)=C(C(C)=C1)C=2C=CC=3N=C(CO)N(C)C3C2,Z3347532681
COC=1C=CC(=CC1)C2CCN(C2)C(=O)C3=CC4=C(C=CN4C)N3,Z3348449330
CC1OCCC21CN(CCO2)C(=O)C=3C=CC(O)=C(F)C3F,Z3353729148
CC(NC(=O)CCC=1C=CC=2NC=CC2C1)C=3C=CC=CC3NS(=O)(=O)C4=CC=CS4,Z3356046496
CC(NC=1C=CC(=CN1)NC(=O)C=2C=CC=CC2)C3(O)CCOCC3,Z3360009877
CC1=C(N=NN1C=2C=CN(C)N2)C(=O)N3CC(C3)NC4CCOCC4,Z3366162230
CC=1C=CC=CC1N2C=C(C=N2)C(=O)NC3CC(Cl)(Cl)C3,Z3368559004
FC(F)(F)C1(CC2(CCC2)C1)C3=NC(=NO3)C=4C=C(NN4)C5CC5,Z3369213716
CCC(C)(C)C(=O)NCC=1C=C(C=CN1)OC2CCN(C2)C(=O)C=3C=CC=CC3,Z3388126625
CNC(=O)C(CC=1C=CC=CC1)NC=2N=C(C)N=C3NN=CC23,Z3391969124
CC1=CSC=2C(=NC(=NC12)C3CC3)N4CCC(O)(CC4)C(N)=O,Z3392165162
CC=1C=C(N=C(N1)C=2C=CC=CN2)SCC=3C=CN(C)C(=O)C3,Z3396769824
CC1=CON=C1CS(=O)(=O)NC(C)C=2OC=3C=CC=CC3C2C,Z3404340857
CC(NS(=O)(=O)C1=CC2=CC(Cl)=CC=C2OC1)C3CCOC3,Z3407284438
CCSC=1C=CC(=CN1)C(=O)NC=2C=CC=3CCCN(C(=O)COC)C3C2,Z3409369349
CC=1N=CC(=CC1C(=O)N=S2(=O)CCCC3(CCCN3)C2)C(F)(F)F,Z3414382366
CC(=O)N1CC2(C1)C(CCS2(=O)=O)C(=O)N(CC=3C=CC=CN3)CC(C)C,Z3416287564
CC=1N=C(O)N(N1)C2CCN(CC2)C(=O)C3C4CC3(CC4)C5=CC=NN5C,Z3416436212
CN(C)C(=O)C1C=2C=NN(C)C2CCN1C(=O)CC=3C=CC(=CC3)N4C=CC=N4,Z3416727206
CC=1C=CN2C=C(N=C2C1)C(=O)N3CCC4=C(C=NN4C)C3C(=O)N(C)C,Z3416727732
O=C(NCC=1C=CC=2CN(C(=O)C2C1)C3CCC(=O)NC3=O)C4=CNN=C4C=5C=CC(F)=CC5,Z3417373633
CN1C=CC=2C=CN=C(C(=O)NCC3=CC=C4CN(C(=O)C4=C3)C5CCC(=O)NC5=O)C21,Z3417380680
O=C(NC=1C=CC(O)=CC1Cl)C2=CC3=C(CCCC3O)NC2=O,Z3464156438
CC=1C=CC(=CC1)CN(C(=O)C=2N=CC(F)=CN2)C(C)C,Z3470167784
O=C(NC=1C=CC(=O)N(C1)CCO)C=2C=NN3C(=CC=NC23)C4=CC=CN=C4,Z3476327031
CN1N=C2C=C(Br)C=CC2=C1C(=O)N3CCN(C)C=4C=C(F)C=CC43,Z3476327911
CS(=O)(=O)NC=1C=CC(=CC1)C2=NOC(CC3CC4CC4C3)=N2,Z3499441171
O=C(NC1COC1)NC2CCCN(C2=O)C=3C=CC=CC3Cl,Z3500621887
CCCC1=NC=CN1C2CCCN(C2)C(=O)C3=C(C=NN3C)C(=O)O,Z3510391249
CC(C)(C)OC(=O)N1CCN2N=CC(C=3C=CC=C4NC(=O)NC34)=C2C1,Z3512101126
CC(C1=NN=CN1)N2CC=C(CC2)C=3C=NC=C4C=CC=CC34,Z3514707194
O=C(NC1=NNC=2C(Cl)=CC=CC12)C3=CSC(CC4CCNC4)=N3,Z3516575847
"CS(=O)(=O)CC1=C(OC2=CC=CC=C12)C(=O)N3CC[C@H]4NCC[C@H]4C3 |&1:19,23,r|",Z3522675928
CC1=NC(CCNC(=O)C=2C=CC(F)=C(O)C2F)=C(C)O1,Z3542214409
CC=1C=CC(F)=CC1C2=NC(=CS2)C3=CN(CC4CCCNC4)N=N3,Z3547698185
O=C1COC=2N=CN=C(NCC34CCCCC3C4(F)F)C2N1,Z3562162156
CN1N=C(CO)C=2CCN(CC21)C(=O)CC3CCCCCC3,Z3587352087
CC=1C=CC=CC1C=2C=C(C(=O)NC=3C=C4C=CC=CC4=NN3)C=5C=NN(C5N2)C(C)C,Z3590119690
CN(C)C=1C=CC=C2SC(=CC12)C(=O)N(C)CC3=NNC(=O)N3,Z3595062178
CC(C)C=1C=CC(=CC1)OCC(=O)NCCC=2C=CN=C(N)C2,Z3599644333
CC1=NC(=CN1)C(=O)N2CCC(CC2)OC=3C=CC(Cl)=CC3,Z3610795373
CC1=NC(=NO1)C=2C=CC(=CC2)CNC(=O)CN3CCN(C)C(=O)C3,Z3610987830
COCC1(CCOC1)C(=O)NC2COC=3C=CC=CC3NC2=O,Z3615962514
CC1(CC=2C=CC=CC2C(=O)O1)C(=O)NCC=3C=NC=NC3,Z3648131259
"CC(C)(C)[C@@H]1C[C@H](CO)CN(C1)S(=O)(=O)C=2C=NC(N)=NC2 |&1:4,6,r|",Z3664146233
NC(=O)C=1C=CC(F)=C(C1)C(=O)NCCC2CCC3=CC=CC=C32,Z3670168364
CC=1OC=CC1C(=O)N2CCOC3(CCS(=O)(CC3)=NC(=O)CC(C)C)C2,Z3675774058
"O[C@@H]1CC(CN2C=CN=C2)C[C@H]1NC3CCN(CC4=CC=CO4)CC3 |&1:1,11,r|",Z3686119116
CC(N[C@@H]1CCN(C1)C2=CC(=O)N(C)C(=O)N2C)C3=CC=CC(=C3)N4C=CN=N4,Z3686132593
"CCC1=NN=C(N1)[C@H]2COC[C@H]2NC=3C=CC(C#N)=NC3 |&1:7,11,r|",Z3686178133
"O=S(=O)(N[C@@H]1CC(CN2C=CC=N2)C[C@H]1O)C=3C=CC=C4CCCCC34 |&1:4,14,r|",Z3686199247
C[C@@H]1COC[C@@](CO)(CNS(=O)(=O)C2=CC(=NN2C)C3CC3)N1C,Z3686251602
C[C@@H]1COC[C@@](CO)(CNS(=O)(=O)C=2C=CC(F)=C3OC=CC23)N1C,Z3686251916
CN1C(=O)NN=C1C2C(CCN2C(=O)C=3N=C(C4CC4)N5C=CC=CC35)C6CC6,Z3686723178
"CN1C=CC=2NC(=CC21)C(=O)N[C@@H]3CC(CN4C=CC=N4)C[C@H]3O |&1:12,22,r|",Z3687015042
"O=C(N[C@@H]1CC(CN2C=CC=N2)C[C@H]1O)C=3ON=C4C=CC=CC34 |&1:3,13,r|",Z3687015215
"O=C(CC=1C=NN2C=CC=CC12)N[C@@H]3CC(CN4C=CC=N4)C[C@H]3O |&1:13,23,r|",Z3687017171
"O=C(N[C@@H]1CC(CN2C=CC=N2)C[C@H]1O)C=3C=CN(N3)C=4C=CN=CC4 |&1:3,13,r|",Z3687018870
"O=C(N[C@@H]1CC(CN2C=CC=N2)C[C@H]1O)C3=CN=CN3C=4C=CC=CC4 |&1:3,13,r|",Z3687025166
"CN(C)CC1=CC(=NO1)C(=O)N[C@@H]2CC(CN3C=C(Cl)C=N3)C[C@H]2O |&1:12,23,r|",Z3687051339
"CC1=CC(=CC(C)=N1)CCC(=O)N[C@@H]2CC(CN3C=CN=C3)C[C@H]2O |&1:13,23,r|",Z3687067543
"O=C(N[C@@H]1CC(CN2C=CN=C2)C[C@H]1O)C3=CNC(=C3)C=4C=CC=CC4 |&1:3,13,r|",Z3687068040
CC=1OC=C(C1C(=O)NC[C@]2(CO)COC[C@@H](C)N2C)C=3C=CC=CC3,Z3687117871
CC1=CC(Cl)=C(NC(=O)C=2C=C3N=CC=NC3=CC2F)C(F)=C1,Z3709603067
O=C(C1=CC=CN2N=NC=C12)N3CCC=4C(=O)NN=C(C4C3)C(F)(F)F,Z3713339416
CC=1C=CC(=CC1)C2=CN(N=N2)C(C)C(=O)NC3=CC=CC(C#N)=C3,Z3726889749
N#CC=1C=NC=2C(F)=C(F)C(F)=CC2C1NCC3=NN=C(N3)C=4C=CN=CC4,Z3765898394
CC(=O)NC1=CC=CC=2CN(CCC12)C(=O)CN=C3N=C(C)NC=4SC(=CC34)C=5C=CC=CC5,Z3766992731
CCC(=O)NCC=1C=CC=2CN(CC2C1)C(=O)C=3C=NC=4NC=CC4C3,Z3768894723
O=S(=O)(NC=1C=NC(=NC1)C2CC2)C=3C=CC=C4COCC34,Z3774457515
C[C@@H]1CN2C=C(C=C2C(=O)N1)C=3C=CC=C4C(=O)NCC34,Z3790682963
COC=1C=C(CNC=2C=CC=CC2N(C)C(C)=O)N=C(N1)OC,Z3797368399
CC=1C=CC2=NC=C(C(=O)N[C@@H]3CC[C@H](CC3)OC=4C=CC=CC4)N2C1,Z3827715079
CC1CN(CC2(CCNC2)O1)C(=O)C3CCCN(C3)C4=CC(=O)NC=N4,Z3829234095
CC(C1CC1)N2C=C(C=N2)NC3=NC=CN4C(=NN=C34)C5=CN=CC=N5,Z3829259075
CN1C=C(C=N1)C2=CC=NC(=C2)NC(=O)N3CCN(CC(O)C(F)(F)F)CC3,Z3842855656
COC1=CC=CC(OC=2C=CC=CC2OC)=C1NC(=O)C=3C=CN=C(C3)C(N)=O,Z3873355708
COC1CCN(CC2=NN=NN2CC3CCOCC3)C(C)(C)C1,Z3880335650
CC1=NN2C(C(=O)N3CCC(CC3)OC=4C=CC(Cl)=CC4)=C(C)N=C2S1,Z3888116536
N#CC=1C=CC=CC1C=2C=CC(=CC2)C(=O)N3CC(CO)C(CCO)C3,Z3895300052
COC=1C=CC=C(C1)C2=CC(CN3C(=O)C=4C=CC=CC4C3=O)=NO2,Z3912206864
CC=1N=CN(C1C)C=2C=CC(=CC2)NC(=O)C3CC4=NC=CN4C3,Z3944259645
O=C(NC=1C=NC=NC1N2C=CC=N2)C=3C=NN4C(=CC(=NC34)C5CC5)C(F)F,Z3989657530
O=S(=O)(C=1C=CC(F)=CC1)C2CCN(C2)S(=O)(=O)C=3C=CC(F)=CC3,Z4004765975
CCC1=NNC=2N=CN=C(C12)N3CC4(C3)SCCC4C(=O)OC,Z4026395698
O=C1C(=CC=CN1C(F)F)NS(=O)(=O)C=2C=NN3CCCCC23,Z4027755786
"O=C([C@H]1CCN[C@H](C1)C=2C=CC=CC2)N3CCCC(C3)C4=CC=CC(O)=C4F |&1:2,6,r|",Z4028998286
CCCN(CCNC=1N=NC(CC)=C(CC)N1)C(=O)C2COCCN2C,Z4034626283
CC(C)(C)CCCC(=O)NC1(CNC(=O)[C@H]2C[C@@H]2C(F)F)CC1,Z4034641242
ClC=1C=CC(=CC1)N2C=C(N=N2)C=3C=CC=4C=NC=CC4C3,Z4056374611
O=C(NCC1=NC(=NN1)C=2C=CC=CN2)C3=CC=C(S3)C4CCCN4,Z4063391687
CC1=NC=2C(=CC=C3C2CCCN3C(=O)C4CCCC=5SC(N)=NC54)N1,Z4066279236
COC(=O)C=1C=CC(=CC1)NC(=O)CC=2SC(C)=NC2C=3C=CC(=CC3)OC,Z4066528856
CO[C@@H]1C[C@@H](C(=O)NC=2C=CC(=CC2)SC(F)F)N(C1)C(=O)OCC=3C=CC=CC3,Z4066528867
C1=NN(C=C1CN2C=C(CC3CNCCO3)N=N2)C=4C=CC=CC4,Z4079658420
FC1(F)CC1N2N=CC=C2C3=CN(CC4=NNC=5C=CC=CC45)N=N3,Z4079821211
CC=1C=CC=2N=C(C=C(C(=O)NC=3C=CC=C(C3)C(=O)N(C)CC(N)=O)C2C1)C4=CC=CS4,Z4081385991
CC=1C=CC=C(C1)C(=O)NC2CCCCN(C2)C(=O)C=3N=CNN3,Z4088260903
CC1=CC=C(S1)C2=CSC=3N=C(CC(=O)N(C)CC4=CC=CC=C4F)NC(=O)C23,Z4106745143
CC(C)(C(=O)NC1=NC=NN1C=2N=CC=CN2)S(=O)(=O)C3CC3,Z4119029573
FC(F)C=1C=CC(=CN1)C2=NOC(CC3=CNC4=CC=CC(Cl)=C34)=N2,Z4119327417
CCCOC=1C=CC=2NC=C(CCNC(=O)C=3C=NC=C4NC=CC34)C2C1,Z4119332710
N#CC=1C=CC=2NC(=NC2C1)NC(=O)C3CCC3C(N)=O,Z4122876450
CNS(=O)(=O)C=1C=CC=C(C1)C(C)NC(=O)C=2C=CC3=NOC(C=4C=CC(F)=CC4)=C3C2,Z4131950853
[Na+].CC=1SC(=NC1C=2C=CC(Cl)=CC2)C(C)NC(=O)CC3(CCC3)C([O-])=O,Z4188236166
CC(C)(C)C1=NN=C(NC(=O)C=2C=CC=C3CC(C)(C)OC23)S1,Z4135992786
"O=C(N[C@H]1C=2C=CC=CC2OC[C@H]1O)C3CCN(CC3)C4CCS(=O)(=O)C4 |&1:3,12,r|",Z4136978135
N#CC=1C=NC(CN2C(=O)ON=C2CC=3C=CC(F)=CC3)=NC1,Z4137048867
O=C(O)C1=COC=2C=C(NC12)C(=O)NC(CC(F)(F)F)C3CC3,Z4144115318
CC(O)C(C)CNC(=O)CSC=1N=C2C=CC=CC2=NC1N3CCOCC3,Z4154861697
CN1C=C(C=N1)C(=O)NC2=NC(=NN2)C=3C=CC=C(C#N)C3,Z4167811777
CN1CCN(CCC=2C=CC(=CC2)NC(=O)C=3C=NC=4N=CNC(=O)C4C3)CC1,Z4198514577
NC(=O)C(CC=1C=CC=CC1)N2C=C(CCC3CCCN3)N=N2,Z4209674849
CN1C=C(CNCCC=2C=CC=C(Br)C2)N3N=CC(C#N)=C13,Z4214270826
CC=1C=CC(=CC1)C=2C=CC=C(N2)NC(=O)C3=CN=C(O3)N4CCNCC4,Z4214945917
CC(CC(O)C1=CC=CO1)NC=2C=CN3N=CC(Br)=C3N2,Z4226075202
COC(=O)C=1C=CC=CC1NC(=O)C2=COC=3CCNC(=O)C23,Z4235703694
CN(CCC=1C=CC=C(C#N)C1)C(=O)C2=CC=C3N=CC=NC3=C2,Z4235705284
COC=1C=CC(OC(F)F)=C(C1)CNC(=O)C2=NNC=3N=CNC(=O)C23,Z4238486169
O=C(NCC=1C=CC=2NC(=O)NC2C1)C3CC(=O)NC=4N=CC=CC43,Z4252257848
CC(=O)N1CC=2C=CC=CC2C[C@H]1C(=O)N(C)CCC(C)O,Z4282187497
O=C(NC=1C=CC=C(C1)COC2CCCCC2)C=3N=NNC3C4CC4,Z4287585466
CC=1C=CC=C(C1)CC(NC(=O)C=2N=NNC2C3CC3)C4CC4,Z4288773485
COC=1C=CC=CC1C2=CN(CC3=NC=4CCCCC4O3)N=N2,Z2984421744
CN1CCC(CC1)NCC2=CN(CC=3C=CC(Cl)=CN3)N=N2,Z2984444982
COCC(C)=CCN1C(=O)NC=2C=C(C)C=CC2S1(=O)=O,Z2991684053
CC1=NN(C)C(=C1CNC2CCOC32CCCCC3)N4CCOCC4,Z2993409739
O=C(NCC1(CCCO1)C=2C=CC=CC2)C3=NN=C(O3)C=4C=CC=CC4,Z2994508448
C1=COC(=C1)C2=NN=C(CN3CCC(C3)NC=4N=CC=CN4)O2,Z2994670978
O=S(=O)(C1=CC=NN1CC2CCC2)N3CCC=4C=CN=CC43,Z2996137281
C=1C=C(N=CC1C2=NOC(=N2)C34CCCN(CCC3)C4)OCC5CC5,Z2996917895
CC1=NN(C=C1C2=NC(=NO2)C3CCC=4C=CC=CC43)CC(F)F,Z2996942653
CC=1C=NC=2OCCN(C(=O)C=3C=C(N=CN3)C(F)F)C2C1,Z2997203518
CN1CC(NCC1=O)C2=NC(=NO2)C=3C=CN=C(C3)OC4CCC4,Z2997952827
CC(C)(C)C1=NC2=CC(=CC=C2O1)NCC(C)(O)C(F)F,Z2998763329
CC=1N=C2CCC(CN2N1)C(=O)N(CC(C)C)C=3C=CC(F)=CN3,Z2999674325
O=C(CN1CCOCC1=O)N2CC(=O)NC3=CC(F)=C(F)C=C32,Z3000832898
COC=1C=CC(OC)=C(C1)C(=O)NC=2N=CC=NC2C3CC3,Z3001977596
CC1=NC(=CN1C)S(=O)(=O)NC2(CC2)C=3C=CC=4OCCOC4C3,Z3009488683
CC(NS(=O)(=O)C=1C=NN(C)C1)C=2C=NN(C2)CC3CCC3,Z3009707336
CC1=CC(CN2C(=NN=C2N3C[C@H]4CCC[C@H]4C3)C=5C=CC=CC5)=NO1,Z3011900337
COC=1C=CC(=CC1)COCC(=O)NC=2C=C(N(C)N2)C(F)(F)F,Z3016311106
CCC(OC=1C=CC=CC1F)C(=O)NC2(CCC2)C=3N=CON3,Z3016311742
"O=C(N[C@H]1CCC[C@H]1CN2C=CN=N2)C=3C=CC(=CN3)OC(F)F |&1:3,7,r|",Z3016314060
CN(C)C(=O)OC1CCN(C1)C(=O)C=2ON=C3C=CC=CC23,Z3016324847
CC1CCCCN1C(=O)NCC2=NN=C3C=CC(=NN23)N(C)C,Z3016329270
COC=1C=C(CN(C)C(=O)NC=2C=NC3=C(C2)C(C)=NN3C)SN1,Z3016333766
N#CC=1C=C(C=CC1F)NC(=O)N2CCN(C3CC3)C(C2)C(N)=O,Z3016335731
COC=1C=CC=C(C1)C(C)C(=O)N2CCCC(C2)C3=CN(C)N=N3,Z3026725170
O=C(CC1CCCO1)NC=2C=CC=C(C2)C(F)C(F)(F)F,Z3026725531
O=S(=O)(NCC1CN2CCC1CC2)C=3C=CC=C4C=NC=CC34,Z3027210990
C=C(C)CN1C(=NN=C1N2CCC(C)(COC)CC2)C3=CN=CC=N3,Z3027219232
CCN1C(CC=2C=CC=NC2)=NN=C1N3CCC(C)(COC)CC3,Z3027219318
O=C(N1CCN(CC1)C2CCOC2)C3(CCC3)C4(O)CCCNC4,Z3027299415
CC=1OC=2C=CC=CC2C1CNC(=O)C3(CCC3)C4(O)CCNCC4,Z3027300311
CC1=NN(C)C=C1S(=O)(=O)N2CC3(CCNCC3)[C@H]4COC[C@H]42,Z3040119298
CS(=O)(=O)C=1C=CC(=CC1)NCC(=O)N2CC3(CCNCC3)[C@H]4COC[C@H]42,Z3040251056
CC(=O)N1CC2(CCN(CC2)C(=O)C=3C=CC=4N=C(C)SC4C3)[C@H]5COC[C@H]51,Z3041148813
CC1(C)CNCC1NC(=O)C=2C=C3COC4(CCNCC4)CN3N2,Z3042739393
CC(C)(C)N1CCC(NC[C@H](O)C=2C=CC(Cl)=CC2)C1=O,Z3045120497
CNC=1N=CC=CC1C(=O)NC2CC3CCC(C2)N3CC(=O)N(C)C,Z3051930531
CC(C)(NC(=O)C1=CN=C2C=CC=NN12)C(O)C(F)(F)F,Z3053696575
CC(C)C=1ON=CC1NC(=O)C=2C=CC3=NN=C(C(F)F)N3C2,Z3053918516
"C[C@@H]1CN(C[C@H]1O)C(=O)C=2C=CC=C(C2)CNC=3C=CN=CN3 |&1:1,5,r|",Z3056903586
CCN1C=C(C(=O)NC2=NN(CC(F)F)C3=CC=CC=C23)C(C)=N1,Z3060011321
CC(=O)NC[C@@H]1CN(C[C@H]1C2=CN=CN2C)C(=O)CC3=CC(F)=C(F)C=C3F,Z3062847662
COC=1C=C(N=CN1)C(=O)N[C@H]2CCOC[C@H]2NC=3C=CN=C(C)N3,Z3063544447
CC=1C(=CN=C2C=CC=CC12)C(=O)N3CCCC3C=4N=CC=C(N)N4,Z3063544500
N#CC(CS(=O)(=O)NCCCC=1C=CC=CC1)C2CCOCC2,Z3063555239
CCOC=1C=C(N=C(C)N1)N2CCC(CC3=CNC=N3)CC2,Z3063557169
CC(C)N(C(=O)C1=NN(C=CC1=O)C=2C=CC(F)=CC2)C=3C=CC=C(F)C3,Z3063998998
CC1=CC(=O)OC=2C=C(C=CC12)OCC(=O)NC(C)(C)C3=NN=CN3,Z3071536207
CC=1C=CC(=CC1)C(CNC(=O)CNC=2C=CC=NC2)N(C)C,Z3071553607
COC(=O)C1(CC(C1)OC)N(C)S(=O)(=O)C=2C=CC=C(Cl)C2,Z3071559024
CC(C)(C)OC(=O)C1CCN(CC1)C2=CC(=O)NC=3C=NC=CC23,Z3071585039
CN1CCN(CC1)C=2N=CC=3CN(CC(=O)NC4CC4)CCC3N2,Z3071615344
CC=1C=C(C=NC1N)S(=O)(=O)NC=2C=CC(=CC2)N3CCCC3=O,Z3071632782
CC=1C=C(C=NC1N)S(=O)(=O)N2CCCC=3C=C(F)C(F)=CC32,Z3071632785
CC(C=1C=CC(=CC1)N2C=NC=N2)N(C)C(=O)C=3C=CN(CCF)N3,Z3076424285
CC(C)(CNC=1C=NC=C(N1)N2C=NC=N2)C=3C=CN=CC3,Z3076561452
COC=1C=CC=CC1C=2C=CC(=NN2)NCCCN3CCCOC(C)C3,Z3076884545
CC12CC(NC(=O)N2CC=3C=CC=C(F)C3)C=4C=CC=CC4O1,Z3080090935
CC=1C=CC(=CC1)OCC(=O)N2CCN(CC2)C(=O)C3=COC=4COCC34,Z3080289702
CCN1N=CC2=C1CCCC2NC(=O)C=3C=C(N(C)N3)C(F)(F)F,Z3082133617
O=C(NC=1C=C2C=CNC2=CN1)C=3C=CC=C(C3)C(=O)N4CCCCC4,Z3086152366
CCN1C=C(C=N1)C(=O)N2C[C@@H](C[C@@H]2COC=3C=CC=NC3)OC,Z3091707129
COC1(CCCC1)C2=NOC(CC=3C=CC(O)=CC3C)=N2,Z3091770154
CCN(CC1=NC=2CCC(C)CC2S1)C(=O)C3=NOC=C3C,Z3092007371
CC1=NN(C)C(=O)C(C(=O)N2CCOC(CC2)C=3C=CC=CC3)=C1C,Z3092530039
COC=1C(C)=CC=CC1CNC(=O)NC2CCOCC32CCCC3,Z3105585088
CCN1N=NC=C1CNC(=O)N2CCC(CC2)C3=CN=CN3C,Z3112192570
CC(C)(CNC(=O)N1CCC[C@H]1C(F)F)C(=O)N2CCCC2,Z3119530997
"CC=1N=C2C=CC=CN2C1CNC(=O)[C@@]34CNC[C@H]4COC3 |&1:14,18,r|",Z3137898603
"CC1=NNC(C)=C1CC(=O)NC[C@@]23C[C@]3(CNC2)C(F)(F)F |&1:12,14,r|",Z3140259759
O=C(NC=1C=CC(=CC1)CCN2CCOCC2)N3CCCC3C=4N=NNN4,Z3174371560
CC=1C=CC(=NN1)C(=O)NC=2C=CC=C(C2)CN=S3(=O)CCCC3,Z3203844550
N#CC=1C=CC=2CC(CC2C1)NC(=O)C3=CN=C(NC3=O)C4CCC4,Z3203975924
O=C(C=1CC(ON1)C=2C=CC=CC2)N3CCC(CC4=NN=NN4)CC3,Z3204254681
CC(C)(C)C1CCN(CCO1)C(=O)C=2C=CC(=CC2)C=3C=NNC3,Z3207446338
CCOC=1C=C(C)C(=CC1C)S(=O)(=O)NC=2C=CC(=CC2)NC(C)=O,Z3269083790
O=C1C[C@@H](NC(=O)N1CC23CCC(CC2)O3)C=4C=CC=CC4Cl,Z3211491016
CN1CCN(CCOC=2C=CC(=CC2)NC(=O)C=3C=CC=C(C3)NC(=O)C=4C=CC=NC4)CC1,Z3214698959
O=C(NC=1C=CC=C2OCCOC12)N3CCNC(C3)C=4C=CC=CC4,Z3216017489
CN(C)C=1N=CC=C2C1CCCN2C(=O)C3=COC(=N3)C4CC4,Z3216017778
"COCC1CCCN(CC1)C(=O)[C@@H]2CO[C@H](CNC(=O)C=3C=CC=CC3O)C2 |&1:12,15,r|",Z3252861539
O=C1NC(=NC=2SC=3OCCCC3C12)C4=NN=C(N4)C5CC5,Z3253743704
COC(=O)C1(CC2=CN(C[C@H]3COCCO3)N=N2)CC=CCC1,Z3254845045
CC=1C=NC=C(C1)CC(=O)N2CC3(C2)CC(NC(=O)[C@H]4CCCO4)C5=NC=CN53,Z3260350078
CC1=NC=CN1C=2N=CC=CC2CNC3CCCC=4C=CC(F)=CC43,Z3268554607
O=S(=O)(C=1C=CC(=CC1)OC(F)(F)F)N2CCOC[C@H]2CO,Z3290443112
O=S(=O)(C1=CC=2C=CC=CC2CC1)N3CCC[C@H]3C4=NC=NN4,Z3290444900
CN1N=CC=C1NC(=O)NCC2CN(CCN2)C(=O)OC(C)(C)C,Z3290576637
OC[C@@H]1COCCN1C=2C=C(N=CN2)C=3C=CC=C(Cl)C3,Z3290577907
O=C(CCN1CCCC2=CC=CC=C21)N[C@H]3CC[C@H](O)CC3,Z3290588580
O=C(CCCC1=CC=CS1)NC2=NC=3CCNC(=O)C3S2,Z3290620439
CC(C)C1(O)CCC(CC1)NCC=2C=CC=CC2N3CCN(C)CC3,Z3290692563
CC=1C=NC=C(C1)S(=O)(=O)NC=2N=CC=CC2OC(C)C,Z3294484080
COCC(NC(=O)C1=CC(=CN1)S(=O)(=O)N(C)C)C=2C=CC=C(Br)C2,Z3303387572
O=C(NCC(O)CC=1C=CC(F)=CC1)C=2C=NC=3NC=CC3C2,Z3303387661
CN(C(=O)C1=CC=2C(Cl)=CN=CC2S1)C(CO)CC=3C=CC=CC3,Z3303387744
O=C(C=1N=COC1C=2C=CON2)N3CCOC=4C(Br)=CC=CC4C3,Z3303387764
COC(=O)CCC1=CC=CC=C1C(=O)N(C)CC(C)C2CCCCC2,Z3303387784
Cl.C[C@H]1CNC(=O)[C@]2(CCCNC2)C/C=C/COC=3C=CC=CC3C(=O)N1,Z3313310327
CC1=CNC(CC(N)=O)=C1C(=O)NC(CO)CC=2C=CC=CC2,Z3336356979
CN1N=C(CN2C=C(N=N2)C3=NC(=CS3)C4CC4)NC1=O,Z3343638463
CC1=NOC(C)=C1C2=CN(N=N2)C(C(=O)N(C)C)C=3C=CC=CC3,Z3343963822
COCC1=CC(CN2C=C(N=N2)C34CC5CC(CC(C5)C4)C3)=NO1,Z3344114926
O=C1NC=2C=CC=C(C=3C=CC(=NC3)N4CC[C@@H](O)C4)C2N1,Z3347776750
CC=1C=NN(C)C1S(=O)(=O)NC(=O)C2CCC=CCCC2,Z3357267511
CC=1C=CC(=CC1C2=NN=NN2C3CC3)NC(C)C4=CNC=N4,Z3359861544
CC1=NN=C(C=2C=CC(=CC2)C(=O)N3CCNC(CC=4C=CC(F)=CC4)C3)N1C,Z3361463550
CCOC(=O)C=1N=NNC1C2CCCN2C(=O)C=3C=C4C=CC=CN4C3,Z3366602695
CCN1C=C(CNC=2C=CC=C(C2)C3=NC(C)=C(C)N3)N=N1,Z3366956635
O=C(CCC1=NC(=NO1)C=2C=CN=CC2)N3CCCCC3CC=4C=CC(O)=CC4,Z3370964814
CN1CCC(CC1)OCC2=NC(=NO2)C=3C=CC(=NC3)OC=4C=CC=CC4C(F)(F)F,Z3377781911
CC(NC=1N=CC=2COCCC2N1)C=3C=CC=C(C3)N4CCCC4,Z3391349483
CCOC=1C=CC=2N=C(N[C@@H]3CCN(C3)C(C)=O)SC2C1,Z3393075171
FC=1C=CC=CC1C=2C=CN=C(N2)N3CCN(CCC=4C=NC=CN4)CC3,Z3393270604
C1=CC=C(C=C1)CC2CN(CCN2)C3=NN=C(S3)C=4C=CC=CN4,Z3393334332
CC=1C=C(C)C=2N=CC(C#N)=C(C2C1)N3CCC(O)(C3)C4=CC=NN4,Z3395953899
CC1=CC(=CC(C)=C1C#N)C(=O)N=S(C)(=O)C2CCN(CC2)C(=O)C3CCCCCC3,Z3397372308
COC=1C=CC=CC1CC(C)(C)NS(=O)(=O)C2=CN=C(N)C(C)=C2,Z3405896623
O=C(NC=1NN=CC1C2CCC2)NC=3C=CC(=CC3)CN4C=CC=N4,Z3406721879
CN1C(=O)NC(C)(C1=O)C=2C=CC(=CC2)NC(=O)C=3C=CN=CC3Cl,Z3409369143
CNC(=O)C1CCS(=O)(=O)C21CN(C2)C(=O)NCC=3C=NC(C)=CC3C,Z3416082363
CN1N=CC=C1C23CC(CC2)C3C(=O)NC=4C=CC(=NC4)NC5CCCC5,Z3416409127
CN(C)C=1N=CC=C(N1)C2CN(C)CC32CN(C3)C(=O)CCC4=CC=CC=C4O,Z3416515429
CC=1C=C(C(=O)N2CCOC3(CCS(=N)(=O)CC3)C2)C=4C=CC=CC4N1,Z3416608883
O=C(NC=1C=CC=C(C1)C=2C=NNC2)C=3C=NC=4C=NNC4C3,Z3464156174
CC(C)OC=1C=C(C=CN1)C2=NOC(=N2)C3=CC4=CC(F)=CC=C4N=C3O,Z3466472711
CC1=C(NC(=O)C=2C=CC=CC12)C3=NC(=NO3)C=4C=CN=C(C4)OC(C)C,Z3466472713
CC(O)[C@]1(C)CCCN1C(=O)NCC=2C=NN(C2)CC=3C=CC=CC3,Z3467341773
CN1C(=NC=2C=NC=C(C(=O)NC=3C=CC(=CC3)OCCN4CCCCC4)C21)C(F)(F)F,Z3477978353
CC(=O)NCC=1C=CC(=CC1)C(=O)N2CCN3C(CC=4C=CC=C(F)C4F)=NN=C3C2,Z3491088060
COC=1C=CC2=C(C1)N=C(C3=C(C)ON=C3C4CC4)N2C,Z3492818321
COC=1C=CC(CS(=O)(=O)CC(=O)N2CCCC2(C)C)=C(C)N1,Z3494342317
OCC=1C=CC=C(C1)OCC2=CN(CC=3N=COC3C(F)F)N=N2,Z3497567763
O=C(NCC1=NC=2C=CC=CC2N1)C3=CC=4CNCCCC4S3,Z3515367521
"CN1N=C(C(=O)N[C@@H]2CCCC[C@H]2NC(=O)C=3C=CC=CC3)C=4CNCCC41 |&1:7,12,r|",Z3517433759
CCC(C)(NC(=O)C=1C=CC(F)=C(O)C1F)C2=NC=CS2,Z3535979526
N#CC=1C=NC=2C=NC=CC2C1N3C4CCC3CC(O)(C4)C=5C=CC(Cl)=CC5,Z3558672120
"CC=1OC(=NC1C(=O)N[C@@H]2C[C@H]2C=3C=NN(C)C3)C4=CC=CS4 |&1:9,11,r|",Z3577564028
CC=1C=C2CN(CCC2=CC1O)C(=O)C3(CCOCC3)C4=CC=C5OCOC5=C4,Z3585668628
COC=1C=C(C)C(=CC1S(=O)(=O)NC=2C(=O)N(C=3C=CC=CC3)N(C)C2C)C(C)C,Z3681224141
C[C@H](NC(=O)NC1=NC2=CC=3OCOC3C=C2S1)C(C)(C)O,Z3603154228
O=C(N[C@H]1CC2(CCCC2)OC=3C=CC(Cl)=CC31)C4=CNN=N4,Z3608080947
CN(C(=O)C=1C=CN=CC1)C=2C=CC(=CC2)CNC(=O)C3=CC(=O)NC=4C=CC(=CC34)[N+]([O-])=O,Z3614139776
CN1C=C(CS(=O)(=O)CC(O)C=2C=CC=CC2)C(=N1)C(F)(F)F,Z3630035803
CC(C)(C)C=1C=CC(=CN1)C=2C=NC3=C(C2)NCCS3(=O)=O,Z3631493767
"O=C1C[C@H]2OCC[C@]2(CN1)C3=NC(=NO3)C=4C=CC=5CCCC5C4 |&1:3,7,r|",Z3634908802
CC1CCCC1CC(=O)NCCC(O)(C2=NC=CO2)C(F)(F)F,Z3649413426
O=C1NC(=O)C=2CN(CC3CCC(O3)C=4C=CC=CC4)CC2N1,Z3654391942
CCOC(=O)C(NS(=O)(=O)C1=CN=CS1)C2CCCCO2,Z3656285220
O=C(NC1COC2(C1)CCCCC2)N3CCC4(CC3)OC(=O)NC=5C=CC=CC54,Z3660187561
"CO[C@H]1CCN(C[C@H]1F)C(=O)C=2N=C(C)N=C3NC=CC23 |&1:2,7,r|",Z3672366550
CC=1NC=NC1C(=O)N=S2(=O)CCC3(CC2)CN(CCO3)C(=O)CC4CC4,Z3674220687
"O[C@@H]1CC(CN2C=CC=N2)C[C@H]1NCC3=NC=CN3C4CC4 |&1:1,11,r|",Z3686077854
CN1C(=O)NN=C1C2C(CCN2C=3N=CC=C(C#N)C3Cl)C4CC4,Z3686106857
CC(NC[C@]1(CO)COC[C@@H](C)N1C)C2=CC=C3C=CC=NC3=C2,Z3686200296
"O[C@@H]1CC(CN2C=CC=N2)C[C@H]1NC=3N=CN=C4CCCCC34 |&1:1,11,r|",Z3686304655
"N#CC=1C=C2C=CC=CC2=NC1N[C@@H]3CC(CN4C=CN=C4)C[C@H]3O |&1:13,23,r|",Z3686327582
"CNC(=O)C[C@@H]1CN(C[C@H]1O)C=2N=NC(=CC2C(F)(F)F)C3=CC=CO3 |&1:5,9,r|",Z3686386985
"CC1=NC=CN1C=2C=C(C=CN2)C(=O)N[C@@H]3CC(CN4C=CC=N4)C[C@H]3O |&1:15,25,r|",Z3687021483
"CC=1CCN(N1)C=2C=CC(=CC2)C(=O)N[C@@H]3CC(CN4C=CC=N4)C[C@H]3O |&1:15,25,r|",Z3687023715
"O=C(N[C@@H]1CC(CN2C=CN=C2)C[C@H]1O)C=3C=CC(=CC3)C4=CCCC4 |&1:3,13,r|",Z3687063513
"O=C(N[C@@H]1CC(CN2C=CN=C2)C[C@H]1O)C=3C=CN4N=NC=C4C3 |&1:3,13,r|",Z3687067926
C[C@@H]1COC[C@@](CO)(CNC(=O)C=2C=CC=CC2N3C=CC(=N3)C4CC4)N1C,Z3687118583
"CNC(=O)C[C@@H]1CN(C[C@H]1O)C(=O)C=2C=CC=3C=C(NC3C2)C=4C=CC=CC4 |&1:5,9,r|",Z3687142883
"CNC(=O)C[C@@H]1CN(C[C@H]1O)C(=O)CCN2C=CC3=CC=CN=C32 |&1:5,9,r|",Z3687143532
"CNC(=O)C[C@@H]1CN(C[C@H]1O)C(=O)C2=CC=3N=CC(=CC3N2)C(C)C |&1:5,9,r|",Z3687143962
CC=1N=C(N=C(C1C)N2CC[C@H](C2)N(C)C)C(=O)N3CCN4N=CN=C4C3,Z3687169393
"C[C@@H]1CC=2C(=NNC2[C@H](C)O1)C(=O)NCC3(CC3)N4N=CC=N4 |&1:1,8,r|",Z3687348180
CN(CCCCC=1C=CC=CC1)C(=O)[C@@H]2CC3(CN2)OCCO3,Z3697034965
CC(NC(=O)C1(C)CC=2C=CC=CC2N1)C=3C=CC=4NC(=O)OC4C3,Z3698226561
CN1C=C(C=N1)CC(CO)NC(=O)C=2SC=CC2S(=O)(=O)N3CCC(CO)CC3,Z3709457952
CCC(NC(=O)C=1C=CC(=CC1OC)CO)C2CC3=CC=CC=C3C2,Z3711584175
COC=1C=CC(=CC1)S(=O)(=O)NC2=NC(=CS2)CC(=O)N3CC=4C=NNC4C3,Z3759342803
O=C1NC=2C=CC=CC2C1(O)CCNC=3N=CN=C4C=CC(Br)=CC34,Z3765847382
CC(=O)NC=1C=CC=C(C1)CC(=O)NC=2C=CC=C3NC(=O)OC23,Z3782161383
CS(=O)(=O)CCC1=CN(CC2(CCCCC2)C(F)(F)F)N=N1,Z3789323959
O=C1NCC2CCC1N2S(=O)(=O)C=3C=CC=CC3OC(F)(F)F,Z3792381698
O=C(NCC=1C=NN2CCNCC12)C3COC=4C=CC=5C=CC=CC5C4C3,Z3793759648
O=C(NC=1C=CC(=CC1)CCO)C=2C=CN=C3NC(O)=NC23,Z3827845976
"CCOC(=O)[C@@H]1C[C@H]1C2=NN=C(N2)C=3C=CC=C(C3)C(F)(F)F |&1:5,7,r|",Z3827926114
O=C(NC=1C=NNC1)C2=CC=3C(=CC=C4C=CC=CC34)O2,Z3876016624
O=C(NC=1C=NNC1)C2=CC=3C=CC=CC3N2CC=4C=CN=CC4,Z3876017586
CC(C)OC=1C=CC=C(N1)C(=O)N2CCOC3(CCSC3)CC2,Z3910673002
O=C(C1=CC=2C=C(Cl)C=CC2N1)N3CCN(CC3)C(=O)C(F)C=4C=CC=CC4,Z3952008066
O=C(NCC1CCN(C1)C(=O)C2CC(F)(F)C2)C3=CC4=CC(Cl)=CC=C4N3,Z4002424598
COC(=O)C=1C=CC=2N=C(SC2C1)N3CCC(C3)C=4C=CC(=CC4)OC,Z4002438540
O=C(NC=1C=CC(=CC1)OC2CCNCC2)C=3C=C4CC(F)CN4N3,Z4004973739
"O=C(C=1C=NC=2CS(=O)(=O)CCC2C1)N3C[C@H]4COC[C@]4(C3)C=5C=CC=CC5 |&1:16,20,r|",Z4019042965
O=C(CN1C=C(C=N1)NC(=O)C=2C=C(F)C=C3C=CC=CC23)N4CCOCC4,Z4021186156
CSCCC(CO)NC(=O)C1=CC=C2CCCC(=O)NC2=C1,Z4021676969
C=1C=CC2=C(C1)NC=3N=CN=C(C23)N4CCC(CC4)C=5N=CC=6CNCCC6N5,Z4024814918
O=C1NC(=O)C=2CCN(CC3CCC4(CCC5(CC4)OCCO5)O3)CC2N1,Z4030957900
COCC(NC(C(=O)OC)C1=CC=CC(=C1)C(F)(F)F)C=2C=NN(C)C2,Z4031322440
CC=1C=C(C=CC1C#N)S(=O)(=O)NCCC=2C=C(ON2)C(C)(C)C,Z4034656989
CC1=NN2C(=CC(C)=NC2=C1Br)NCC=3C=CC=NC3OC(C)C,Z4039609078
NC(=O)C=1C=CC=2CCN(CC2C1)C(=O)CC=3C=CC(F)=CC3C(F)(F)F,Z4076881556
O=C(O)C(F)(F)F.CN(C)C=1N=CC=C2CCN(CC12)C3=CN=C(C=N3)C(=O)N4C[C@H]5CNC[C@H]5C4,Z9744234212
O=C(O)C(F)(F)F.COC=1C=CC(CO)=C(C1)C=2C=NC=C(N2)N(C)C3CCNC3,Z5268457136
"COCCN1N=C2C(C[C@@H](C)O[C@H]2C)=C1C(=O)N3CC(=O)NC4=CC=CC=C4C3 |&1:9,12,r|",Z4107138808
CC1(O)CCN(CC1)C2=NC=CC=3C(=CC=CC23)S(N)(=O)=O,Z4108585570
O=C(C=1C=CN=C(C1)NC2CCC2)N3CCN(CC3)C4=CC(=NN4)C=5C=CC=NC5,Z4119329307
CC1=C(SC=2N=CNC(=O)C12)C(=O)N3CC(CO)CC=4C=CC=CC43,Z4128245835
CNS(=O)(=O)C=1C=CC=C(C1)C(C)NC(=O)C=2C=CC3=NN=C(C=4C=CC=CC4)N3C2,Z4131950748
NC(=O)C=1C=C(C=2C=CC=CC2Cl)N(N1)C=3C=CC=CC3,Z4133571595
CC(OC=1C=CC(Cl)=CC1CO)C(=O)N(C)CCN2C=NN=C2,Z4135151618
CC=1C=CC(Br)=CC1C(=O)N2CCN(CC=3C=CC(F)=CC3F)C(=O)C2,Z4136004237
CC=1N=C(SC1C(=O)N2CCCCCO2)C=3N=CC=CN3,Z1824317024
COC(=O)CN(C(=O)C1=CN(CC=2C=CC=CC2)C3=CC=CC=C13)C4CC4,Z1370798991
CN1C(=O)NC=2C=CC(=CC21)C(=O)NC3CCC(C3)C=4C=CC(F)=CC4,Z1944310002
CC=1C=C(NC(=O)C2CC2)SC1C(=O)N(C)C=3C=NNC3,Z1323766541
C=1C=CC=2OC(=NC2C1)C3CCCCN3CC4=NN=C5CCCCCN45,Z1426185041
COC=1C=C(C)N=C(N1)N2CCN(CC2)C(=O)C=3C=CC=C(N3)C(C)C,Z1426532918
NC(=O)CN1CCCC(C1)NC(=O)C=2C=C(ON2)C=3C=CC(F)=CC3,Z1426751745
CN(C)C(=O)C=1C=CC(=CC1)CNC(=O)N2CCN(CC2)C3CCOCC3,Z1326111322
OCC(CC=1C=CC(F)=CC1)NCC=2C=CC(Cl)=CC2N3C=NC=N3,Z1950598555
CCC1C(=O)NCCN1C(=O)C=2C=CC=C(C2)C=3C=NC=4NC(=O)N(C)C4C3,Z1723438445
O=C(NCCOC=1N=CC(Cl)=CC1Cl)N2CCN(CC3CC3)CC2,Z1427858142
CCN(CC=1C=CC=C(F)C1)C(=O)CN2CCN(CC2)C3CCOCC3,Z1327607412
COC=1C=CC(=CC1)CN2CCC(NC(=O)C=3C=CC=4N=C(C)N(C)C4C3)C2=O,Z1952193647
CC(C(=O)NCC1CC(=O)N(CC=2C=CC=CC2)C1)C3=CN(C)C=4C=CC=CC34,Z1724709238
COCC(CC=1C=CC=CC1)N(C)C(=O)C2=CC(=NN2)C3=CC=CS3,Z1833954542
O=C(COC=1C=CC=CC1N2C=CN=C2)NC=3C=CC(Cl)=CC3,Z1329695974
CC=1C=CC(=CC1S(=O)(=O)NC=2C=CC=NC2)C(F)(F)F,Z1329681070
CC1=CC(=CC(Cl)=C1)C(=O)N(C(C)CS(C)(=O)=O)C2CC2,Z1432081156
CN1N=C(C=C1NS(=O)(=O)CCC=2C=CC=CC2)C3CCCCC3,Z1431662815
CC(C)C=1C=C(ON1)C(=O)NCC=2C=CC=C(N2)N3CCOCC3,Z1726974755
CC1(C)COCCN1C(=O)C=2C=CC(=CC2F)C=3C=NC=NC3,Z1732440603
CC=1C=CC=C(C1)CC2(O)CCN(CC2)C(=O)C3=CN4C=CC=CC4=N3,Z1953962839
COC1=CC(=NN1C)C(=O)NC(CO)C=2C=CC(=CC2)C(F)(F)F,Z1727396203
O=C(NC=1C=NN(C1)CC=2C=CC=CC2)C3=NN4CCCNC4=N3,Z1331932827
CCC1CN(CC2(CCOC2)O1)C(=O)C(C)C=3C(C)=NN(C)C3C,Z1954659281
O=C(CC=1C=CC=CC1)N2CCCC2C(=O)NC=3C=CC=4CCS(=O)(=O)C4C3,Z1433428953
CN(CC=1C=CC(=CC1)OCC(=O)O)C(=O)C=2C=CC=C3NC=CC23,Z1728514503
CC(C)CN1C=NC(=C1)S(=O)(=O)N2CC(=O)NC3=CC=CC=C32,Z1729772811
CC(C(=O)NC=1C=NN(C1)C=2C=CC(Cl)=CC2)N3CCN(C)CC3,Z1729614993
O=C(NCC=1C=CC(=CC1)C=2C=CN=CC2)NCC=3C=CC(=CC3)C4CC4,Z1838695705
O=C(NC1(CCCC1)C(=O)N2CCC3=NNC(=O)C=C3C2)C=4C=CC=5NN=CC5C4,Z1730126085
O=C(NCC1=CSC(=N1)C2=CC=CO2)N3CCC(C3)N4CCCC4,Z1435884588
COC=1C=C(Cl)C=CC1NC(=O)C=2C=CC=C(C2)NC=3C=NC=CN3,Z1730213571
CCC=1C=C(N=CN1)N2CCC(CC2)NC3=NC=NC4=C(C)C=CC=C34,Z1436027860
CCOC1CC(N(C)C(=O)NC2CCC=3C=NNC3C2)C41CCC4,Z1435792763
COC=1C=NC=C(N1)C(=O)NC(C=2C=CC=CC2)C3=CC=CC(=C3)S(C)(=O)=O,Z1840037632
CCN1C=C(C=N1)C2CCN(CC2)C(=O)NCC=C(C)C,Z1839204283
O=C1CN(CCN1C=2C=CC=CC2)C3=NN=C(S3)C(F)(F)F,Z1731320316
CC1=NC(CC2=NC(=NO2)C=3C=CC(=CC3)N4CCCCC4)=C(C)S1,Z1437339124
BrC1=CC=C(O1)C2=NOC(=N2)C3=CC=NN3C4CCCC4,Z1437339419
CC=1C=CN=C(C1)C2=NNC(=N2)C(C)NC(=O)C3CCC(F)(F)C3,Z1959068320
CC=1N=C(C=2C=CNC2N1)N3CCN(CC3)C(=O)C4CCCN4C,Z1439488490
COC=1C=CC=C(C1)OCCN2CCN(CC2)C(=O)C=3C=CC(=C(F)C3)N4C=CC=N4,Z1439712239
CCOC=1C=CC=NC1C(=O)NC=2C=CC(Cl)=C(C2)NC(C)=O,Z1336852274
CNS(=O)(=O)C1=CSC(=C1)C(=O)NC=2C=CC(=CC2)OC3=CC=CC=C3Cl,Z1336787469
CC(O)C(C)(CNC(=O)C1CCCN1C)CC=2C=CC=CC2,Z1843028270
CC(CN1CCN(CC1)C=2C=CC=CN2)NC(=O)C3=C4CCCCC4=NN3C,Z1439578224
CC(C)OC=1C=CC(=CN1)C(=O)NC(C)(C2CC2)C(F)(F)F,Z1337562993
COC=1C=C(C)SC1C(=O)N2CCC3C(CCCN3C)C2,Z1441304384
CCOC(=O)C1=CSC(=N1)C2CCCN2C(=O)NC=3C=CC(=CC3)C(C)(C)C,Z1844469125
CC=1C=CC=C(N1)C2CCCN2C(=O)CCN3C(=O)N(C)C=4C=CC=CC43,Z1441562928
CC=1C=CC=2C(=CNC2C1)CCC(=O)N3CCN(CC3)C(=O)C4CCCN4C,Z1441924256
CCC=1N=C(SC1C(=O)OC)N2CCN(CC2)C=3C=CC=CN3,Z1737880886
CCC(CO)N1CCN(CC1)C(=O)NC=2C=CC(=CC2)C(=O)NC(C)C,Z1341322593
O=C(C=1C=CN=C2C=CN=CC12)N3CSCC3C(=O)N4CCCC4,Z1738907086
O=C(O)CCC(NC(=O)CCCC1=NC=2C=CC=CC2C(=O)N1)C=3C=CC=CC3,Z1444479412
CC(=O)N1CCCN(CC2=NC(=NO2)C=3C=CC(F)=C(C)C3)C4=CC=CC=C41,Z1444198078
O=C(CCN1C=NC=2SC=CC2C1=O)N3CC(C=4C=CC=CC4)C5CCCCC53,Z1740628571
O=C(O)C1CC1C(=O)NC=2C=CC=C(C2)C3=NC=4C=CC=CC4N3,Z1443942000
CCN(CCC(=O)O)C(=O)C=1N=NN(C1C)C2=CC=CC(C)=C2,Z1444274452
CC=1C=C(C=CC1NC(=O)C2=CC=3C=CC=CC3N2)OCC(=O)O,Z1445128234
CC(=O)N1C=CC2=CC=CC=C2C1CC(=O)NCC(C)C(=O)O,Z1445216267
CC1CCCCN1C(=O)C=2C=CC(=CC2Cl)NCC3=CC(=O)N(C)C(=O)N3C,Z1343207543
CN1CCN(CC1)S(=O)(=O)C=2C=CC=CC2CNC(=O)C3=CC=CC(=C3)CO,Z2196667008
COC=1C=CC(=CC1Cl)S(=O)(=O)N2CCC(O)(CC3=CC=CC=C3F)CC2,Z1901572108
CC1=NNC(=C1NC(=O)C2=CSC(=N2)C=3N=CC=CN3)C=4C=CC=CC4,Z2198303139
N#CC1CCN(CC2=NC(=NO2)C=3C=C(F)C(F)=C(F)C3)CC1,Z1447252417
N#CC=1C=CC=C(C1)CC(=O)NCCNC=2C=CC3=CC=CC=C3N2,Z1344190934
CC1=CC(CC(C)NC(=O)NC2CCC=3C(Cl)=CC=CC32)=NN1,Z1447584591
CC=1C=C(OC1C)C(=O)NS(=O)(=O)C=2C=CC=3CCCN(C)C3C2,Z1448158523
CC=1C=C(CN2C=NC=3C=4C=CC=CC4OC3C2=O)N=CN1,Z2199105934
CN1CCC2(CCN(C2)C(=O)NCC3=CC(=NO3)C=4C=CC=CC4)C1,Z2199364486
COC=1C=CC=2NC=C(CC(=O)NC3CCN(CC3)C=4C=C(C)N=C(C)N4)C2C1,Z1344770531
CC1CN(CC=2C=CC=CC2O1)C(=O)NCC3CCOC4=CC=CC=C43,Z2199997498
CC(C)CN(CC(O)C=1C=CC(F)=CC1)C(=O)NCC2CC(=O)NC=3C=CC=CC32,Z1345982752
COCC=1C=CC=C(C1)CC(=O)N2CCC(CC2)C=3N=CC=C(C)N3,Z1743828535
CN1CCC(CC1)N2C=CC(=N2)NC(=O)C3=CC(=O)N(C)C=4C=CC=CC34,Z1903671135
NC(=O)C=1C=CC(=CC1)NC(=O)CCN2CCCC(C2)NC=3C=CC=CC3,Z1450129956
CC(C(=O)NC(N)=O)N1CCCC(C1)NC=2C=CC=CC2,Z1450129021
C[C@@H](NC(=O)C=1C=C(C=CN1)N2CCOCC2)C3=CC=CC(Cl)=C3,Z1852984490
CC(C)(C)N1C=C(C#N)C(=N1)NS(=O)(=O)C=2C=CC=3OCCC3C2,Z1346614257
COC=1C=CC(C)=CC1N2C=CC(=N2)C(=O)NS(=O)(=O)C3=NN=C(C)S3,Z1904194482
CCC1C(=O)N(CC)CCN1S(=O)(=O)C=2C(F)=CC(=CC2F)OC,Z1745030199
O=C(NCC1(CCCC1)C=2C=CC=C(F)C2F)NC3CCC=4NN=CC4C3,Z1856430134
CC=1C=CC=NC1C(=O)NS(=O)(=O)C=2C=CC=C(Cl)C2Br,Z1857161603
COC(=O)C=1C=C(C=C2NC=CC12)NC(=O)CC=3C=C(C)NN3,Z2203006484
CN(C)C(=O)N1CCC(CC1)C(=O)N2CCN(C3=CC=CC=C32)C4CC4,Z1745529314
CN1C=C(C=N1)C2CN(CCO2)C(=O)C3CCCN3C4CC4,Z1906473169
CC1=NC(=CS1)C2CCCN2CC(=O)N3CCCCC3C,Z1745285947
CC=1NC(=O)C(=CC1C=2C=CC=CC2)C(=O)NC3CCCN(C3)C=4C=NN(C)C4,Z1348492602
CC=1C=C(NN1)C(=O)NC(C)C2=NC(CC=3C=CC=CC3)=NO2,Z1370734205
CC1(C)CN(C(=O)CN2CCC(=O)NC2=O)C=3C=CC=CC3O1,Z1454067329
CC1=CC(=NN1C2CCCCC2)NS(=O)(=O)C=3C=NN(C)C3C,Z2204963079
CNC(=O)C=1C=C(C)C=CC1NC(=O)C=2N=CC=CC2O,Z1746830547
CN1C=C(C=N1)C2=CNC=C2C(=O)NC3CCCOCC3,Z1747539468
CC=1C=NC=CC1CNC(=O)C2CCC(CC2)NC(=O)CC3CCCC3,Z1748000441
C[C@@H](CNC(=O)CCC=1C=NC=C2C=CC=CC12)OC=3C=CC(Cl)=CC3,Z1864007762
O=C(NC=1N=CN(N1)C2CCCCC2)NC3CC(F)(F)C3,Z1866021832
O=C(CC=1C=CC=2NC(=O)NC2C1)N3CCOC(C3)C=4C=CC=CC4,Z1865939751
NC(=O)C=1C=CC(=CC1)CNC(=O)N2CCCC(C2)OCC3CC3,Z1752115045
CC(C)C=1C=CC=2CCC(NC(=O)N3CCCC(C3)C4=NC=CN4)C2C1,Z1752866813
CC1=CC(F)=CC(C)=C1S(=O)(=O)NC2=CC(=NN2)C(N)=O,Z1966523425
O=C1C2C(O)CCCN2C(=O)N1CC3=CC=4C=CC=CC4N3,Z1869028593
CCC(CC(F)(F)F)NC=1N=CN=C2C1N=CN2C3CC3,Z2212432919
O=C(NC=1C=CC=C(C1)CN2C=CC=N2)C3=CC=C(S3)C=4C=CNN4,Z1869600189
CO[C@H]1C[C@H](C2=NN=C(C)O2)N(C1)C(=O)C3SCCC4=CC=CC=C43,Z1754145706
O=C(O)COC=1C=CC(=CC1Cl)NC(=O)C=2SC=NC2C3CC3,Z1870008453
CC(C)C1=CC(=NN1)C(=O)NCC2(CCOCC2)C(=O)O,Z1870277093
COC=1C=CC(=CC1)CC2CCN(CC2)C(=O)C(C)(C)C=3C(C)=NOC3C,Z1969017124
CC(CC=1C=CC(=CC1)NC(=O)C=2C=CC=3NN=CC3C2)C(=O)O,Z1870256774
NC(=O)CN1CCCN(CC1)C=2C=CN=C3C(=CC=CC23)[N+]([O-])=O,Z2213914213
O=S(=O)(C=1C=CC=CC1F)N2CCN(CC3=COC=N3)CC2,Z1872015611
COC=1C=C(C)C(=CC1Cl)S(=O)(=O)NC2=C(C)C(C)=NN2C,Z1918540609
O=C1CCCN1CC=2C=CC(=CC2)NC=3N=CC=C(N3)OC=4C=CC=CC4,Z1918432303
CC(=O)N1C[C@@H](O)C[C@@H]1C(=O)NC=2C=CC=CC2CCC(F)(F)F,Z1873591783
CC=1C=C(CS(=O)(=O)N2CC(O)CC=3C=CC=CC32)ON1,Z1919248369
O=C(NC=1C=CN=C(C1)OC=2C=CC(F)=CC2F)N3CCC4CCCC43,Z1919437508
CN1N=CC=2C(=O)NC(CCC(=O)N3CCC(CC3)C=4C=CC(F)=CC4)=NC21,Z1368532588
O=C(CCC=1C=CC=CC1)N2CCCN(CC2)C(=O)C3COC4=CC=CC=C43,Z1360725093
CCC=1C=CC(=CC1)C(C)(C)NC(=O)C2=NNC(C)=C2C,Z1361237041
O=C(NC=1C=CC=C(C1)C2=NOC(=N2)C3CC3)C(=O)N4C[C@@H](O)C[C@H]4CO,Z1792519868
CC1=NOC(C)=C1CC(C)NC(=O)N2CC(=O)N(CC3CC3)C2,Z1923466324
CCN(CC)S(=O)(=O)C1=CC(C)=C(C)C(=C1)NCC2=NN=C3COCCN23,Z1973814112
O=C(O)[C@@H]1CC[C@H](CC1)C(=O)NC=2C=CC=C(C2)COC3=CC=C4OCOC4=C3,Z1974291854
CC1=C(C=NN1C2CCCC2)NS(=O)(=O)C3=CC(F)=C(C)C=C3F,Z1881988245
NC(=O)COC=1C=CC=C(C1)OCC2=NC(=CS2)C=3C=CC=CC3,Z1882157251
CC(CNC(=O)C=1C=2CCC(=CC3=CC=CS3)C2N=C4C=CC=CC14)C5=NN=CN5C,Z1972767623
COC=1C=CC(Cl)=CC1CNC(=O)N2CCN(CC(C)(C)O)CC2C,Z1763776905
CC=1ON=C(C1C(=O)NC=2C=CC(F)=C(C2)C(N)=O)C=3C=CC(Cl)=CC3Cl,Z1973625129
CC=1C=C(C=CN1)C(=O)NC=2C=CC(=CC2)OCC=3C=CC=CC3,Z1926158604
CN1C=C(C=N1)CC(=O)NC=2N=CN=C3SC=C(C=4C=CC=CC4)C23,Z2235106620
O=C(NCC1=NN=C(C2CC2)N1C3CC3)C4CCCN4C(=O)C=5C=CC=CC5O,Z1702493981
CC1=CC=CC(C2=NC(=NO2)C=3C=C(C=CN3)N4CCN(C)CC4)=C1O,Z1685686753
[O-][N+](=O)C=1C=CC(C(=O)NCC2CN3CCN2CC3)=C(F)C1,Z1481629383
CC1=NC=2C=C(C=CC2N1C)NC(=O)C=3C=CC=C4N=CC=CC34,Z1276217480
CC1=NC=2C=C(C=CC2N1C)NC(=O)C=3N=CC=NC3N,Z1276216340
CC1(NC(=O)NC1=O)C=2C=CC(=CC2)C(=O)N[C@@H]3C[C@H]3C4=CC=CC(Cl)=C4,Z1974522532
CC=1C=CC(C(=O)NC=2C=CC(=CC2)C3=NC(=NN3)C=4C=CC=CC4)=C(C)N1,Z1481922171
CC(C)C=1C=CC=C(C(=O)O)C1NS(=O)(=O)C2=CN=C3CCCN23,Z1783309304
COC=1C=CC=C(C1)NC(=O)N(C)CC2=NC=CN2CC=3C=CC=CC3,Z1276768002
O=C1NC=2C=C(Cl)C(=CC2O1)S(=O)(=O)NC=3C=CC(OC4CCCC4)=C(F)C3,Z1278768612
CCS(=O)(=O)CCN1C=NC=2C(=NSC2C1=O)C=3C=CC=CC3,Z1278857484
O=C(O)C=1C=CC=CC1C2CCN(CC2)C(=O)C3=CSC(=N3)C4=CC=CC=N4,Z1785644343
CN1C=C(CNC(=O)C2CCCN(C2)C(=O)C=3C=CC=CC3)C(=N1)C(F)(F)F,Z1487233300
CC=1C=C(O)C(=CC1NC(=O)C=2C=CC(=CC2)S(=O)(=O)N3CCCCCC3)C(C)C,Z1394912393
O=C1CCC2=CC(C3=NC(=NO3)C4CCC(F)(F)C4)=C(F)C=C2N1,Z1990246275
O=S(=O)(NC=1C=CC=C(Cl)C1N2CCOCC2)C=3C=CC=C4C=CC=CC34,Z1373350054
O=C(CC1=CCCCC1)N(CC=2C=CC=CC2F)C3CCS(=O)(=O)C3,Z1373903405
O=C(NC1(CCCCCC1)C2=NOC(=N2)C3CCOC3)C4=CC=CO4,Z1488605244
CCC=1C=C(NC(=O)C2=COC=3C=CC(=CC23)OC)N(C)N1,Z1994283323
Cl.CCN1N=CC=C1S(=O)(=O)N2CCCC(C2)N3CCNCC3=O,Z1993828070
Cl.O=S(=O)(C=1C=CC(=CC1)CC(F)(F)F)N2C[C@H]3CNC[C@H]3C2,Z1993848877
CC1CCNC(=O)C1NC(=O)NCC2(CC2)N3CCOCC3,Z1994809284
CC(C)(C)C(NC(=O)C=1C=CC(=CC1)C=2C=CC=CC2)C3=NC(=NO3)C4=NN=CN4,Z1494469830
CC1(C)C(=O)NC=2C=CC(=CC21)C(=O)N3CCC(C3)C4CCOC4,Z1493624052
CN1CCN(C(C1)C=2C=CC=CC2)S(=O)(=O)C3=CC4=CC=CC=C4O3,Z1378436170
CCCCN1CCC(CC1)NC(=O)C(=O)NC2=CC=C(F)C=C2Cl,Z1290269472
CS(=O)(=O)CC=1C=CC(=CC1)CNC(=O)C=2C=NN3CCCCC23,Z1494877563
FC(F)C1CCC(CC1)NCC=2C=CC=NC2N3C=NC=N3,Z1997293484
CC=1C=CC=C(C1)OC=2C=CC=CC2C(=O)N3CCCC(C3)C(O)C(F)(F)F,Z1997542871
COC=1C=C2CCN(CC=3C=C(NN3)C(F)(F)F)CC2=CC1OC,Z1997540933
COC=1C=CC(C)=CC1S(=O)(=O)NC2CC(C)(C)OC=3C=CC=CC32,Z1998315314
CC=1C=CC=C(C1C#N)S(=O)(=O)N2CC(OCC2(C)C)C=3C=CC=CC3,Z1496702639
CC=1C=CC(=CC1S(=O)(=O)N2CCOCC32CCOC3)C(F)(F)F,Z1998580088
O=S(=O)(N(CC=1C=CC=C(O)C1)CC2CC2)N3CCC=4C=CC=CC4C3,Z1496932591
NC(=O)C1CCCCN1C(=O)CN2C=C(Cl)C(=O)NC2=O,Z1381424157
CC=1C=CC(C)=C(C1)S(=O)(=O)NCC2(CO)CCOCC2,Z1497287729
CC1(NC(=O)NC1=O)C2CCN(CC2)C(=O)NCC=3C=CC=CC3N4C=CN=C4,Z1382076479
O=C(NC=1C(F)=CC(F)=CC1F)C2=CN=C(S2)C=3C=CC=CN3,Z1296940193
CSC=1C=CC=CC1S(=O)(=O)N2CCCCC2C=3C=NN(C)C3,Z1766092956
O=C(C1=CNN=C1C=2C=CSC2)N3CCOC4(CCC=5C=CC=CC54)C3,Z1766471560
COC=1C=CC=C(C1)C2=CCN(C2)C(=O)C3=NOC=4CCCCCC34,Z1766683378
CC=1C=CC(=C(C)C1)S(=O)(=O)N2CCC(CC2)C(=O)NC3=CC=CC(=C3)C(C)(F)F,Z1767481206
CC1=CC=C(O1)C=2C=C(NN2)C(=O)NC=3C=CC(=CC3)NC=4N=CC=CN4,Z1886383307
CN1CCN(CC1)C=2C=NC=C(N2)OCC=3C=CC=C(Cl)C3,Z1385386643
CCCC1(CO)CCCN1C(=O)C(C)NS(=O)(=O)C2=CC=CS2,Z1886841114
CC=1C=C(C=CC1CNC=2C=CC3=NN=C(C=4C=CC=CC4)N3N2)S(N)(=O)=O,Z1888634121
O=C(CC=1C=CC(F)=CC1F)N2CCC(CC2)C3=NN=C4CCCN34,Z1389652808
CN1CCC=2C=CC(=CC2C1=O)N3C(=O)N4CCC[C@@]4(C)C3=O,Z1892011657
CC=1C=C(NC(=O)C2(C)CCCO2)N(N1)C=3C=CC=C(Br)C3,Z1389667183
CCC(CC=1C=CC(C)=CC1)NC(=O)NC(C2=NN=CN2)C=3C=CC=C(C3)C(F)(F)F,Z1781646843
CC=1C=CC(NC(=O)N2CCCC2C=3C=CC=NC3)=C(C)N1,Z1393914948
CC1=CSC=2C(=O)N(C=NC12)CC(=O)N3C=4C=CC=CC4CCC3C,Z1899654145
N#CC=1C(=O)N(C=C2CCCC12)CC(=O)NCC3CCC3,Z1899710870
CC=1C=NC=CC1OC2CCN(CC2)C(=O)NC3CCOC4(CCOCC4)C3,Z1897181611
O=C1C=CC=2C=C(C=CC2O1)S(=O)(=O)NC=3C=C(O)C=C(F)C3,Z1478316212
CC(C)(CNC(=O)NC1CCCNC1=O)C=2C=CC=CC2Br,Z1480155581
CCN1C=CC(=N1)C(=O)N2CCC(CC=3C=CC=CC3)CC2,Z2453212285
O=C(NC1=NC(=CS1)C2CC2)C3=CN(CCC=4C=CC=CC4)N=N3,Z2254916822
CC1(C)CN(CCNC(=O)C2=CC=CC3=NC=CN23)CCO1,Z2255324551
COC=1C=CC(NC(=O)C2=CN(CC3CC3)N=N2)=C(C1)OC,Z2256725271
CC1=CC(=NN1C(C)C)C(=O)N2CCOC=3C=CN=CC32,Z2270430348
COC=1C=CC(=CC1)C=2C=CN=C(N2)NC3CCN(CC(F)F)CC3,Z2271522000
FC(F)(F)C=1C=CC=CC1C2CN(CCO2)C=3C=CC4=NN=CN4N3,Z2272278037
O=C1CCC(CN2CC=C(CC2)C=3C=CC=4OCCOC4C3)CCN1,Z2273410046
CCC1=CC=C2N=CC=C(C2=C1)N3CCCC4(CCS(=O)(=O)C4)C3,Z2274105662
CC1(C)CN(C1C=2C=CN=CC2)S(=O)(=O)CCC3CCCC3,Z2277991059
O=C(NCCC=1C=NC2=C(Cl)C=NN2C1)C3CC=CCC3,Z2282585794
CS(=O)(=O)CC1CCC(CC1)NC(=O)C=2C=NC=C(C2)C(F)(F)F,Z2282749646
O=C(NCC1CCCN1CCCO)C=2C=CC=C3C=CSC23,Z2282943666
O=C(NCC1(O)CCS(=O)(=O)C1)C=2C=CC=C(C2)OC3CCCC3,Z2283141538
CC=1C=CC(=C(F)C1)N2CC(CC2=O)C3=NC(=NO3)C4=NN=C(N4)C5CC5,Z2286359853
CC1=CC(=CC(C)=C1C)S(=O)(=O)NC(=O)C(C)OC=2C=CC=CN2,Z2287284806
CC=1C=CC(C)=C(C1)NC(=O)N2CCCC3(CCOC3)C2,Z2290129492
CC1=NN2CCN(CC2=N1)C(=O)NC=3C=CC(=CN3)C4CCC4,Z2295333643
CC1=NOC(=N1)C=2C=CC(=CN2)NC(=O)N3CCC(CC3)C4CCCO4,Z2295812458
CCC1=C(C=NN1C=2C=CC=CC2)C(=O)N3CCC(CC3)N4C=C(C=N4)C(=O)O,Z2296072926
C=CCC1(CCN(C1)C(=O)C=2N=NNC2C3CC3)C(=O)OCC,Z4294678726
N#CC1(CCN(CC1)C(=O)C2CCNC=3C=CC=CC3C2)C4CCCC4,Z4305902570
CC(C)N1CCC=2ON=C(C(=O)NC=3C=CC4=NN=CN4C3)C2C1,Z4307344422
O=C(NCC1CCN(C1)C=2C=CC(Cl)=CC2)C=3C=CC=C(C3)C4(O)COC4,Z4318065475
"CC=1C=CC2=C(C1)[C@H]3CN(C)CC[C@H]3N2C(=O)C4=CN5CCCNC(=O)C5=C4 |&1:7,13,r|",Z4326347737
CC(C)(C)NS(=O)(=O)C=1C=CC(Cl)=C(C1)C(=O)NCCC2=NC3=CC=CC=C3S2,Z4326714186
O=C(C1CNC2=CC=NN2C1)N3CCC=4NN=C(C=5C=CC(Cl)=CC5)C4C3,Z4326883744
C[C@@H](CN1C=C(N=N1)C2CCCC2)NC(=O)C3(CO)COC3,Z4327152124
O=C1C=2C=C(C=CC2CN1C3CCC(=O)NC3=O)N4C=C(N=N4)C5CCCC5,Z4380368233
CCC1=CNC=2N=CC(=CC12)C=3C=CC=C4NC(=O)NC34,Z4387737272
N#CCC1(CN2C(=O)CCC=3C=C(C=CC32)NC(=O)NC(CCO)C=4C=CC(F)=CC4)CC1,Z4400903614
CC=1OC(=NC1CCNC(=O)C23CCC(CO)(CC2)C3)C=4C=CC=CC4,Z4405284862
"O=C1CC[C@H](NCC=2N=CC=CC2F)[C@H](N1)C=3C=CC=CC3 |&1:4,14,r|",Z4425089242
O=C(NC=1C=CC=C(C1)OC=2C=CC=NN2)C=3C=CC(=CC3)CN4C=CN=N4,Z4425234738
CC1=C(N=NN1C)NC(=O)CN2C(=O)C=3C=CC=CC3S2(=O)=O,Z4438322382
CC=1N=NNC1NC(=O)C(C)N2C(=O)C3CCCCC3C2=O,Z4438425299
CCOC=1C=CC=NC1S(=O)(=O)NCC=2C=CC(F)=CC2C(F)(F)F,Z4444512681
CC=1C=NN(C1)CCS(=O)(=O)CC=2C=CC(C)=C(C#N)C2,Z4444673658
CC=1C=CC(=CC1)S(=O)(=O)NCCN(C)CC2=NOC=C2C(C)C,Z4451040413
CC1=CC(=NO1)C(=O)NC(C)C2CCCN(CC(=O)NC(N)=O)C2,Z4461555192
COC=1C=CC2=C(C1)CCC3C2OCCN3C(=O)C4=CC=CN4C5CC5,Z4473241884
N#CC=1C=CC=CC1C=2C=CC(=CC2)C(=O)N3CCSCC3,Z4493220550
O=C(C1=CN(CC=2C=CC(Cl)=CC2Cl)N=N1)N3CCC4=CC(F)=CC=C43,Z4493818133
O=C(CC1CSC=2C=CC=CC2O1)NC=3C=CC=C(C3)C4=NN=NN4,Z4493818989
CC(COCC1CCCCC1)NC(=O)C2CC(O)CN2C(=O)CC=3C=CC=CC3F,Z4497727225
CC=1C=CN=CC1CC(=O)NC2CCCN(CC2)C(=O)C3=CC=CC(O)=C3,Z4510297928
CCC(C)CC=1N=C(C2=CN(CCCF)N=N2)N(N1)C=3C=CC=C(C3)NC(C)=O,Z4510605317
O=C(C1=CSC(=N1)C=2C=CC=NC2)N(CC3CC3)C=4N=CC=CN4,Z4515314591
CC1=CC=C(N1)C(=O)N2CCC(NC(=O)C34CC(C)(C3)OCC4)C2(C)C,Z4522001073
CCC1(CN2C=C(N=N2)C=3C=NC(=NC3)N(C)C)COC1,Z4525750608
O=C(N[C@@H]1C[C@H](C1)C(=O)OCC=2C=CC=CC2)C=3C=C(COC=4C=CC(F)=CC4)ON3,Z4549063871
CNC(=O)[C@H](CC1=CNC=2C=CC=CC12)NC(=O)C3=NNC=4CCN(CC34)C(=O)OC(C)(C)C,Z4560660017
CCCC(CCC)C(=O)N1C2CCC1CC(C2)NC=3C=CN=C(N3)C(=O)OC,Z4561574598
CN(C)C=1C=C(C=C(C1)C(F)(F)F)C2=NC(=NO2)C=3C=NC(=CN3)N4CCNCC4,Z4597721094
NC1=NC(C(=O)NCCCOC=2C=CC(F)=CC2)=C(S1)C=3C=CC=CC3,Z4605071370
O=S(=O)(NC12CCC(CC1)OC2)C=3C=CC(=NC3)N4CCC(CC4)NC=5C=CC=NC5,Z4622555552
O=C(C=1C=CC=2SN=CC2C1)N3CCC(C3)C=4C=CC=CC4,Z4631846108
CC=1NC2=NC=NN2C(=O)C1CCOC(=O)C=3C=NC=C(C3)C(C)C,Z4661214166
O=C1C2=CN=CN2C=3C=CC=CC3N1CC4C5CCCCCC45,Z4661214193
CNC(=O)C=1N=NNC1NC(=O)NC(C=2C=NN(C)C2)C=3C=CC=CC3,Z4661328741
O=C(NC=1C=NC=C2C=CC(F)=CC12)C3CCOC=4C=CC(Cl)=CC43,Z4766813416
C=C1CCC(CNC2=NC(C)=CC=C2S(=O)(=O)N3C4CCCC3CC(=O)NC4)CC1,Z4767405147
COC=1N=CC=C2CCN(CC12)C(=O)CN3CCCCCC3=O,Z4832255164
CN1C(=O)N(C)C=2C=C(C(Br)=CC21)S(=O)(=O)NCCC=3N=CC=C(N3)C4CC4,Z4867096317
CC=1C=CC=C(C1)N2N=C(CC=3C=CC=CC3)N=C2[C@@H]4C[C@H](O)C4,Z4873984772
CNC(=O)C=1C=C(C=CN1)NC(=O)CCN2C(=O)N(C)C=3C=CC=CC32,Z4884305532
CC1=CN(N=C1NC(=O)NCC=2C=CC(=CC2)CS(=O)(=O)NC(C)C)C=3C=CC(Cl)=CC3,Z4898006161
CC1=CC=CN2C=C(N=C12)C=3C=CC=C(C3)NC(=O)NC=4C=CN(CCCC(=O)N(C)C)N4,Z4898006235
O=C(NC(C=1C=CC=2OCCC2C1)C=3C=C(Cl)C=CC3Cl)C4OCCO4,Z4900320803
COC[C@H](O)CN1C=C(N=N1)C=2C=CC=C(C2)C(=O)NCC=3C=CC(C(=O)O)=C(C)C3,Z4910226811
CC=1C(CNC(=O)C(=O)N2CCCCO2)=NOC1C=3C=CC=CC3,Z4923876578
CC=1C=C(C=C2N=NNC12)C(=O)N3CCCCC(C3)C4CN(C4)C(=O)C=5C=NC=C6N=CNC56,Z4927220514
CC=1C=C(ON1)C2CCN(CC2)S(=O)(=O)C=3C=CC=CC3C=4C=CC=CC4,Z4952399971
COC=1C=CC(=CN1)S(=O)(=O)NC(=O)C=2C=NC3=CC=NN3C2C,Z4982080429
CC(C=1C=CC=CC1)N2CC(CC2=O)C(=O)NS(=O)(=O)CC=3C=CC=C4C=CC=NC34,Z4982100090
CC(C)OC=1C=CC(=CC1)S(=O)(=O)NC=2C=CC=3C(=O)N(CC3C2)C4CCC(=O)NC4=O,Z5000147747
O=C(CC=1C=C(F)C=CC1F)NC(CNC(=O)[C@@H]2CC(=O)NC(=O)N2)C3CC3,Z5001810766
O=C1C2=CC=CN2C=CN1CC3=CN(N=N3)C=4C=CC=CC4,Z5006162112
ClC=1C=C(N=C2N=CC=CC12)N3CCN(CC3)C=4C=CC(Br)=CN4,Z5009980576
CSC=1C=CC=C(C1)CN2N=C(C=CC2=O)C=3C=NN(C)C3,Z5041196922
O=C(O)CC1CCCN(C1)C=2N=CC=C(N2)C3=CC=CO3,Z5087950745
CC1(C)OCC=2C=CC(=CC2O1)C=3C=CC=4CCNCC4C3,Z5189129155
OCC=1C=NN(C1)CC=2C=CC(=CC2)C=3C=CC=NC3F,Z5197730121
COC=1C=CC=C(C)C1C(=O)N2CCC(C2)C3CC(C3)NC(C)=O,Z5199084197
CC(C)C=1N=C(C=2C=NN3C2CCCC3C)N(N1)C4CCS(=O)(=O)C4,Z5199088522
O=C(C=1C=CC=CC1Br)N2CC(C2)C3=CN(N=N3)C=4C=CC=CC4,Z5246138433
CCOC=1C=CC=2N=C(NC(=O)C3CCCC4=C3N=CN4C)SC2C1,Z5267666078
CC1=NNC=2C=CC(=CC12)C(=O)NCCN3C(=O)NC=4C=CC=CC43,Z5267702889
O=C(C1=NNC=2CCS(=O)(=O)CC12)N3CCC4=CC=C(Cl)C=C4CC3,Z5349963647
CCOC(=O)C1(CCC1)C2=CN(CC3=NN(C)C=4CCCC34)N=N2,Z5370136181
"COC1[C@H]2CCN(C=3N=CC=C4C3N=NN4C)[C@H]2C1(C)C |&1:3,17,r|",Z5373171053
CC=1C=C(CC2=NC(=NN2C3CCS(=O)(=O)CC3)C4=CC=CC(C)=C4)ON1,Z5428054186
O=C(NCC(F)CO)C=1C=CC=C(C1)N2C=C(N=N2)C=3C=CC4=CN=CC=C4C3,Z5428541743
CC=1C=NN(C1)C=2C=CN=CC2N3C(=O)NC4(CC(C4)C5=CC=CC=C5Cl)C3=O,Z5442551285
CCC1=CC(=O)OC=2C=C(C=CC12)OC=3C=CC4=NN=C(C5CC5C)N4N3,Z5445575734
CC1=CC=C(S1)C=2C=CC(=CC2)CNC(=O)CCC3OCCO3,Z5479353805
COC=1C=CC(Cl)=CC1NC(=O)C(C)OC(=O)C=2C=CN=C3NC=CC23,Z5510885842
CN1N=C(C(=C1C(N)=O)C=2C=CC=3C=CC(O)=CC3C2)C(F)(F)F,Z5519578524
CCC(C)C=1C=CC(=CC1)C(=O)N(C)C(C)CCNC(=O)C2=CNN=N2,Z5553104333
O=C1CC2CC(F)(F)CN2C(=O)C(N1)C3CC=4C=CC=CC4C3,Z5643775249
COCC(=O)N1CCCC1C2CCN(C2)C(=O)C=3C=C(C)C=CC3F,Z5760675614
COC1=CNN=C1C2=NC(=NN2CC=3C=CC(F)=C(F)C3)C4CCOC4,Z5765179669
"CC(C)CCC(=O)N1CC[C@H]2CN(C[C@H]21)C(=O)C3CN(C3)S(N)(=O)=O |&1:10,14,r|",Z5776642018
CCOC(=O)CC1C(=O)NCCN1C(=O)C2=CC=C(O2)C(C)C,Z5812104453
O=C(CC=1C=NN(C1)CC=2C=CC=CC2)NC=3N=CC(=CN3)C4CCCCC4,Z5879931070
O=C(NC1=NC=C2CNCCN12)C3=CNC=C3C(F)(F)F,Z6085024131
O=C(CCNC(=O)C=1C=CC=2C=NNC2C1)N[C@@H]3CCN(C3)C(=O)C4CCO4,Z6336130358
"CCCCC1=NC(C)=C(CC(=O)N2C[C@H](NC(=O)CC3NC(=O)NC3=O)[C@H](C2)C4CC4)S1 |&1:14,26,r|",Z6357946056
[K+].CC(C)(O)CC(CC(=O)N1CCC=2C=CC=CC21)C([O-])=O,Z7043965969
O=C(CC1(CCCO1)C=2C=CC=CC2)NC3=NN(C=C3Br)CC4=CC=CC=C4F,Z6386511665
COC=1C=CC(=CC1)C2(CC2)C3=CN(N=N3)C4CCC(C4)C(=O)O,Z6472200385
C=C1CC1C(=O)N(C)CCN(C)C(=O)C=2C=C3C=CC=CC3=C(N2)OC,Z6739971225
CCN1CCCC=2C=C(C=CC21)C3=NC=4C=C(C=CC4N3C)S(N)(=O)=O,Z6781272837
C1=NN2C=CC(=NC2=C1C3=CNC=4C=CN=CC34)NC5CCCNC5,Z6981523467
CC=1C=NN(C)C1CN(CCC2CCCC2(F)F)C=3C=CN=C(C)N3,Z7216231133
COC(=O)CCCOC=1C=CC=C(C1)C2=NC=3C=NC(N)=NC3N2,Z7217708959
COCCN(CC1=CSN=C1OC)C2=CC=NC3=CC=NN23,Z7226679373
O=C(CCC=1C=CC(F)=CC1)N2CCN(CC(O)C2)C(=O)C3COCCO3,Z7306115560
"O=C(C=1C=CC=CC1C2=NC=CN2)N3C[C@H]4CCN(C(=O)C5CC5)[C@H]4C3 |&1:15,24,r|",Z7371431327
CC=1N=C(C=2C=NN(C2)C=3C=CC=CC3C)N(N1)C4CCOC(C)(C)C4,Z7396325713
COC=1C=CC=C(F)C1NS(=O)(=O)C2=CNC=3C=C(Cl)C=CC23,Z7492956157
CC1=CC(CN(CCC=2N=NNN2)C=3C=CC=CC3)=NN1,Z7563068967
CC1=NC=2C(=CC=CC2O1)CNCC=3C=CC=4CNC(=O)C4C3,Z7619689819
O=S1(=O)CCC(C1)NC2=NN=C(O2)C3=CNC=4C=CC=CC34,Z7639493944
"CN(C)S(=O)(=O)C1=CC=CC(=C1)CNC(=O)[C@@]23CCO[C@H]3CC(=O)NC2 |&1:16,20,r|",Z7729916006
O=C(CCC=1C=NNC1)N2CC3CCN(C(=O)CC4CCCCC4)C(C3)C2,Z7856595995
CCC=1C=C(OC1CC)C(=O)N2CCC[C@@H](C2)NC(=O)CC3=NNC=4C=CC=CC34,Z7988519505
CCOC1(CN(CC2=CC=NS2)C=3N=CN=CC3Br)CCC1,Z8309767467
CN1C=CN=C1C2=CN(N=N2)C=3C=CC=CC3OC(F)(F)F,Z8309925808
CC(C)(C)N1C=C(C=N1)CN(CC2(C)CCC3(CC2)OCCO3)C=4N=CC=CN4,Z8309949499
"O=C(N[C@]12CC[C@@H](C[C@H]2N3C=C(N=N3)C=4C=CC=5CCCC5C4)C1)C=6C=NC=7C=NNC7C6 |&1:3,6,8,r|",Z8342395835
N#CC=1C=CC(=CC1)N2C(=O)NC(CCC=3C=CN=CC3)C2=O,Z8352799973
CC1(C)CN(CC=2C=CC=C(F)C21)C=3N=CN=C4NCCOC34,Z8414830202
O=C(C=1C=CC=2N=C(O)SC2C1)N3CCC[C@@H]3C4(O)CC5=CC=CC=C5C4,Z8427016752
CC=1C=CC(=CC1)C2=NC(=CS2)C(=O)NCC=3C=NC=CC3C,Z8479551254
CC=1C=C(C)C=C(C1)C(=O)N2CCN(CCC2C)C(=O)C3=CN=C4C=CNC4=C3,Z8485124489
CC(=O)NCC1=CC=C(O1)C(=O)NC(C2=NC=3C=CC=CC3N2)C4CCCCC4,Z8566153314
CC(C)(C)OC(=O)N1CCN(CC1)C(=O)C=2C=CC=CC2,Z221246788
CC1=NNC(C)=C1S(=O)(=O)NC=2C=CC=C(C2)C(F)(F)F,Z45636108
CCOC(=O)C=1C=NN(C1C(C)C)C=2C=CC(=CC2)OC,Z1101451518
N#CC=1C=C2CCCC2=NC1N3CCC(O)(C3)C(F)(F)F,Z1272431391
CC(=O)NC=1C=CC(=CC1)NC(=O)C2CCCCC2C(=O)O,Z57248443
O=C(NC=1C=CC=C(C1)C2=NN=NN2)C=3C=CC=4NC=NC4C3,Z28083113
COC=1C=CC=2N=C(C=CC2C1)C(=O)NCC=3C=CC(=C(F)C3)N4C=CN=C4,Z826159218
CN(C)S(=O)(=O)C=1C=CC=C(C1)NC(=O)CN2C(=O)NC3(CCCC=4C=CC=CC43)C2=O,Z13601323
C=CCN1C(=O)C=2C(=CSC2N=C1SCC(=O)NCC3=CC=CO3)C=4C=CC(C)=CC4,Z13742985
CC=1C=C(NC(=O)C=2C=CC(Cl)=C3C=CC=NC23)N(C)N1,Z393052534
CCN1N=CC(NS(=O)(=O)C2=CC=C(Br)C(C)=C2)=C1C(F)(F)F,Z1989654708
COC=1C=CC=CC1C2CNCCN2C(=O)CCN3N=C4C=CC=CN4C3=O,Z2441152017
O=C(NC=1C=CC(=CC1)C2=NN=NN2)C3=CN4C=CC=CC4=N3,Z916351148
[O-][N+](=O)C=1C=CC=C(C1)C(=O)N2CCN(CC2)C3C4=CC=CC=C4C=5C=CC=CC53,Z961227104
CC(C)NS(=O)(=O)CC=1C=CC(=CC1)CNC2CCC32CCC3,Z2002856789
COC=1C=CC=2N=C(C=C(C(=O)N3CCCC(C3)N4C=CN=C4)C2C1)C5CC5,Z1498145979
CCCN(CC=1C=NN(C)C1)C(=O)NCC2=CN(CC=3C=CC=CC3)N=C2C=4C=CC=CC4,Z1150651217
O=C(CN1CCOCC1)NC2(CC=3C=CC(Cl)=CC3)CCOC2,Z2005167841
CC(=O)NC=1C=CC=C(C1)C2=NC(=CS2)C=3C=CC(O)=CC3O,Z1003600292
CN1C(=NN=C1N2CCCC(C2)C3=CC=4C=CC=CC4N3)C5CC=6C=CC=CC6O5,Z2008687310
CC(CNS(=O)(=O)CC1=CC=CC=C1F)N2CCCCC2=O,Z1981232872
O=S(=O)(CCNCC=1C=C2C=CC=CC2=NC1N3CCCCC3)C=4C=CC=CC4,Z1003879076
O=C(NCC1(CCCC1)N2CCSCC2)C=3N=CC=CC3O,Z1005534176
CC=1C=CC(=NN1)N2CCCN(CC2)C(=O)C=3C=CC4=C(C3)N=CN4C,Z1506924591
CC(C)CCN(CC=1C=CC(Cl)=C(Cl)C1)C(=O)C2=CSC(=N2)C3=NN=CN3,Z998970734
NC=1N=CC(=CC1Cl)C(=O)N2CCN(CC2)C(=O)CC(F)(F)F,Z1006334332
CC1=NOC2=NC(=CC(C3=NC(=NO3)C=4C=CC=5OCCC5C4)=C12)C6CC6,Z1507613583
NC(=O)C=1C=CC(=CC1)OCC(=O)N2CCCC2CC=3C=CC=CC3,Z262106072
CC1(CCCCC1)NC(=O)C=2C=CC(=O)N(N2)C=3C=CC=CC3,Z775441736
CC1=CN(N=C1C(=O)NC=2C=CC=3NN=C(C(N)=O)C3C2)C=4C=CC(F)=CC4,Z2013792037
C1=NN(C=2N=CC=CN2)C3=NC=NC(NCCC4=CCOCC4)=C13,Z1509584037
CC=1C=CC2=C(C1)N=C(C=3C=NN(C3)CC=4C=CC=CC4)N2C,Z637728278
O=C(NCC1=NN=C2CCCCCN12)NC3CC3C=4C=CC=C(F)C4,Z900803396
CC1=C(N=NN1CC=2C=CC=CC2F)NC(=O)N3CCC(F)(F)C3,Z2018089418
CC(=O)NC=1C=CC=C(C1)C(C)NC(=O)C2=CC=C3NN=CC3=C2,Z1021065514
CC(=O)N1C=2C=CC=CC2C[C@H]1C(=O)NC=3C=CC=4OC(=O)C=CC4C3,Z1022093980
O=C(NCC1(CC1)C=2C=CC=CN2)C34CC5CC(CC(O)(C5)C4)C3,Z2022513149
O=C(NC=1C=CC(=CC1)S(=O)(=O)NC=2C=CC=C(C2)C3=NC(=NN3)C4CC4)C=5C=CC(F)=CC5,Z1030062278
FC(F)(F)C=1C=C(Cl)C2=NN=C(CNCC=3C=CC=CC3N4C=NC=N4)N2C1,Z1031230012
O=C(CSC1=NC=2C=CC=CC2S1)N3CCN(CC3)C(=O)C=4C=CC(=O)NC4,Z1033183886
CC=1C=CC=CC1C(=O)NC2CCN(CC2)C=3C=NC=4C=CC=CC4N3,Z644923124
COC=1C=CN=C(N1)N2CCC(CC2)NC(=O)C=3C=CC=CC3C,Z644922902
CC(=O)N1CCN(CC21CCCCC2)C3=NN=C(C4CC4)N3CC5CCCO5,Z2025170226
CN1C=C(C(=O)NCCC=2C=CN(N2)C=3C=CC(F)=CC3)C(=N1)C(F)F,Z1514327827
COC=1C=CC=CC1NC(=O)NC=2C=CN(CC=3C=CC=NC3)N2,Z973189696
O=C(C1CC(=O)N(C1)C=2C=CC=CC2Cl)N3CCC=4C=CC(O)=CC4C3,Z648606162
CC(NC=1N=CN=C2NC=CC12)C=3C=CC(=CC3)OCC4=CC=CN=C4,Z1039073458
O=C(NC=1C=CN(CC=2C=CN=CC2)N1)C=3C=C(N=C4C=CC=CC34)C=5C=CC=6OCCOC6C5,Z971000154
CC(=O)NC1=NC=C(S1)S(=O)(=O)NC=2C=CC(=CC2)C(=O)O,Z2027053174
CC=1C=CC(=CC1NS(=O)(=O)C=2C=CC=C(Cl)C2O)S(=O)(=O)N3CCCCC3,Z2027054536
O=C(CN1C(=O)CN(C1=O)C=2C=CC=CC2)N3CCN(CC3)C(=O)C4CC4,Z666193296
CC(SC=1C=CC(C#N)=CC1)C(=O)N2CCCN(CC2)C(=O)C=3C=CC(F)=CC3,Z1049162396
O=C(CN1C(=O)NC=2C=CC=CC2C1=O)N3CCC(C3)N4CCCC4,Z1050862580
CN1C(=O)C=CC=C1C(=O)N2CCCC2CCC=3C=CC=CC3,Z1521797639
O=C(NC1CC1)C=2C=CC(=CC2)C(=O)N3CCC(CC3)N4C=CC=N4,Z1521874025
O=C(CCN1C(=O)CCC1=O)N2CCC(CC3=CC=CC(F)=C3)CC2,Z728769328
CN(CC(=O)NC(CC=1C=CC=CC1)C(=O)NC=2C=CC=CC2)C(=O)C3=CC=CO3,Z1167304392
O=C(NCC(O)C=1C=CC(Cl)=C(F)C1)C2CC(=NO2)C=3C(F)=CC=CC3F,Z2033522820
CC(=O)N1CCC(NC(=O)C=2N=CC=CC2O)C=3C=CC=CC31,Z1524514006
CC=1NC(=O)C(C#N)=C(C)C1CCC(=O)NC=2C=CC=3NC(=NC3C2)C4=CC=CO4,Z730619712
COC=1N=CC=CC1C(=O)N2CCCCC2C(=O)N3CCOCC3,Z1067554730
NC(=O)CCC1CCCN(C1)C(=O)C2CCC(F)(F)CC2,Z1528035862
O=S(=O)(NC=1C=CN(N1)C=2N=CC=CC2F)C=3C=CC(=CC3)OC(F)(F)F,Z1528388083
CC1=NSC=2N=CC(=CC12)C(=O)NC3=CC=NN3CC=4C=CC=C(C)C4,Z982427240
CC(NC=1C=CC=C2OCCOC12)C(=O)N(C)C=3C=CC=CC3,Z735947814
COCC1=NC(C)=C(S1)C2=NC(=NO2)C3(CCCCC3)NC(C)=O,Z1528761043
CCOC=1C=CC(=CC1OCC)NS(=O)(=O)C=2C=CC(C)=CC2C,Z45581437
CC=1C=CC=CC1COC=2C=CC=CC2C(=O)NC3=CC=CC(=C3)C=4C=CC(=O)NN4,Z952429096
CC=1NC=2C=CC=CC2C1C(=O)NCC=3C=CC(=NC3)N4C=CN=C4,Z335348128
CC=1C=CC(C(=O)NC2=NNC=3C(Cl)=CC=CC23)=C(C)C1,Z1474605431
CC1=NC=C2C=CC(=CN12)C(=O)NC=3C=C(F)C=CC3F,Z2042392113
CC=1C=C(CNCC2=CSC(=N2)C=3C=CC(=CC3)C(F)(F)F)N(C)N1,Z2043634215
CCCC(=O)N1CCCCC1C(=O)N2CCC(CC2)C(=O)NC3=NN=CS3,Z751264428
CC=1NN=C2N=CC(=CC12)C(=O)N3CCN(CC3)C=4C=NC=CN4,Z753634180
C1=CN(N=C1)C=2C=CC=CC2NCC=3C=C(NN3)C=4C=CC=CC4,Z1537343153
O=C(N[C@@H]1C=C[C@H](CO)C1)C2=CC=C3C(=C2)S(=O)(=O)NC4=NC=NN43,Z1333963731
CC(C)(C)C1=NSC(=N1)NC(=O)N2CCN(CC2)C=3N=CC=CC3F,Z1538447138
NS(=O)(=O)N1CCC(CC1)C(=O)NCC=2C=CC(=C(F)C2)N3C=CN=C3,Z918175284
CC(C)C(C)(O)CNC(=O)NC1CCCN(CC=2C=CC=CC2)C1=O,Z1538318192
O=C(NCC=1C=CC=C(O)C1)C=2SC=3C=CC=CC3C2Cl,Z758467274
COCC#CCN1C=NC=2C=C(SC2C1=O)C=3C=CC(=CC3)OC,Z1541846466
CN1C=NC2=C1C(=O)N(CC(=O)NCC=3C=CN=C(C3)N4C=CN=C4)C(=O)N2C,Z845682518
CCS(=O)(=O)C=1C=CC=C(C1)C(=O)N2CCC(CC2)C(=O)N3CCCCC3,Z1542290764
CC(SC1=NC=2C=CC=CC2S1)C(=O)NCC(=O)OCC=3C=CC=CC3,Z1542563768
O=C(C=1C=CNC(=O)C1)N2CCCN(CC2)C(=O)C=3C=CC=CC3F,Z1419255753
COC1=CC=2CCN(CC2C=C1OC)C(=O)C=3C=CON3,Z826915286
CN1CCCC1C(=O)N2CCN(CC2)C(=O)C=3C=CNC(=O)C3,Z1441919596
O=C(O)CNC=1N=C(C=2C=CC=CC2)C=3C=C(Cl)C=CC3N1,Z57234663
COC=1C=CC=CC1CC(=O)NC2=CC=C3NC(=O)CCCC3=C2,Z1101973926
CCS(=O)(=O)N1CCC(CC1)NC(=O)C(C)(C)C2=CSC(=N2)C=3C=CC=CC3F,Z2214545428
O=C(NC=1C=CN(N1)C=2N=CC=CC2Cl)C=3C=CC=C(F)C3Br,Z2223722439
CC=1C=C(F)C=C2NC(=CC12)C(=O)N3CCCC(O)(CN4C=CN=N4)C3,Z2053972928
CCC(C)C(O)C(=O)N1CCCC1C(=O)NC2=CC(C)=CC=C2OC,Z1549908363
CC1CC=2C=CC=CC2N1C=3N=CC(=CN3)C(=O)N(C)C4CCNCC4,Z4139074534
CC(C)CC(=O)NC=1C=CC(=CC1)NCC=2C=CC=C3N=NN(C)C23,Z4152896627
CCOC1(CCOC1)C2=NN=C(NC=3C=CC(=CC3)OC(C)C)N2,Z4168072218
O=C(OC1CCC2(COC2)C1)C=3N=C(C4=CC=CS4)N(N3)C=5C=CC(F)=CC5,Z4170929805
O=C1C=C(NC(=O)N1CC=2C=CC=CC2)N3CCCC4(CCCCN4)C3,Z4184904122
O=C(COC=1C=CC(Cl)=CC1)N2CCOC(CN3C=C(CC(O)CC=4C=CC=CC4)N=N3)C2,Z4188962759
CC(C)OC=1C=NC=C(C1)C=2C=CC=C3C(=O)N(CC23)C4CCC(=O)NC4=O,Z4223210133
O=C(CCC1=C(NC=2C=CC=CC12)C=3C=CC=CC3)NC4CCN5N=CN=C5C4,Z4229829967
"OC[C@@H]1CN(C[C@H]1C=2C=CC=CC2)C3=NSC(=N3)C4CC4 |&1:2,6,r|",Z4233102780
CN(CC1=CN=C(S1)N2C=CC=N2)C(=O)C=3C=CC=4C(=O)NCC4C3,Z4252260643
CC=1C=CC=C(C1C)C(C)NC(=O)C=2C=C(NN2)C3=CC=CC=C3O,Z4286578239
COC(=O)C=1C=CC=CC1CNC(=O)C=2N=NNC2C3CC3,Z4291372520
COC=1C=CC(=CC1)N2N=NN=C2S(=O)(=O)CC=3C=CC(=CC3)C(=O)N4CCCCC4,Z4295801910
O=C(NC(CO)C1CCC=2C=CC=CC21)C3CCC4=NNC(=O)C=C4C3,Z4304993375
"CN1C=NN=C1[C@H]2CC[C@H]2C(=O)NC3=NC=C(O3)C4CC4 |&1:6,9,r|",Z4329149660
CCN(CCC=1N=NNN1)C(=O)C(C)CCC=2C=CC=CC2F,Z4368528335
O=C(CC1CC=CCC1)NC2=CC(=CC=C2O)C=3N=NNN3,Z4368560216
O=C(O)CC=1C=CC(=CC1)C2=CN(CC3CCC(F)(F)CC3)N=N2,Z4378854011
"COC=1C=CC(=NC1)C2=CN(N=N2)[C@H]3COC[C@H]3N4C=CC=N4 |&1:13,17,r|",Z4380340895
CC#CCOC=1C=CC=C2C(=O)N(C(=O)C12)C3CCC(=O)NC3=O,Z4398374851
CC(C)(C)OC(=O)NC1CCC=2N=CC(=CC2C1)NC(=O)NCC(C)(O)C=3C=CC(F)=CC3F,Z4400904123
CC(C)(C)OC(=O)N1CCCC(C1)NC=2C=CN3N=CC(Br)=C3N2,Z4404339092
O=C(C1CN2CCN1CC2)N3CCCCC3CC=4C=CC(=CC4)C=5N=NNN5,Z4427414883
NC=1C=CC(CSC2=NN=C(C=3C=CC=NC3)N2C4CC4)=NN1,Z4458580481
CC=1C=CC=C(C(=O)NCC2=NN=C(S2)C(F)(F)F)C1C,Z4470342374
CC=1C=C(CCC(=O)NC2CCC(C)(C)CC2C=3C=CC=CC3)ON1,Z4480730226
O=C(C=1N=CN=C2NC=C(Br)C12)N3CCCC(C3)C4=CC=NN4,Z4482599362
"C[C@@]1(C[C@H]1C(=O)N2CC[C@@H](C2)NC=3C=CN=CC3C#N)C=4C=CC=CC4 |&1:1,3,r|",Z4485895107
CCN1C=C(CNC2CCC3=NC(=CN3C2)C=4C=CC=CC4)C(=N1)C5CC5,Z4493822976
CC1CCC(CC1)OC2=NC=CC(=N2)N3CCNC(C)(C)C3,Z4493823336
CC(=O)NC1CCN(C1)S(=O)(=O)C2CC2C=3C=CC=CC3,Z4497177001
CCCCOC=1C=CC(Cl)=CC1CC(=O)NC=2C=NC=CC2C,Z4497196450
O=C(C=1C=CC=2SC=NC2C1)N3CCCNC(=O)C3C=4C=CC=CC4,Z4500649924
CN1C=C(C=N1)C2CCN(CC2)C(=O)C=3C=NNC3CC=4C=CC=CC4,Z4503443449
CCCC1CCCN1CC(=O)NC=2C=CC(=CC2)C=3N=NNN3,Z4507859044
O=C(CC1=CSC(=N1)C2=NN=CN2)N3CC(O)(C3)C4=CC=CC5=CC=CC=C45,Z4509556208
CCOC1=CC(=CC(=C1)OCC)NC(=O)C=2C=C(C)C=C3C=CN=CC23,Z4515315920
O=S(=O)(C=1C=CC=C(F)C1)N2CCC(C2)OC=3C=C(F)C=C(F)C3,Z4515318193
C1=NC(=CN=C1N2CCNCC2)C3=NOC(=N3)C4CC54CCCOC5,Z4524924493
COC1(CCCC1)C(=O)N2C[C@H]3CN(C[C@H]3C2)C(=O)C4=NOC=C4C,Z4525485967
CC=1C=CC=NC1S(=O)(=O)NCC(OC2CCCC2)C(F)(F)F,Z4579754869
CC(C(=O)NC1=NC=C(CC=2C(F)=CC=CC2F)S1)N3C=NC(C#N)=N3,Z4607393370
COC=1C=CC=C2C1C=CC(=O)N2CC3CCC3(OC)OC,Z4623131211
O=S1(=O)CCC(C1)N2N=C(N=C2CCN3C=NN=N3)C=4C=NC=C(Br)C4,Z4685254832
CC1CN(CCN1C(=O)C=2C=CC=C3SN=CC23)C=4C=CC=CC4,Z4685345981
CCOC(=O)C=1C=C2C(=NC(C)=CN2N1)NCCC(=O)N3CCN(CC3)C=4N=CC=CN4,Z4716115092
O=C(C=1C=NNC1)N2CCSC=3C=4C=CC=CC4NC3C2,Z4783049312
CO[C@H](C)C(=O)N1CC[C@H](C1)NC(=O)C=2C=C3C=CC=NC3=CC2F,Z4783307370
CC1=NOC(=N1)C(C)N2CC3CCC(C2)N3C(=O)C4CC(C)(C)C4,Z4783345852
CC(=O)N1CCN(CC1)C(=O)C2=CC(=NN2)C3=CC=CN3C,Z4784416737
CC=1C=C(C=CC1F)C(=O)N2CCC[C@@H](C2)NC(=O)C3=CNN=C3N,Z4872400769
O=C(NCCNC(=O)C1=CC=CC(=N1)C2=CC=CS2)NC3CCCCC3,Z4884305543
N#CC=1C=C(Br)C=C(C1)S(=O)(=O)NC(=O)CC=2C=CC=3CCOCC3C2,Z4884810443
O=C(CC=1C=CC(Br)=CC1)NS(=O)(=O)C=2N=CC=CC2Cl,Z4884810500
CCC1(NC(=O)N(C1=O)C=2C=NC=C(Br)C2C)C=3C=CC(Cl)=CC3,Z4888209699
OC1(CCC1)C=2C=CC(=CC2)C=3C=C4CCNC4=CC3Cl,Z4905339469
C=CCC(NC(=O)C=1C=CC(Cl)=C(C1)C2=CN(N=N2)C3CCCN(CC)C3=O)C(=O)O,Z4910226948
CC1=CC(C)=NC(=N1)N2CCN(CC2)C3=NC(=C(Br)S3)C(F)(F)F,Z4915719045
CC1(F)CCCN(C1)C(=O)C2CC(C2)N3C=C(N=N3)C=4C=NC=NC4,Z4917864400
CC=1C(CNS(=O)(=O)C2=COC=C2Br)=NOC1C=3C=CC=CC3,Z4952388433
CC=1N=C2C=CC(=CC2=CC1O)C=3C=CC=C(C3)S(N)(=O)=O,Z4971742242
CN[C@H]1CC[C@H](CC1)NC(=O)C=2C=NC=3NC(=O)COC3C2,Z5004526830
N#CC=1C=CC=C(C1)CN2C=C(N=N2)C=3C=CC(Cl)=CN3,Z5009645204
CC1=CNC(=N1)C2(CCC2)NC(=O)NC=3C=CC=C(C3)C(N)=O,Z5039375058
O=C(CCC1=CN=C2COCCN12)NC(CF)C=3C=CC(F)=CC3,Z5079770369
O=S(=O)(C=1C=NN(C1)C2CCOCC2)N3C=4C=CC=CC4C[C@H]3CO,Z5104531046
NC1=NNC(CNC=2N=CN=C3NC=4C=C(Br)C=CC4C23)=N1,Z5167742277
CCN(C1(CC1)C(=O)O)S(=O)(=O)C=2C=CC(=CC2)N3C=CN=N3,Z5170572704
C[C@H](C=1C=CC=CN1)N2C=C(N=N2)C=3C=CN(CC(F)(F)F)N3,Z5180077025
COC=1C=C(N=NC1C2CC2)C(=O)NS(=O)(=O)C3=CN=CC(C)=C3,Z5186736648
CCC1=CC=CC(CC)=C1NC(=O)C(C)N2C=C(CN3CCCC4(CC4)S3(=O)=O)N=N2,Z5211234533
O=C(NCCS(=O)(=O)NC1CCCCC1)NC=2C=CN(N2)C3CCNC3=O,Z5219857998
CN1C=C(NCC2=CC(=NN2)C=3C=CN=CC3)C(=N1)C=4C=CC=CC4,Z5246138865
CCCC1=NNC=2C=CC(=CC12)C(=O)NCCN3C(=O)COC4=CC=CC=C43,Z5267704936
CC1=NC=2CCC(CC2S1)C(=O)NCC(=O)N(C)C3CCCNC3,Z5281573966
CC1=NC2=C(CCCC2CC3=NC4=CN(N=C4C(=O)N3)C(F)F)O1,Z5285462335
O=S(=O)(C=1C=CC(=CC1)C=2C=CC=C3NN=CC23)N4CCNCC4,Z5330394716
O=C(NC=1C=CC(=CC1)CN2C=CN=C2)C=3C=CN=C4NC=CC34,Z5330395907
CC(C)CN(CC1=NC=CN1)C=2N=CN=C3CCOCC23,Z5334552895
CC=1N=C(C=2CCNCCC2N1)N3CCN4CC(F)(F)C[C@@H]4C3,Z5409062143
CC1=NNC=2C=C(C=CC12)C(=O)N3CC(CCNC(=O)C4=CNN=N4)C3,Z5428532737
CNC=1C=CC(=CC1)CNC(=O)C2CCN(C2)S(=O)(=O)N(C)C,Z5440759542
CC=1C=CC(=CC1[N+]([O-])=O)C(=O)NCC=2C=C(ON2)C=3C=CC=CC3Cl,Z5445513963
CC(C)C=1C=CC(=CC1)C(CCO)NC=2C=CN3N=CC(Br)=C3N2,Z5510864977
O=C(CN1C=NC=N1)NC2CN(C2)C(=O)C3(CC4CCCC4)CCCC3,Z5553104542
Cl.CCOC(=O)C1=CNN=C1OC2CCCN(C=3C=CC=CC3)C2=O,Z7776742819
COC=1C=CC(=CC1)NC2=NC(=CS2)COC(=O)C3(C)CC(F)C3,Z5741739589
C[C@@H]1CN(CCN1C(=O)C2CC(=O)N(C2)C3CC3)C(=O)CN4C=C(C#N)C=N4,Z6033272222
CC1CCCC(C1)C2=CN(CCNC(=O)CC3=CSC=N3)N=N2,Z6120661123
O=C(C=1C=CC=CC1C2=NC=NN2)N3CCCCC3CCC=4C=CC=CC4,Z6184663410
COC(=O)C=1C=C(C=2C=CC(C)=CC2)N(N1)C=3N=CC=NC3C,Z6258745416
NC1=NC=C(O1)C(=O)NC2CN(C2)C(C=3C=CC=CC3)C=4C=CC=CC4,Z6267214013
"CN(C)C[C@@H]1COC[C@H]1NC(=O)C=2C=CC=C(C2)N3CCOCC3 |&1:4,8,r|",Z6273268116
CN1N=C(CN2C=C(N=N2)C=3C=CC=C4C(=O)N(CC34)C5CCC(=O)NC5=O)C=6CCCC61,Z6276809435
CCOC=1C=CC=2C=CC=CC2C1C(=O)NC=3C=NN(C3)CCN(C)C,Z6301215844
COC(=O)C=1C(CNC(=O)C2=CN=NN2C=3C=CC=CC3)=NN4CCCCC14,Z6309452490
CC1(C)CC2=NN=C(C=3C=CON3)N2CC1C=4C=CC=CC4,Z6346592753
O=C(NCC1=NOC2OCCC12)C=3C=CC=C4CCOC34,Z6374877608
CC=1C=CC(=CC1C(=O)NC=2C=CC=CC2)C3=CN(CC4CNC(=O)C4)N=N3,Z6572656157
O=C(NCC1=CSN=N1)C2=CN(CC=3C=CC(F)=C(C3)C(F)(F)F)N=N2,Z6667128247
COC=1C=C2N=CN=C(NC3CCCN(C=4C=CC=CC4)C3=O)C2=CC1OC,Z6819391936
COC=1C=CC=CC1C2=CC(=NN2)NC(=O)C=3N=CC=C(N3)C=4C=CC=CC4,Z6823775608
"CC1(C)OC[C@H](O)[C@H](CO1)N2C=C(N=N2)C=3C=CC(=CN3)CO |&1:5,7,r|",Z7044790788
CC=1NN=CC1C(=O)NCC2CC(C)N(C2)C3=NC=4C=CC(F)=CC4O3,Z7077514455
CN1N=CC(CN2CCC(=O)N(CC3=CC=CNC3=O)C2=O)=N1,Z7160954841
CC=1C=CC(=C(C)C1C(=O)N2C[C@@H]3C[C@H]2CN3C(=O)CCF)[N+]([O-])=O,Z7371449187
C1=C(NC=2C=CC=CC12)C3=NN=C(N3)N4CCN(CC4)C=5N=CC=CN5,Z7419515445
CCC(CNC=1C=CC=CC1)NC(=O)C=2C=CC(=CC2)C3(N=N3)C(F)(F)F,Z7646297150
N#CC1=CC=C2C(=NC=NN12)NCCC=3C=CC(=CC3)CO,Z7689795992
CC(NC(=O)C=1C=CC=C(F)C1CNC(=O)OC(C)(C)C)C=2C=CC=C(C2)OC(F)F,Z7692956871
O=C(NC(CO)CC(O)C=1C=CC=CC1)C2=NC=3C=C(Br)C(F)=CC3N2,Z7934536572
CC(C)CN1C=CC=C(C(=O)NC2=NN=C(S2)C=3C=CC=CN3)C1=O,Z7980114415
CCC=1NC(C)=NC1C(=O)NC2CN(CCC2C)C(=O)C=3C=CC=C(C#N)C3,Z7991356594
C=C(C)CN(C)C=1C=CC(Br)=C(N1)S(=O)(=O)N2CCOCC2CC3CCOC3,Z8077213188
CC(C)(C)C1=NC(C=2C=CC=C(C2)C(N)=O)=C3C(N)=NC=CN13,Z8189279055
CC(C)(C)NS(=O)(=O)C=1C=CC=C(C1)NC(=O)C2=CC(=O)C=3C=C(O)C=CC3O2,Z8213715226
O=C1N[C@H](CC=2C=CC(Br)=CC2)C(=O)N1CC=3C=CN=C(F)C3,Z8352669106
C=C1COC2=C(C=NN2C1)C(=O)NCC3=NNC4=CC=C(Cl)C=C34,Z8363114181
CC(NC=1C=C(N=C(N1)C2CC2)C(N)=O)C=3C=CC(=CC3)OC=4C=NC=CC4,Z8416431388
CCC1=CC=C(N1)C(=O)NC2CCN(C2)C(=O)CC3=CC4=CC=CC=C4NC3=O,Z8458686985
C[C@@H](NC(=O)C1=NNC=2C=CC=CC12)C3CCN(CC3)C(=O)C=4C=NN(C4)C=5C=CN=CC5,Z8462121540
CC1(C)OCCOC1CN(CC2=CC=CS2)C=3N=CC=C(C#N)N3,Z8478034352
CC=1C=C(F)C=CC1C(=O)NCC2CN(CCCO2)C3=NC=NN4C=CC=C34,Z8625623494
O=C(NC1CCN(C1)C=2C=CC(Cl)=C(F)C2)C=3C=CC4=NN=NN4C3,Z1548607404
Cl.NC(=O)C1CCN(CC1)C(=O)C(N)CC2CCCCC2,Z3398888758
C=1C=CC(=CC1)CCCNC2CCOC3(CCOCC3)C2,Z1359387865
CC(OC=1C=CC(Br)=CC1)C(=O)NC2CCCCC2CO,Z1450967168
COCC1(CNC=2C=CC(=CC2)S(C)(=O)=O)CCNCC1,Z2368598483
O=C(O)CC1COCCN1C(=O)C2CCOC=3C=CC=CC32,Z1404667491
[Na+].CSC1=NC=2C=CC(=CC2S1)NC(=O)CC3(CCC3)C([O-])=O,Z3816462407
NC(=O)CN1CCCN(CC1)C(=O)C=2C=CC=C3CNCCC23,Z1665317626
CC1=CC=CC(C)=C1OCC(=O)N[C@H](CC2=CNC=N2)C(=O)O,Z1723917528
CC(C)OC=1C=CC(=CC1)C(C)NC(=O)C2=CN=NN2C,Z1983285354
CC1=NOC2=NC=NC(NCC=3C=CN=C(C3)N4CCCCCC4)=C12,Z1999967342
CC1C=2NC=3C=CC=CC3C2CCN1C(=O)C=4C=CC=5C(=O)N(CC=6C=CN=CC6)C(=O)C5C4,Z738728644
COC=1C=CC(CNC=2C=C(N=CN2)OC)=C(C1)OC3CCCC3,Z1724522274
O=S(=O)(C=1C=CC(=CC1)CNC2CCC32CCC3)N4CCOCC4,Z2002833029
COC(=O)NCCC(=O)NCC=1C=CC(=CC1)N2C=NC3=CC=CC=C32,Z1151354865
O=C(NCC1=NN=NN1C=2C=CC=CC2)NC=3C=CC(=CC3)OC(F)(F)F,Z1150498750
CC(C(=O)NC=1C=NC=CC1N2C=CC=N2)C=3C=CC=C(Cl)C3,Z1264534125
CCN(C)C=1C=CC=CC1CN2C(=O)NC=3C=CC=CC3C2=O,Z1503947201
O=C(NCC=1C=CC(F)=C(Cl)C1)C2=CN3C=CC=NC3=N2,Z1001837308
CN1C(CC=2C=CC=3C=CC=CC3C2)=NN=C1N4CCN5C(=O)OCC5C4,Z2008126633
CC1=CC=CC2=NC=C(CNC3CCCN(C3)C(=O)CC=4C=CC=CC4)N12,Z2010937635
CC1=NNC=2N=C(C)C=C(C(=O)NC=3C=C(C(N)=O)N(C)C3)C12,Z1005324942
CC=1C=CC=2N=C(NC(=O)C3=CC=CN3CC=4C=CN=CC4)SC2C1,Z1005099266
CON(C)C(=O)C=1C=C(N=C2C1C=NN2CC3=CC=CO3)C=4C=CC=NC4,Z235912668
CC1=CC(CN2CCN(CC2)C(=O)C3CCN(CC(F)(F)F)CC3)=NO1,Z605989576
CN1C(=O)CCC=2C=C(C=CC21)C3=CSC(=N3)C4CCCO4,Z1507102641
O=C(C1=NC(=CS1)C=2C=CC=CC2)N3CCCC(C3)C(=O)N4CCOCC4,Z442907634
O=C(CCN1CCOCC1)NC=2C=CC=C(C2)CNCC3=CNN=C3C=4C=CC=5OCOC5C4,Z635929310
CN1C(=O)C=2C=CC(=CC2S1(=O)=O)C(=O)NCC#CC=3C=CC=C(F)C3,Z2015004882
O=C(CSC1=NC=2C=CC=CC2C(=O)N1C=3C=CC=CC3C(F)(F)F)NC4CC4,Z19940876
COC=1C=CC=2CN(CCOC2C1)C(=O)NC3=NC=C(C)S3,Z2016929444
CCN1C(=NN=C1N2CCS(=O)(=O)C(C)(C)C2)C(=O)N3CCCC3,Z2018269728
CC=1C=C(N=C2C=CC=CC12)SCC(=O)NC=3C=CC(=CC3)N(C)C,Z20244164
CCN1C(=O)C=2C=CC=CC2N=C1SCC(=O)N(C)C3CCCCC3,Z21530122
O=C(NC=1C=CC=C(C1)N2CCNC2=O)N3CC=4C=CC=CC4C(C3)C=5C=CC=CC5,Z433472214
O=C(NC=1C=CC=NC1)N2CCN(CC3=CSC=N3)CC2,Z813090050
O=C(NCC=1C=CN=CC1)NC=2C=CC=C(C2)CNC(=O)C=3C=CC(=CC3)N4C=NC=5C=CC=CC54,Z1038857662
CC=1C=CC(=C(F)C1)N2N=C(C(=O)NC=3C=CC=4C(=CNC(=O)C4C3)C(N)=O)C=5CCCC52,Z2027079827
O=C(CC=1C=CC=CC1)N2CCCC2C(=O)NC=3C=CC=C4NC=CC34,Z1038621136
COC=1C=CC=C(C1)C2=NC(C(=O)NC3CCN(CC3)C=4N=CC=CN4)=C(C)N2,Z1517210199
O=C(NCC1=CSC=2C=CC=CC12)C=3C=C(NN3)C4CC4,Z435934364
CN(C)S(=O)(=O)C=1C=CC=CC1CNC(=O)N2CC(C)(C)C2C=3C=CC=CC3,Z813317046
CCOC=1C=CC(=CC1)CC(=O)NC2=NC(=CS2)C=3C=CC(C#N)=CC3,Z28299473
CC1=NC(=CC(=O)N1)C=2C=CC(=CC2)NC(=O)NC(CO)C=3C=NN(C)C3,Z1521695218
CC1=COC(C)=C1C(=O)N2CCN(CC2)C(=O)C=3C=NC=CC3,Z2032570760
CCOC(=O)N1CCC(CC1)C(=O)NC=2C=CC(=CC2)S(=O)(=O)N3CCCC3,Z30223189
O=C(NC=1C=CC(=CC1)S(=O)(=O)NC2=NC=CS2)C=3C=CC(Cl)=CC3Cl,Z30538159
O=C(NC1CCC=2C(Cl)=CC=CC21)N3CCNC(=O)C3C=4C=CC=CC4,Z975306432
CC1=C(C=NN1C)CNC=2C=NN(C(=O)C2Cl)C=3C=CC(F)=CC3F,Z1526954931
CC(CO)(CNC=1N=CN=C2SC=CC12)CC3=CC=CS3,Z1526991595
NC(=O)C1CN(CCO1)C(=O)C=2C=CC(=CC2)C(=O)NC=3C=CC=CC3,Z1527865959
CCC=1C=C(NN1)C(=O)NCC=2SC(=NC2C)C=3C=CC=CC3,Z1070207244
CCCOC=1C=CC(Cl)=CC1NC(C)C2=NC(=NO2)C(C)C,Z735927562
COC=1C=CC(=CC1)C(O)C(C)NC(=O)NCCOC=2C=CC=CC2,Z1528817169
CCN(CC1=CC=C(Cl)C(Cl)=C1)C(=O)C2CC(=O)N(CCOC)C2,Z740041084
CC=1C=CC=C(C1)C2CCCN2C(=O)CCC=3C(=O)NC(C)=NC3C,Z740511522
CN1N=NN=C1C=2C=CC=C(C2)NC(=O)C3CC(=NO3)C=4C=CC=CC4,Z392487818
NC(=O)C=1C=CC=C(C1)NC(=O)C=2CCC(=O)N(CC=3C=CC=CC3)N2,Z442426902
O=C(NC=1C=CC2=CNN=C2C1)C3=CSC(=N3)C=4C=CC=CN4,Z952846394
O=C(C1CCCN(C1)C2=NC=CC=C2C(F)(F)F)N3CCC4(CC3)OCCO4,Z423502336
CCC=1C=CC(=CC1)C(=O)N2CCN(CC2)C(=O)C3=CN=CS3,Z344018150
COC=1C=CC=CC1C2CCCN2CC(=O)NCC=3C=CC(=CC3)OCC(N)=O,Z1084385570
CN(CC1=NC=CN1CC(F)(F)F)C(=O)NC=2C=CC=NC2,Z1084816612
[O-][N+](=O)C=1C=CC(=CC1)C2=NN(C=C2CC(=O)NC=3C=NNC3)C=4C=CC=CC4,Z372502250
CN(C=1C=CC=CC1)C2CCN(CC2)C(=O)CCNC(=O)CC=3C=CC=CC3,Z749394204
O=C(C1=CN=C2CCCCN12)N3CCN(CC3)C=4N=CC(Cl)=CC4Cl,Z1494875877
CC(C(=O)NC=1C=CC(=CC1)CC=2C=CN=CC2)N3C=CC=N3,Z317761454
COC=1C=CC=C(C(=O)NC=2C=CC=C(NC(C)=O)C2C)C1F,Z1537226868
O=C(NS(=O)(=O)C1=CC2=CC=CC=C2CC1)C3CCCOC3,Z1089519714
CS(=O)(=O)C=1C=C(C=C(C1)C(F)(F)F)CNC(=O)[C@@H]2C[C@H]2C3=CC=C(Cl)S3,Z2044648439
COC1=CC=CC(OC)=C1C(=O)NC(C)C=2C=NN(C2)C(C)C,Z1186476375
COC1=CC=CC(OC)=C1C(=O)N2CCN(CC2)C(=O)C3=CC=C(C)C(F)=C3,Z825735066
CC1(C)CN(CCN1)C(=O)C2CCN(CC2)C3=NOC4=CC=C(Cl)C=C34,Z2222633039
O=C(CC=1C=CC=CC1)N2CCCC2C(=O)NCC(=O)N3CCCCC3,Z829022298
CN1C=C(NC(=O)C=2C=CC=C(C2)C3CCOC3)C(=N1)C(F)(F)F,Z1538290143
CC1=CSC(=N1)N2CCN(CC2)C(=O)C=3C=C(F)C=CC3F,Z383572236
O=C(C=1C=C(N=C2C=CC=CC12)C=3C=CC=CC3)N4CCN(CC5=NN=NN5C=6C=CC=CC6)CC4,Z1095037182
CC=1C=CC(=CC1C(=O)NC=2C=CC(=CC2)N3CCOC3=O)S(C)(=O)=O,Z758954978
CNC(=O)NCC(=O)NC1CCN(C)C1C=2C=CC(Cl)=CC2,Z1540093805
CC=1N=CC(=CC1NC(=O)C=2N=CC=NC2N)C=3C=CC=CC3,Z1539849819
CC=1SC(NC(=O)C=2C=CC(=CC2)CN3CCCCC3=O)=C(C(N)=O)C1C,Z1095748026
CN(C)C=1C=CC(=CC1F)C(=O)N2CCN(CC2)C3CCS(=O)(=O)C3,Z908433570
CC(C)C=1C=CC=2CCC[C@H](NC(=O)C3=CNC(=C3)C(=O)N4CCCC4)C2C1,Z1544064019
CC1=NC=2C=C(Cl)C=CC2C=C1C(=O)NC(C)C(=O)N3CCS(=O)(=O)CC3,Z1165738306
CCN1C(=O)NN=C1[C@@H]2C[C@@H](CN2C=3N=C4C=CC=CC4=NC3C)OC,Z2052751418
CCCOC1=CN(N=C1C(=O)NC2CCCN(C2)S(C)(=O)=O)C=3C=CC=CC3,Z1102261226
CN(C)C=1C=CC=C(CNC(=O)C2CN(C2)C(=O)C3CCCCC3)N1,Z2296233620
O=C(C=1C=C(C=CN1)N2CCNC(=O)C2)N3CCCC=4C=CC=CC4CC3,Z2297804377
O=C(C1=CC=C2OC(=O)NC2=C1)N3CCOCC43CCCCC4,Z2298308592
CC=1OC(C#N)=CC1C(=O)N2CCN(CC(F)(F)F)CC(C)C2,Z2298458399
O=C(NC=1C=CC(O)=C(F)C1F)C2CCN(CC2)S(=O)(=O)C=3C=CC=CC3,Z2298682122
CC(C)CN(CC=1C=NN(C)C1)C(=O)C=2C=CC(=NC2)N3C=CC=N3,Z2299688216
CC1(C)CC(CC(C)(C)N1)NC(=O)N2CC(C2)C=3C=CC(F)=CC3,Z2301830568
COC=1C=CC=C(C1)CC(=O)N2CCN(CC2)C(=O)C=3C=NC4=CC=CC=C4C3,Z2302187013
"CCN1CCC(CC1)N2N=CC=C2NC(=O)[C@H]3C[C@@H]4CC[C@H]3O4 |&1:16,18,21,r|",Z2302347476
CC1=NC=CN1CC(=O)NC2(CCCC2)C3=NOC(=N3)C4CC4,Z2302736914
CC1(C)CN(CCN1C(=O)C2=CC(Br)=CO2)C(=O)C3CC3,Z2303047415
O=C(NCC1CCS(=O)(=O)CC1)N2CCC=3C=CC=CC3[C@@H]2C=4C=CC=CC4,Z2307104595
CCC1(O)CN(C1)C(=O)NC2=CC(=NN2C=3C=CC=CN3)C(C)(C)C,Z2312664918
CC=1C=C(N=C(N1)C=2C=CC=CC2)NC(=O)C3CCCC4=NN(C)C=C43,Z2320697041
"N#CC=1C=C(N=C2C=CC=CC12)NC(=O)[C@H]3C[C@@H]4CC[C@H]3O4 |&1:15,17,20,r|",Z2321248176
CCCCN1N=NN=C1CS(=O)(=O)CC2CCC(F)(F)C2,Z2352318774
CNC(C)CC1=NOC(=N1)C=2C=C(C)N(N2)C=3C=CC(=CC3)OC,Z2442570061
CC=1C=CC=C(Cl)C1S(=O)(=O)N2CC(C2)N3CCNC3=O,Z2358883593
CC=1C=CC(C#N)=CC1S(=O)(=O)N2CCOC(C2)C3CCC3,Z2359067920
CC=1ON=C(N)C1S(=O)(=O)N2CC(C=3C=CC=CC3)C4(CCC4)C2,Z2359113052
FC=1C=CC=2C(=NOC2C1)C3CCN(CC3)C=4C=NC=5CCCCC5N4,Z2365067909
CS(=O)(=O)C=1C=CC(=CC1)N2CCCC(C2)N3CCNCC3=O,Z2368536170
CC=1C=CC=2CN(CCC2C1)C=3N=CC(=CC3C(F)(F)F)S(N)(=O)=O,Z2370521836
CC1=CC(=NN1C(C)C)NC(=O)N2CCOC3=CC=C(C)C=C3C2,Z2371538888
CON1CCC(CC1)NC(=O)C2=CN(CC=3C=CC=C(F)C3)N=N2,Z2373765869
CCNC=1N=CC(=CC1Cl)S(=O)(=O)N(C)CC2CCOC2,Z2379637113
CN(C(=O)CN1CCCCC(O)C1=O)C=2C=CC(=CC2)OC=3C=CC=CC3,Z2400179160
CC(=O)N1CC(C1)OCC(=O)N2CCC(CC2)C3=CC=NN3C,Z2401038221
CC=1C=CC(C(=O)N2CCC(C2)C3=NN=CN3)=C(O)C1C,Z2408112572
CC(C)NC=1C=CC(=CN1)C(=O)N2CCCC(C2)C3=NNC(=O)O3,Z2409930900
CS(=O)(=O)N1CCC=2C(=CC=CC21)NC(=O)NC3CC4CC4C3,Z2415809366
CN1C=CN=C1C(O)C2CCCN(C2)C=3C(C#N)=CN=C4C(Cl)=CC=CC34,Z2433646669
CC1CCN(CC1C(=O)O)C(=O)NCCN2C(=O)OC=3C=CC=CC32,Z2438517329
COC=1C=CC(=CC1C2=NOC(=N2)C=3C=C(C)NN3)C(C)(C)C,Z2444499116
CC1=CC=C(O1)C2=NN(C)C=C2CN3CCN4CCCC4C3,Z2448619452
CC=1C=CC(=CC1)C2(CCC2)NC(=O)C=3C=CC(F)=C(C3)S(C)(=O)=O,Z2454612434
COC(=O)C1CC(O)CN(C1)C(=O)CN2N=C(C=CC2=O)C=3C=CC=CC3,Z2458292132
O=C(NC1CCN(CC(F)F)CC1)C=2C=CC=C(C2)N3C=CNC3=O,Z2478406249
CCN1C=CC(CC(=O)NC2=CC=CC(=C2)C(C)C(=O)O)=N1,Z2482087541
COC=1C=C(Cl)C(Cl)=CC1C(=O)N2CCC(CC2)C(C)CO,Z2484950291
O=C(NCC1CN(C(=O)O1)C2CC2)C=3C=C(N=C4C=CC=CC34)C=5C=CN=CC5,Z2495363444
CC(C)CN1CCOC(CNC(=O)NC(C)C2CCC(F)(F)CC2)C1,Z2495374281
O=C(NCC1CCC2(CCCC2)O1)NCC3CCCN(CC4=CC=CS4)C3,Z2495585465
O=C(C=1C=CC=C2OC(=O)NC12)N3CCN(C=4C=CC=CC43)C5CC5,Z2498121035
CC(C)(C(=O)O)C1CCCN(C1)C(=O)C=2C=CC=C(C2)C3CC3,Z2506971156
CC1=NNC=2N=CC(=CC12)NCC=3C=CC=C(OC4CC4)C3F,Z2569714201
CC1CCN(CC1)C(=O)NCC2CCN(C2)C=3C=CC=CC3Cl,Z2581068834
CCN1C=C(CNC(=O)N2CCC(CC=3C=CC=CC3)CC2)N=N1,Z2581258203
O=S(=O)(NC1CC(O)C21CCC2)C=3C=CC=4CCCCC4C3,Z2581392188
O=C(NC1CC2CN(CCN2C1=O)C=3C=CC=CN3)C4=CNC=C4C=5C=NN(C5)C=6C=CC=CC6,Z2584943117
N#CC=1C=CC(=CC1)CCSC=2C=CC(=CN2)C(=O)N3CCCC3,Z2589081713
"CC[C@H]1CCO[C@H]1C(=O)NS(=O)(=O)C=2C=CC(=CC2)OCC=3C=CC=CC3 |&1:2,6,r|",Z2594603621
O=C(NS(=O)(=O)C1CC1)C=2C=NN(N2)C=3C=CC(F)=CC3,Z2595068970
"CC(C)(C)N1N=NC(CC(=O)N[C@H]2CCC[C@H]2C(=O)O)=N1 |&1:12,16,r|",Z2595616129
CC(C(=O)O)C=1C=CC=C(C1)NC(=O)C=2C=CC=3OC(C)CC3C2,Z2595623404
CC1=NOC(=N1)C2CCN(CC2)C(C(=O)O)C=3C=CC=CC3Br,Z2597308693
CC1=CC=CC(C)=C1C2CCCN2C(=O)NCC3=NC=CN3CC(C)C,Z2601245522
COC=1C=CC(=CC1)N2N=NN=C2CNC(C)(C)C3=CC=CC(C#N)=C3,Z2602410046
CC1=CC(C)=CC(=C1)CNC(=O)NCC2CCCC(C)O2,Z2603801638
O=C(O)CC1(CCOCC1)NCC2=CSC(=N2)C=3C=CC(Cl)=CC3,Z2605253238
CC(NC(=O)C1(CC=CC1)C(=O)O)C2=CN(N=N2)C=3C=CC=CC3,Z2607576877
O=C(O)C1(CCCCCC1)C(=O)NC=2C=CC(=NC2)NC(=O)C3CC3,Z2607658397
"O=C(O)[C@@H]1CN(C[C@H]1C(F)F)C(=O)C=2N=CN=C3C=CSC23 |&1:3,7,r|",Z2607674568
"O=C(O)[C@@H]1C[C@H]1C(=O)NC2(CN3CCN(CC3)C=4C=CC(F)=CC4)CC2 |&1:3,5,r|",Z2607772742
CN1CCC(=O)NC=2C=C(C=CC21)C(=O)NC(C)(C(=O)O)C=3C=CC=CC3,Z2607801368
[K+].CN1C=C(N=N1)C=2C=CC=C(C2)NC(=O)NC3(CCCC3)C([O-])=O,Z3871115927
CC(=O)N1CCCN(CC1)C=2C=CC3=CC=C(Cl)C(C)=C3N2,Z2610543944
COC=1C=C(C=C(C1)OC)NC2CCCN(C2)C=3N=CN=C4C3N=NN4C,Z2612185327
CC=1C(=NC=NC1N2CCC(C2)C3CC3)N4CCC(C4)C5CC5,Z2612355045
CC(=O)NC1CCN(C1)C2=NC=NC(=C2C)N3CCC(C3)NC(C)=O,Z2613688436
O=C(NC1COC=2C=C(F)C=C(F)C21)N3CCC(CC3)N4C=NNC4=O,Z2615996865
COCC1(CN(C1)C(=O)NCCC=2C=C(C)C(O)=C(C)C2)C3CCC3,Z2616380381
"CC(C)C[C@@H]1C[C@H]1C2=NC(=NO2)C=3C=CC(=CC3)N4CCCNC4=O |&1:4,6,r|",Z2617584093
CN(CC=1C=CC=CC1N2CCOCC2)C(=O)C=3C=CC=C(C3)C4=NOC(O)=N4,Z2619496332
CCC1=CNC(=O)C(=C1)C(=O)N2CCCN(CC2)C(=O)C=3C=CC=CC3F,Z2620856429
NC(=O)CC=1C=CC(=CC1)NC(=O)C=2C=C(F)C=C(C2)N3CCOCC3,Z2621623872
CC(=O)NC=1C=CC=C2CN(CCC12)C(=O)C3=CN(C)N=C3C4=CC=CO4,Z2623334392
"COC=1C=CC(=CC1)[C@@H]2C[C@H]2C(=O)NCC=3C=C(F)C=CC3F |&1:8,10,r|",Z2627893115
CC1(C)CN(C(=O)C=2N=CC=C3NC=CC23)C(C)(C)CO1,Z2630152035
CC(C)C=1N=CC=2CCN(CC2N1)C(=O)C3CN(C)C(=O)N3,Z2631853293
O=C(NC1=CC=C2NC(=NC2=C1)C3CCCCC3)C4(CCOCC4)C(F)(F)F,Z2632278749
O=C(N1CC(C1)S(=O)(=O)NC2CCCC2)C3(CCOCC3)C(F)(F)F,Z2635915929
CNC=1C=CC(=CC1C(=O)N2CCN(CC(C)(C)O)C(C)C2)C(F)(F)F,Z2636929402
O=C(C=1SC=CC1N2C=CN=N2)N3CCCC(CC3)N4CCOCC4,Z2638454637
O=C(C1CC1C=2C=CC=CC2OC(F)(F)F)N3CC(O)(CO)C3,Z2640608722
O=C(O)C(F)(F)F.CN1CCCC(C1=O)N2CC(C2)NC(=O)C=3N=C4N=CC=CN4N3,Z9445824035
CC1=CC(=NN1C2=NC(C)=CC(C)=N2)C(=O)NC3COC(C)(C)C3,Z2642996034
CN1CCC=2C=C(C=CC2C1=O)NC(=O)CC3CCC=4C=CC=CC43,Z2644757319
COC=1C=CC(=CC1F)C2CCCN2C(=O)C3=CSC(=O)N3,Z2645518954
"NS(=O)(=O)C1=CC=2CN(CCC2S1)C(=O)[C@@H]3C[C@H]3C=4C=CC=C(O)C4 |&1:15,17,r|",Z2648361276
O=C(C=1C=CC(=CC1Cl)N2N=CC=3C=CC=CC32)N4CC5=CC=CN=C5N6C[C@H](O)C[C@H]6C4,Z2651981906
CC1=NC(C(=O)N2CCN(CC(=O)NC=3C=CC(F)=CC3)CC2)=C(C)N1,Z2654680209
C=1C=CC(=CC1)OC[C@@H]2CCCN2C=3N=CC=C4N=CC=NC34,Z2654923679
CC1=C(C=NN1C2CCOCC2)C(=O)N3CC=4C=CC(=CC4C3)C(=O)O,Z2656054493
CC(C)(CNC(=O)CCCOC=1C=CC=C(Cl)C1Cl)C=2C=NC=CC2,Z2669762681
CCCS(=O)(=O)NC=1C=CC=CC1C(=O)NCC=2C=CC=C3CCOC23,Z2684910100
CC1=C(N=NN1C=2C=CN(C)N2)C(=O)NCC=3C=CC=C4CCOC34,Z2684925471
"CC=1C=CC=2N=CC=CC2C1S(=O)(=O)N[C@@H]3CNC[C@H]3C=4C=CC=CC4 |&1:15,19,r|",Z2700098591
FC1=CC(F)=CC(=C1)C2(CCCC2)C3=NC(CC=4C=CC=NC4)=NO3,Z2700319662
COC(=O)C1CN(CC2=CC=CC=C21)S(=O)(=O)N3CCCC3C,Z2705372459
CCC(C)N1N=C(C=C1C)NC(=O)C2CNC(=O)C=3C=CC=CC32,Z2709220203
CN1N=CC(NC(=O)NCC(C)(C)C=2C=CC=3C=CC=CC3C2)=C1C(F)F,Z2709797950
CC1=CC(C)=NC(C)=C1NC(=O)N2CCCC(F)(F)CC2,Z2710501983
COC=1C=CC(NC(=O)NC=2C=C(C3CC3)N(C)N2)=C4C=CC=CC14,Z2711795235
CC=1C(F)=CC(=CC1C(=O)N2CC(CO)(C2)C=3C=CC=CC3)S(N)(=O)=O,Z2714543989
O=C(NCCN1CC2CCCCN2C1=O)C=3C=CC=C4SC=NC34,Z2715708239
CN1CCCCC(CNC(=O)C2=CN(N=N2)C3=CC=CC(Cl)=C3F)C1,Z2718663975
CC=1NC=2C=CC(F)=CC2C1CCNC(=O)C3CCCC=4NN=CC43,Z2719769456
CC1=CC=C(O1)C2=NC(=CS2)C(=O)N3CCC4CCC(C3)S4(=O)=O,Z2720024742
O=C1N(CCC2=CNC=3C(Cl)=CC=CC23)C(=O)C45CC(C4)CN15,Z2722378875
CNC(CO)C=1C=CC=C(C1)C=2C=CC=3COCCC3C2,Z2723072895
COC=1C=CC(=CN1)C(NC(=O)C=2C=NN3C=CC=NC23)C4CC4,Z2723410447
CC=1C=CC=C(C1)N2N=C3CSCC3=C2NC(=O)CC=4C=CC=CC4,Z2735082420
CC=1C=CC=C(C1)S(=O)(=O)NCC(O)C=2C=CC=C3C=CC=CC23,Z2736142040
CC(CC(=O)NC1=CC=CC(=C1)C(=O)N2CCCCC2C(=O)O)C(F)(F)F,Z2755340780
CC1=CC(C)=C(C=C1C(=O)O)NC(=O)CN2CCCCC2=O,Z2755382180
CC(CC=1C=NC=C2C=CC=CC12)C(=O)N3CCCC3(C)C(=O)O,Z2755409480
CC1C(=O)N(CC2=NOC(=N2)C(C)(C)C)C(=O)C=3C=CC=CC31,Z2755771333
CCC1=NOC(C)=C1CN2C(=O)C=3C=CC=CC3C(C)C2=O,Z2755771337
CCC1=NN(C)C(C(N)=O)=C1NS(=O)(=O)C=2C=CC=C(C)C2F,Z2755771559
C=1C=C(CNC[C@H]2CC[C@H](O2)C3=NC(=NN3)C4CC4)N(CC5CCC5)N1,Z2761118829
COC1=CC(OC)=C(F)C=C1CNC[C@H]2CC[C@H](O2)C3=NC=NN3,Z2761400204
FC(F)(F)C=1C=CC=C(N1)NC[C@H]2CC[C@H](O2)C3=NC=NN3,Z2761924805
CC(C)C1=NNC(=N1)[C@H]2CN(C[C@@H]2C3CC3)C=4C=NC=CN4,Z2762025628
O=C(O)[C@H]1CC[C@H](O1)C2CCN(CC2)C3=NC4=CC=CC(F)=C4O3,Z2762778410
"COCCOC=1C=CC(=CC1C)S(=O)(=O)N2CCC[C@@H](C(=O)O)[C@H]2C |&1:19,23,r|",Z2763097953
CC(C)NC=1C=CC=C(C1)C2=CN(CCN3C=CC=N3)N=N2,Z2763918569
CC(C)(C)O[C@@H]1C[C@H](C1)N2C=C(N=N2)C(C)(O)CC=3C=CC=CC3,Z2764020123
CC1=CC(C(=O)NC[C@H]2C[C@@H](C[C@H]2O)C3=NC(C)=NO3)=C(C)N1C,Z2764025694
CC1=NOC=C1C(=O)N2CCC(CC2)NC(=O)C=3C=CC(F)=CC3,Z2765438740
"O=C([C@@H]1C[C@H]1C=2C(F)=CC=CC2Cl)N3CCN(CC3)C=4C=NC=CN4 |&1:2,4,r|",Z2765458694
CC=1C(F)=CC=C(Cl)C1C(=O)NC[C@H]2CC[C@H](O2)C3=NC=NN3,Z2766355311
CN1C=NC=2C=CC=C(C(=O)N3CCC(CC3)[C@@H]4CC[C@@H](O4)C(N)=O)C21,Z2766395667
CO[C@H]1C[C@@H](CNC(=O)C=2C=C(F)C=C3NC=NC23)N(C1)C=4C=CN=CN4,Z2766444489
O=C(NCC1=NC=2CCCCC2S1)C3COC4=CC=C(O)C=C4O3,Z2767480065
COC(=O)C1CCN2C(CCCOC=3C=CC(Cl)=CC3C)=NN=C2C1,Z2768784480
COC(=O)CC1CN(C(=O)C2CCCNC2=O)C3=CC=CC=C31,Z2771413760
C1=NN2CCCCC2=C1CC3=NC(=NO3)C4(CCC4)C=5C=CN=CC5,Z2773797386
CC(C1=NOC(=N1)C(C)N2C=CC(=N2)C(F)(F)F)C=3C=NC=CN3,Z2773819360
CN1CN(CC1=O)C(=O)C(C2=CC=CN=C2)C3CCCCC3,Z2774200245
O=C(C1=NC=C2C=CC=CN12)N3CCCC(C3)N4C=CC(=N4)C(F)(F)F,Z2774470188
O=C(O)C=1C=C(C=CC1O)NC(=O)[C@@H]2C[C@@]32CCOC=4C=CC=CC43,Z2777618441
CN(C(=O)CC=1C=CC=2OCOC2C1)C3CCCCN(C)C3=O,Z2783442236
CC=1C=CC=C(N1)C(=O)NC=2C=C(C=CN2)N3CCN(C)CC3,Z2783588021
CC1=NN=NN1C(CC2=CC=CC(F)=C2)C(=O)NC3COC3,Z2783987647
CC1CC1C(=O)NC2=NC=3C=CC=CC3N2C=4C=CN(C)N4,Z2784483527
ClC=1C=C(Cl)C=2OC(=NC2C1)N3CCC(C3)C=4N=NNN4,Z2787447684
CCC1CC(CCO1)C2=NC(=NO2)C=3C=CC(=CC3)N4C=CN=C4,Z2787448141
"CCC=1C=CC(=CC1)C=2CCC(=O)N(N2)[C@@H]3CCC[C@H]3O |&1:15,19,r|",Z2790137375
CC1=CC(=NO1)NC(=O)CN2CCN(CC2)C(C(=O)O)C3CC3,Z2795227752
CC=1N=C(CN2CCN(CC2)C(C(=O)O)C3CC3)OC1C,Z2795228225
O=C(O)C(C1CC1)N2CCN(CC2)C(=O)COC=3C=CC(Cl)=CC3Cl,Z2795233638
NC(=O)C(C=1C=CC(Cl)=CC1)N2CCN(CC2)C(C(=O)O)C3CC3,Z2795233743
CCN1C(=NN=C1N2CCC(C2)C(N)=O)C3=NC=4C=CC=CC4S3,Z2795357341
CC=1C=CC=C(C1)C(=O)N2CCCN(CC2)C(=O)C3=CC(=O)N(C)C=N3,Z2796362008
CSC1CCN(CC1)C(=O)C(=O)NC=2C=NN(C2)C=3N=CC=CN3,Z2796418749
CN(C)CCN1C(=O)NC=2C=CC(=CC21)C(=O)NC3CCOC4=C(F)C=CC=C43,Z2797702883
CC1CC=2C=CC=CC2N1CCNC(=O)C3=CC(=CNC3=O)C(F)(F)F,Z2797983223
CC1(C)CNC(=O)CN1C(=O)CC=2C=CC=3C=CC=NC3C2,Z2801279544
O=C(C=1C=CC(=CC1)N2CCNC2=O)N3CCCC(C3)C4=CNC=5N=CC=CC45,Z2802531857
CC=1C=C(ON1)C(=O)N[C@H](C)C=2C=CC(=NC2)C(F)(F)F,Z2804866748
CC1=NN(C(C)=C1CNCC2=CC(=NO2)C3CC3)C=4C=CC=CC4,Z2826113192
CC=1C=C(C(=O)NC2=NC=C(S2)C3CCNCC3)N(N1)C4CCOCC4,Z2826189006
O=C(N[C@@H]1CCC=2C=C(Cl)C=CC21)C3=CNN=C3C4CCCNC4,Z2826957587
O=C([C@H]1[C@@H]2CNC[C@H]12)N3CCN(CC3)C=4C=CC=C5NC=CC45,Z2827014794
CN1C=NN=C1C2CCN(C2)C(=O)C(C)(O)C=3C=CC(Cl)=CC3,Z2832179835
COCC1(CC(=O)N2CC(C2)C=3C=NC=4C=CC=CC4N3)CC1,Z2832180348
CN1CCN(CC(=O)NC=2C=CC(=CC2)N3CCOCC3)CC1C(C)(C)C,Z2836923626
CCOC=1C=CC(=CC1)OCC(=O)N2CCN(CC2)C3=NN=C(C)N3C,Z2843426392
C1=CN(CC2=CN(CCC3OCCO3)N=N2)C=4C=CC=CC14,Z2845699311
C1=C(CCN2CCOCC2)N=NN1CC3=CC=C4C=CC=CC4=C3,Z2845744300
CC1=NN=C(O1)C(C)N2C=C(CNC=3C(C)=CC=CC3C)N=N2,Z2846024351
CCS(=O)(=O)NCCN1C=C(COC=2C=C(F)C=C(F)C2)N=N1,Z2846172614
CS(=O)(=O)C=1C=CC(=CC1)CN2C=C(N=N2)C3CCOC3,Z2846177451
CC=1C=CC(=CC1)N2CCCC(C2=O)N3C=C(N=N3)C(=O)N(C)C,Z2846398482
O=S1(=O)CCCC(CN2C=C(N=N2)C=3C=CC=4CCCC4C3)C1,Z2846513021
CC(C)(C)OC(=O)N1CCN(CCN2C=C(N=N2)C=3C=CC=CN3)CC1,Z2846599969
COC1CCN(CC2=CN(CC=3C=CC=CC3OC4CC4)N=N2)CC1,Z2846784220
C=CCN1CCC(C1=O)N2C=NC=3C=4C=CC=NC4SC3C2=O,Z2851100762
CS(C)(=O)=NC=1C=NN(C1)CC=2C=CC(=CC2)C(F)(F)F,Z2851234988
CC(=O)N1CCC=2SC(=CC2C1)S(=O)(=O)NC3=CON=C3C,Z2852105207
CN1C=C(CNC(CO)CC(F)(F)F)C(=N1)C2=CC3=CC=CC=C3O2,Z2852860635
CCOC=1C=CC(=CC1)C2=CN(N=N2)C3CN(C3)C(=O)C4=CN(C)N=C4OC,Z2855654139
"C[C@@H]1CN(C[C@H]1CO)S(=O)(=O)C2=CC=3C=CC=CC3OCC2 |&1:1,5,r|",Z2862419290
CCN1N=C(C)C=C1C(=O)NC(C)(C)C2=NC=3C=CC=CC3N2,Z2863937926
FC=1C=CC=C2C1CC[C@@H]2N3C=C(N=N3)C4CCCNC4,Z2864070114
CCC1(CN2C=C(N=N2)C3=CSC(=N3)N(C)CCOC)COC1,Z2864117164
CC1CCC2=NNC=C2C1C3=NC(=NO3)C4COC5=CC=CC=C5O4,Z2878718536
O=C(NCC=1C=CC=2CCNC(=O)C2C1)C34CCN(C3)CCC4,Z2879876957
COC=1C=CC(F)=CC1CC(=O)N2CCC(C2)N3C=C(N=N3)C4CC4,Z2883524032
COC1CCCN(CC1)C=2C=CN=C3C=C(C=CC23)OC(F)(F)F,Z2886139905
CC=1C=CC(=CC1OCCC(C)C)NC(=O)C2=NN=C(O2)C3CC3,Z2892590524
O=C(NC=1C=CC=C(O)C1F)C=2C=CN=C(C2)NC3CCC3,Z2893479357
C=CCC1(O)CN(C1)S(=O)(=O)C=2C=NN(C2)C3CCCC3,Z2900720940
CNC(=O)C=1C=CSC1NC(=O)N2CCOC(C2)C=3C=CC=CC3,Z2900813953
O=C1NC(=NC=2SC=C(C=3C=CC=CC3Cl)C12)C4CCCCO4,Z2900816364
CON1CCC(CC2=NC(=NO2)C=3C=CC(F)=C(F)C3)CC1,Z2902578942
CCN(C1CCCCC1)S(=O)(=O)C2=C(C=NN2C)C3OCCO3,Z2905106152
CN1C(=O)CCCC1C(=O)NC2=CC=C(OC=3C=CN=CC3)C(Cl)=C2,Z2905832276
COCC1(CCOCC1)C(=O)NC=2C=CC=C3NN=NC23,Z2909800772
CC=1NC=2C=CC(Cl)=CC2C1C(=O)N3CCOC(CC(=O)O)C3,Z2910522660
CC[C@@H](C(=O)NCC=1C=CC(=CC1)C2=CN=CO2)N(C)C,Z2910949352
CN(C)C=1C(=CN=C2C=CC=CC12)C(=O)N3CCC(CC3)N4CCC4,Z2915181175
CN1CCCC(O)(CC(=O)N2CCCC(C2)C3=CNC4=NC=CC=C34)C1,Z2915992011
CC1CN(CC2=CNN=C21)C(=O)C(O)C=3C=CC=C(C3)C(F)(F)F,Z2916185001
CCC(C=1C=CC(F)=CC1)N2CCN(CC2)C(=O)C3=CN=C(C)N3C,Z2916621043
CN1C(=O)C2=C(N=CN2CCOC3CCOC3)N(C)C1=O,Z2917980387
O=C(NCC1(CCC1)C2=CC=CC(Br)=C2)C3CCC(=O)N3,Z784333806
CC1CCCCC1OCC(=O)NCC=2C=CN=C(C2)N3CCCCCC3,Z1190522248
O=C(NCC=1C=CC=NC1)C2=NN(C=C2CCCO)C=3C=CC=CC3,Z1551688450
CN1N=CC=C1CNC(=O)C2CCCN2C(=O)CC=3C=CC=4C=CC=CC4C3,Z812603326
O=C(NCCC1=NC=2CCCCC2S1)NCC=3C=CC(=NC3)N4C=CN=C4,Z1552196288
CC=1N=C(SC1C(C)NC(=O)C2CC(F)(F)CN2)C=3C=CC(F)=CC3,Z2437006533
CC(CC=1C=CC(F)=CC1)C(=O)NC=2C=CC(=NC2)N3C=CN=C3,Z872013806
CCC(NC(=O)C=1C=C(C)N(CC)C1C)C(O)C(F)(F)F,Z1552913020
CCCC1C(=O)NCCN1C(=O)C=2C=CC3=C(C2)N=CN3C,Z1553012630
N#CC1=C(NC(=O)CN2CCN(CC2)C=3C=CN=CC3Cl)SC=4CCCCC14,Z1553912529
COC=1C=C(C=C2CC(C)OC12)C(=O)NC3CCCN(C3)C=4C=CC=CN4,Z1555336216
O=C(COC(=O)CC1=NNC(=O)C=2C=CC=CC12)NCC3CCOC3,Z792091960
O=C(CN1N=NC2=CC=CC=C21)NC(=O)NC34CC5CC(CC(C5)C4)C3,Z91645279
CN1C(=O)N(CC(=O)NC2CCN(CC2)C(=O)C=3C=CC=CC3)C=4C=CC=CC41,Z278866732
CC=1C=CN(N1)C=2C=CC(=CC2)NC(=O)C=3C=CC=NC3,Z2061292761
CCN(C(=O)CC=1C=NN(C)C1)C2CCN(C2)C(C)C=3C=CC=CC3,Z993208658
CC(C(=O)N1CCCC1CC=2C=CC=CC2)N3C=NC=N3,Z338734142
O=C(NC=1C=CC=C(C1)CN2C(=O)CNC2=O)C=3C=CC=C(C3)C4=NC=NN4,Z1558835844
CC1=C(NC(=O)C=2C=C(F)C=C3C=CC=NC23)C(=O)N(C=4C=CC=CC4)N1C,Z1558583902
COC=1C=CC(=CC1)CCNC(=O)C=2C=CC=C(C2)C3=NC=NN3,Z1558594297
CC=1C=CC=CC1C(=O)NCC(=O)N2CCC(CC2)C=3C=CC=CC3,Z284029096
CN1C=NC=2C=C(C=CC21)C(=O)N3CCCC(C3)C4=NNC=C4C(N)=O,Z1799881033
C[C@H]1OCCN(C(=O)C2=CC(=CC=C2F)C(F)(F)F)[C@@H]1C(N)=O,Z2065082807
CCN1C=C(C=N1)S(=O)(=O)N2CCOC=3C(=CC=CC32)C(=O)O,Z1561031922
CC=1SC=2N=CN(CC3(O)CCS(=O)(=O)CC3)C(=O)C2C1C,Z1560808864
O=C(O)[C@@H](NS(=O)(=O)C1=CSC=2C=CC=CC12)C=3C=CC=CC3,Z2066024227
C1=NNC=2N=CN=C(NCC3(CCC3)C=4C=CC=CN4)C12,Z2066145409
COC1=C(C)C=CC(NC(=O)NC=2C=NN(C2)CC3CCCO3)=C1C,Z807214900
CC(NC(N)=O)C(=O)N1CCCC1C(=O)NC=2C=C(Cl)C=C(Cl)C2,Z810018132
FC=1C=CC(=CC1)C2=NNC=C2CN3CCC(CC3)C4=CNC=5N=CC=CC45,Z1565214538
CC(C)(C)N1C=C(C=N1)CN2CCC(CC2)C(=O)N3CCC4=CC=CC=C43,Z1566992281
CN1CCCN(CC1)S(=O)(=O)C=2C=CC=C(C2)NCC3=CC(F)=CC(=C3)C(F)(F)F,Z2070848391
O=C(NCC=1C=CC=CC1C=2C=CN=CC2)C(O)C3=CC=CC(=C3)C(F)(F)F,Z2070742338
COC=1C=CC(=CC1OC)C2=NC(=CS2)C(=O)NC=3C=CC(F)=CC3Cl,Z115007518
CC=1N=C(NC1C)C=2C=CC=C(C2)NC(=O)C=3C=NN(C)C3,Z826775254
CC1=NC(=CS1)C2=CC=C(CCNC(=O)C3=CC=CN(C)C3=O)S2,Z1127329101
O=C(NCCOC=1C=CC=C(N1)C(F)(F)F)C=2C=CN=C(C2)NC(=O)C3CC3,Z2073398325
CC1=NOC(CNC(=O)C=2C=NN(C2C(F)(F)F)C(C)(C)C)=N1,Z1128319496
N#CC=1C=CC(=CC1)OC=2C=CC=C(C2)NC(=O)CCCOC3=CC=C4NC(=O)CCC4=C3,Z1129113955
CNC(=O)CCOC=1C=CC(=CC1)NC=2N=CN=C3C=CSC23,Z1129920850
O=C(C1=CSC(CC=2C=CC=CC2F)=N1)N3CCC(CC3)C4=NC(=O)NN4,Z1978301629
CC(C(=O)NCC=1C=CC=CC1)N2CCC(CC2)N3CCCC3=O,Z1130251159
CC=1C=C(C)N2N=C(N=C2N1)SCC=3C=CC=CC3C(=O)NCC=4C=CC(=CC4)NC(N)=O,Z298611090
CC(C)C1=NC(=NO1)C2CCN(CC2)C(=O)C3=CC=C(S3)C(N)=O,Z2227541160
CC1=C(C=NN1C(C)C)C(=O)NCC2=COC=3C=CC=CC23,Z1575887266
CN1C=CC=C(C(=O)N2CCC(CC=3C=CC=NC3)CC2)C1=O,Z1577148001
CN1C(=O)N(C)C=2C=C(C=CC21)NC(=O)CC3COCCN3,Z2390760189
O=C(NC1CCS(=O)(=O)C1)C2=CC=CC(=C2)N3N=CC=C3C(F)(F)F,Z975969934
COC=1C=CC(=CC1OC)C(=O)NCC2CCN(CC2)C=3C=CN=CC3,Z1579200724
O=C(NCC1CCN(CC1)C=2C=CN=CC2)C3CCN(CC(F)(F)F)CC3,Z1579199874
C=C(C)CN1CCC(CC1)NC(=O)C2CCCN(C2)C(=O)C(C)(C)C,Z1140269435
CC=1NC=2C=CC=CC2C1CC(=O)N3CCC(CC3)NC4=CC=CN=N4,Z1139265412
CN1CCCC1C2CCCN2C(=O)CNC(=O)C3=CC=CC(F)=C3,Z1139459536
COC=1C=CC=CC1C(C)NC(=O)CN2CCCC2CN3C=NC=N3,Z1139470144
CC1=CC(C)=NN1C(C)C(=O)NC2CCN(CC2)C(=O)CCC=3C=CC=CC3,Z846740874
NC(=O)C=1C=CC(=CC1)NC(=O)C=2C=NC(=CN2)OC=3C=CC=CC3,Z1583256315
CC1=CC=CN2C(=O)C(=CN=C12)C(=O)N3CC=4C=CC=CC4C[C@H]3C(N)=O,Z1583311637
CCOC=1C=CC=2N=C(SC2C1)C=3C=CC(=CC3)NCC4=NN=C(C)S4,Z1583292560
CN(C)C(=O)C=1C=CC(=CC1)C(=O)NC=2C=NN(C2)C=3C=CC=CC3S(C)(=O)=O,Z1144409534
O=C(CC1=COC(=N1)C=2C=CC(Cl)=CC2)NC3CCN(C3)C=4C=CC(F)=CC4F,Z1144390697
O=C(CN1C2CCC1CC2)N3N=C(CC3C4=CC=CO4)C=5C=CC(Cl)=CC5,Z245304444
COC=1C=CC=C(C1)CNC(=O)C=2C=CC=C3NC(=O)NC23,Z2228291021
CNC(=O)COC=1C=CC=C(C1)OC=2N=CN=CC2C=3C=CC=CC3,Z1587678863
CCOC=1C=C(C=CC1OC)C2=NN=C(CN(C)S(=O)(=O)C=3C=CC(C)=CC3)O2,Z1663975848
CC1=CC(=NO1)NC(=O)C(C=2C=CC=CC2)N(C)CCCN3C=CN=C3,Z1587822646
CC(C)(C)OC(=O)C=1C=NC(=CN1)N2CCC(CC2)C(=O)N3CCCC3,Z2088850082
N#CC1(CCCC1)C2=NN=C(O2)C3=CC=C(COC=4C=CC=CC4)O3,Z1662769039
COC=1C=C(C=CC1OCC=2C=CN=CC2)C(C)NC3CCNC3=O,Z1460235037
CN(C)C=1N=CC(=CN1)NC(=O)N2CCN(CC2)C=3C=CC(F)=CN3,Z1589678546
CC1=NC2=NC(N)=NN2C(C)=C1CCC(=O)N3CCC4=CC(Cl)=CC=C43,Z2089148762
CC=1C=CC=CC1N2N=CC=C2NC(=O)N(C)CC3CCOC3,Z1589768652
CC=1C=CC=C(C1)COC=2C=CC(=CC2)C(C)NCC3=NC=4C=CC=CC4S(=O)(=O)N3,Z1589657883
O=C(NCC=1C=CC(=CC1)N2C=CN=C2)C=3C=CC=C(C3)NC(=O)C=4C=CC(F)=CC4,Z875600298
COC=1C=CC=CC1N2CCC(CC2)NC(=O)C3=CN=C4C=CC(C)=CN4C3=O,Z955721550
CC1CCC(CC1)N(C)C(=O)CN2CCN(CC2)C=3C=CC(F)=CN3,Z1591616415
CCC(CC)N1N=C(C)C=C1C2=NC(=NO2)C(C)(C)NC(C)=O,Z1592738557
CN1C=CN=C(C1=O)N2CCN(CC2)C=3N=CC(Cl)=CC3Cl,Z1272212096
CN1N=NN=C1C=2C=CC=C(C2)NC(=O)CCN3C=NC4=CC=CC=C43,Z226596126
CC1=NN=C2C=CC(=NN12)N3CCCC(CN(C)S(C)(=O)=O)C3,Z2094180324
CN1CCC=2C=CC(=CC21)NC(=O)C=3C=CC(=CC3)N4C=NN=N4,Z1595260604
O=C(NC1=NNC=2C(Cl)=CC=CC12)C3CCN(CC(F)F)CC3,Z1979280998
CC=1C=CC2=NC(=CC(=O)N2C1)COC(=O)C(O)C=3C=C(Cl)C=C(Cl)C3,Z1398107867
CC=1C=CC(=CC1NC(=O)C2CCCN(C2)C(=O)CC=3C=CC(F)=CC3)C(N)=O,Z929405348
CC=1C=CC(=CC1)NC(=O)CC2=NC=3SC=4SCCCC4C3C(=O)N2,Z241539614
NC(=O)C=1C=CC=CC1SCCCN2C(=O)NC=3C=CC=CC32,Z1167100351
NC(=O)NC=1C=CC(=CC1)NC(=O)CNC(=O)C2CCCCC2,Z242990158
CN1N=CC=2C(=O)N(C=NC21)CC(=O)NC3CCOC4=CC=C(F)C=C43,Z1167321871
CC(=O)NC=1C=CC(=CC1)C=2C=CC(=CC2)S(=O)(=O)N3CC(C3)OC(=O)NC(C)C,Z2097731794
CN1N=CC=2C(=NC=NC21)N3CCN(CC3)C(=O)C=4C=CC=5NN=NC5C4,Z238099118
CC(NC(=O)N1CCOCC1C2CCCO2)C3=CC=CC(F)=C3F,Z2099106776
COCC=1C=CC(=CC1)C(=O)NC(C(=O)O)C=2C=CC(Cl)=CC2,Z1603611145
CC=1C=CN(N1)C=2C=CC=C(C2)C(=O)NCCC=3C=CC(=CC3)C(=O)O,Z1603202570
COC=1C=CC(=CC1)C(NC(=O)C2=CC=C(C)NC2=O)C(=O)O,Z1603598598
COC=1C=CC(=CN1)C2=NOC(=N2)C=3C=CC=4C=CC=CC4N3,Z1170188610
COC=1C=C(C=CC1C)CC(=O)NCC2(CCOCC2)N3CCCCC3,Z1171739821
CN(C)C(=O)C=1C=CC(=CC1Cl)NC(=O)C=2C=NN3C=CC=CC23,Z1172833955
CC=1N=CC(C(=O)N(CC2CCCCC2)C=3C=CC=CN3)=C(C)N1,Z1608527431
CC(C)(O)C(C)(C)NC(=O)CN1N=CC(=O)C=2C=CC=CC21,Z1610370826
CC=1NC(=O)NC(=O)C1CCC(=O)N2CC3CCCN3C=4C=CC=CC42,Z444210366
CC=1C=C(N=C(C)N1)N2CCC(CC2)NCC=3C=CC=4NC=NC4C3,Z1347487264
CC=1C=C(C(=O)N2CCC(O)(C2)C=3C=CC(F)=CC3)C4=NNC=C4C1,Z1610728226
CN(C)C=1C=CC(=CC1)C=2C=NC=C(C2)C(=O)NCC3=CC=CC(=O)N3,Z1610487224
CC=1C=CC=C2CN(CC(C)(O)C=3C=CC(=CC3)S(C)(=O)=O)CCC12,Z1612026394
CN1C(=O)C2=C(N=CN2CCN3CCC=4C=CC=C(F)C43)N(C)C1=O,Z1612313139
FC(F)C1=NN=C2C=CC(=NN12)N3CCCC(C3)C4=NNC(=N4)C5CCCCC5,Z1614094378
CC=1N=CC=C(N1)NC2CCN(C2)C=3C=CC(F)=C(Cl)C3,Z1615120791
CC=1C=CC(=CC1C(=O)NC(C)C)NCC2=NC=NN2CC(C)C,Z1618383101
CC1=NN(C(C)=C1CNC(=O)CC2=CN=CN2C)C3=CC=CC=C3C,Z2111946926
CC1(C)CC(NC(=O)NC2CCN(CCC=3C=CC=CC3)CC2)C(C)(C)O1,Z1618340771
CCC1C(CCN1S(=O)(=O)C2=CC=C3C(=C2)CCCN3C(C)=O)C(=O)O,Z2112546703
O=C(NCCN1CCCS1(=O)=O)C=2C=C(F)C(Cl)=CC2Cl,Z952686072
CC1CN(CC2=CN(C)N=C2C=3C=CC(C#N)=CC3)C1C=4C=CC=CC4,Z1620388359
CNC(=O)[C@@H]1CCCN1C(=O)C2CCN(CC2)C(=O)C3=CC=CO3,Z1188938337
CC=1C=C(N=CN1)N2CCN(CC2)C=3N=NC(C)=C(C)C3C(N)=O,Z1188133514
COC=1C=CC=CC1C(=O)NCC(=O)NC2CCN(CC2)C=3C=CC=CC3OC,Z956753886
CC=1C=CC(NC(=O)C2=CC=CN(C)C2=O)=C3C=CC=NC13,Z1190396796
CN1C(=NC=2C=CC=CC21)C=3C=CC(=CC3)NC(=O)C4CCNCC4,Z2436778746
O=C(CN1CCN(CC1)C=2C=CC=CN2)N3CC(CO)C4=CC=CC=C43,Z2231314059
CCOC=1C=CC=CC1C(=O)NCC(=O)N2CCC(CC2)N3C=CN=C3,Z968804722
COC=1C=CC(=CC1)C23CC4CC(CC(C4)(C3)C(=O)NC=5N=CN(CC=6C=CC=NC6)N5)C2,Z971082818
CC=1C=NC(C(=O)N2CCNC(=O)C2C3=CC=CS3)=C(C)C1,Z1627817097
CC=1C=C(C)N2N=C(N=C2N1)NC(=O)NCC3=CC=CC(=O)N3,Z1628046055
CC=1C=CC(=CC1)NC(=O)C2=NN=C(CN3CCC(C3)N4CCCC4)S2,Z1628994438
O=C(NC1CC1)C=2C=CC=C(C2)NC(=O)N3CCNC(=O)CC3C=4C=CC=CC4,Z987897030
CC(C=1C=CC=CC1Cl)N2CCN(CC2)C=3N=CN=C4N=CNC34,Z373297192
CC=1NC(=NC1C(=O)NC2(CCC2)C3=NN=CN3)C4=CC=CC(C)=C4,Z1972785413
O=C(NC=1C=CC=2NC(=NC2C1)C=3C=CC=CC3)C4CC54CCS(=O)(=O)CC5,Z1862836668
NC=1N=C(N=CC1C(=O)NC=2C=CC(=CC2)NC=3N=CC=CN3)C4CC4,Z2126046039
CC(C)(C(=O)N1CCC(COC=2C=CC=CC2)C1)C=3C=CC=NC3,Z1634022235
CC1(CCCC=2C=CC=CC21)NC(=O)CC3=CNC4=NC=CC=C34,Z1400932778
O=C(CNC(=O)NC1CCCCC1)N2CCCC2C=CC=3C=CC=CC3,Z1634121029
O=C(CC1=CSC(=N1)C=2C=CC=3OCOC3C2)NC4CCC=5NN=CC5C4,Z1203383982
NC(=O)N1CCC(C1)NC(=O)C=2C=CC=C(C2)OC3CCCC3,Z1204714551
CC1=NN(C=C1NC(=O)C2=CC=3C(=CC(=O)NC3O2)C(F)(F)F)C=4C=CC=CC4,Z1636332224
CN(CC=1C(F)=CC=CC1F)C(=O)C=2C=CC=C(C2)CN3C=CN=C3,Z2232073729
CC=1NN=C2N=CC(=CC12)C(=O)NC=3C=CC=C(C3)C4=NN=CN4,Z1204854808
CCC(NC(=O)C1=CN=CC(C)=C1O)C=2C(C)=NOC2C,Z1637253997
O=S1(=O)CCCC(C1)NCC2=C(Cl)C=CC=3C=CC=NC23,Z1636811073
COC=1C=C(F)C=CC1N2CCN(CC2)C(=O)C=3C=NN(C3C)C=4C=CC=CN4,Z1210254301
CCCCNS(=O)(=O)C1=CC=CC(=C1)NC(=O)N2CCN(CC(=O)N3CCCCC3)CC2,Z412347288
CCC1=NC(=CS1)CS(=O)(=O)CC(=O)NC=2C=CC=3CCCC3C2,Z417089896
CC(C)(C)N1C=C(C=N1)C(=O)NC=2NN=C(C2C#N)C3CC3,Z2137899819
CCN(C(C)CC=1C=CC(=CC1)OC)S(=O)(=O)C=2C=CC=CC2C3=CC=NO3,Z1643143306
COC=1C=CC=C(C1)C(=O)NCC(=O)NC2CC(C)(C)OC=3C=CC=CC32,Z1421986150
CSC=1NC(=O)C(=CC1C#N)C(=O)N2CC=3C=CC=CC3OCC2C,Z1645172894
CC=1C=CC(=CC1NC(=O)C=2C=CN=C(C2)C3CC3)C(N)=O,Z1646779013
CCOC(=O)CCCS(=O)(=O)N1CCC(CC1)N2C=C(C)C=N2,Z1218130669
O=C1NN=C(C2=NC(=NO2)C3CCCC=4C=CC=CC43)C5=CC=CC=C15,Z1649198807
COC1CCCN(CC1)C(=O)C(CC=2C=CC=CC2)NC(=O)C3=CC=CN=C3,Z1649069394
CNC(=O)C1(CCCC1)NC(=O)C=2N=C3C=CC=CC3=CC2Br,Z2145872045
CNC(=O)C=1C=CC(=CC1)CN(C)C(=O)NC2CCCN(C2)C3=CC=CC(F)=C3,Z1219435139
CC(C)C1=NC(=NN1C2=CC=CC=C2F)C(=O)N3CCC=C(F)C3,Z1649493013
CCOC1CC(NC(=O)C=2C=CC=C(C2)NC(=O)C=3C=CC=4NC=NC4C3)C1N5C=CC=N5,Z2232875107
CC1=CSC(=N1)C(C)(C)NC(=O)C2=CC=3C(C)=C(C)C=CC3N2,Z1220367533
CC1(C)CC(N(CC=2C=CC=CC2)C(=O)CC3CCCC(=O)N3)C(C)(C)O1,Z2148920054
CC=1C=CN(N1)C=2C=CC(=CC2)C(=O)N3CCNC(=O)C3C=4C=CC=CC4F,Z1653603254
CC1=C(N=NN1C=2C=CC=CC2Cl)C(=O)NCC=3C=CC=4NC(=O)NC4C3,Z1654004361
CC1=NN(C=C1C(=O)NCCCC2=NN=C3CCCCCN23)C(C)(C)C,Z1655440985
CC1=CC(C)=C(C)C(=C1C)S(=O)(=O)NC(=O)C2=CN(C)N=N2,Z2152957789
CNC(=O)C=1C=CC=C(C1)NC(=O)N2CCC(C2)OC=3C=CC=C(F)C3,Z1656271724
CC1=NN=C(NC(=O)CC=2C=C(ON2)C=3C=CC=CC3)S1,Z1229779910
NC(=O)C=1C=CC=NC1N2CCN(CC2)C(=O)N3CCC4=CC=CC=C43,Z1230255170
CS(=O)(=O)C=1C=CC(=CC1)C2=NOC(=N2)C3CC4=CC=C(F)C=C43,Z1959824707
COC1=CC=CC(OC)=C1CC(=O)NC=2C=CC(=CC2)C=3N=CN(C)N3,Z1659942757
CC1=NN(C)C(C)=C1C2CCCN2C(=O)C=3C=CC(Cl)=CN3,Z1231815059
CC1=NC(C)=C(CNC2=NC3=C(C=NN3C=4C=CC=CC4)C(=O)N2)O1,Z2157454991
CC1=CC(=NN1C=2C=CC(F)=CC2F)NC(=O)C=3C=CC=CC3C,Z2157617207
CC(C)N1C(=NC=2C=CC=CC21)C(C)NC(=O)C=3C=CC(=CN3)C(N)=O,Z1232183331
CC1=NN(C(C)=C1CC(=O)N2CCC(=O)NC=3C=CC=CC32)C(F)F,Z1231929925
O=C(NC1CCN(CC2CCOC2)CC1)C3=CC(Cl)=CN3,Z1232394768
CC=1C=CN=C(N1)C2CCN(CC2)C(=O)C=3C=NN(C3)CCC(F)(F)F,Z1667045359
O=C(C=1C=CC(F)=CC1F)N2CCC(CC2)C(=O)N3CCN4CCOCC4C3,Z1667034290
N#CC=1C=CC(=CC1)NC(=O)C2=COC(=N2)C=3C=CC=CC3,Z1239069666
CC=1C=C(N=C(C)N1)C(=O)N2CC=3C=CC=CC3C[C@H]2C(N)=O,Z1668086697
O=C(CC=1C=CC=C2C=CC=NC12)N3CCCCC3C=4N=CON4,Z1240393624
CN(C)CCOC1=CC=CC=C1N2CCN(CC2)C(=O)C3=NNC=4CCCC34,Z1240828144
CC=1OC=2C=CC=CC2C1C(=O)N3CCC(CC4=NC=5C=CC=CC5N4)CC3,Z2233361637
COC=1C=CC(=CC1)C2CC(C)N(CC(=O)NCC(F)(F)F)C2,Z1241273634
CC1CCN(CC1)C(=O)C=2C=CC(=CC2)NC(=O)N3CCCS(=O)(=O)CC3,Z1243925157
COC=1C=CC=C(C1)NC2=NN=C(C=3SC(=NC3C)N4CCOCC4)N2C,Z2167019630
COC=1C=CC=CC1C2(CNC(=O)N3CCC(CC3)C4=CC=NN4C)CC2,Z1244359047
C=1OC(=NC1C2=NC(=NO2)C=3C=CC=CN3)C=4C=CC=CC4,Z1245744325
CC=1C=CC=C(C1)C(C)C(=O)NC2CC(=O)N(CCN3CCOCC3)C2,Z1246799254
CC(=O)NC=1C=CC=C(C1)C(=O)NCC2=NN=C(C(C)C)N2C,Z1673893236
O=C(NCC=1C=CC(=CC1)C=2C=CN=CC2)NCC=3C=CC(=CC3)N4C=CC=N4,Z1249195989
COC=1C=CC(=CC1)C2CCCCCN2C(=O)NC=3C=C(N=CN3)N(C)C,Z2171318502
CC=1N=CC=C(N1)N2CCN(CC(=O)NC3=CC=NN3CC4=CC=CS4)CC2,Z1677458974
CCC(NC(=O)CN1N=CC=2C=CC=CC2C1=O)C=3C=C(F)C=CC3F,Z1251603106
O=C(NCC1CCCCC1O)C2=CC(=O)NC3=CC=C(F)C=C23,Z1252266812
O=C(NCC(F)(F)C(F)F)C1CCN(C1)C=2C=CC=CC2Cl,Z2174503723
CC1=CC(=NN1CC(=O)NC2=CC=C3C(=C2)CC(=O)N3C)C(F)(F)F,Z2174532438
CC1CN(CCN1C2CCN(C)CC2)C(=O)CC=3C=NC=NC3,Z2175025966
CN(C)CCN1C(=O)OC=2C=CC(=CC21)NCC=3C=C(O)C=4C=CSC4C3,Z1683099180
CCCC(=O)NC=1C=CC(=CC1)CNC(=O)CN2CC3CN4CCCCC4C3C2,Z1256671201
CC1=CC(=NN1CC(=O)NCCC2=NC(=NN2)C=3C=CC=CC3)C(F)(F)F,Z2175656530
CC=1C=CC=C(C1)NC2CCN(CC2)C(=O)C3CCCN(C3)C(=O)C=4C=CC(F)=CC4,Z1256552355
O=C(C=1C=CC=2NN=CC2C1)N3CCCC(C3)C(=O)N4CCC5(C4)OC=6C=CC=CC6O5,Z2177759795
CC1=C(N=NN1C)C(=O)NC=2C=NC(=NC2)C=3C=CC=CC3,Z1259542155
CC=1C=CC(=CC1)S(=O)(=O)NC=2C=CC(=CC2)OC3=CC=C(C)N=N3,Z1260604152
COC=1C=C(C=CC1C)C(=O)NC2CCCN(C2)C=3C=NN(C)C3,Z1260431685
CCOC=1C=CC=CC1C(=O)NC=2C=CC=C3NC(=O)COC23,Z2178134228
COCCNC(=O)CN1C=C(C=N1)NC(=O)[C@@H]2CC=3C=CC=CC3N2C(C)=O,Z1260463583
COCCOC=1C=CC(=CC1F)C2=NOC(=N2)C=3C=CC=C4OCOC34,Z1685635815
CC1=NSC=2N=CC(=CC12)C3=NC(=NO3)C=4C=CC(=C(C)C4)N5C=NC=N5,Z1685492874
O=C(NC=1C=CC=2CCC(=O)NC2C1)C3CC(=O)N(CCN4CCOCC4)C3,Z1261991219
O=C(NC=1C=CC=C(C1)C2=NC(CN3C=NC=4C=CC=CC43)=NO2)C5CCCO5,Z1890820786
CC1=NN=C2C=3C=CC=CC3C(=NN12)N4CCC(CC4)OC=5C=CC(C)=CC5,Z2179393267
CNC(=O)C=1C=CC(=CC1Cl)NC(=O)C=2C=CC(Cl)=C(C2)S(=O)(=O)N(C)OC,Z739921324
COC1=CC=C(Cl)C=C1C(=O)N2CCCN(CC2)C(=O)C=3C=C(Cl)C=CC3OC,Z71518280
O=C(NC1CCN(CCOC=2C=CC(Cl)=CC2)CC1)[C@H](O)C=3C=CC=CC3,Z1549919585
CCOC=1C=CC=CC1C(=O)N2CCCC2C(=O)NCCNC(C)=O,Z367802794
CN(C)C(=O)COC=1C=CC=C(C1)CNC=2N=CC(=CC2Cl)C(=O)N3CCCCC3,Z785193766
O=C(CSC1=NNC(=N1)C=2C=CC=NC2)NC=3C=CC(=CC3)OC=4C=CC=CC4,Z785899908
CC1=NOC(COC=2C=CC(=CC2)NC(=O)CCC3CCNCC3)=N1,Z2439529500
O=C(CCC1CCNCC1)NC=2C=CC(=CC2)N3C=CN=C3,Z2434271950
CC(C)(C)C1=NC(=CS1)CCNC(=O)C(C=2C=CC=C(F)C2)N3CCOCC3,Z1552821838
CC(C)OC=1C=CC=CC1CC(=O)NC2CCN(CC=3C=CC=CC3)C2=O,Z970718078
COC=1C=CC(=CC1)CC2CCN(CC2)C(=O)CN3C=CC=N3,Z983203244
COC=1C=CC=CC1CC2CCCN2C(=O)CC3=NN4C=CC=NC4=N3,Z942506714
CC(C)(C)N1N=CC=2C(=NC=NC21)NCCC=3C=NC(=NC3)C4CC4,Z1554705275
CC=1C=C2N=C(C)C(CCC(=O)N3C[C@@H](F)C[C@H]3CO)=C(C)N2N1,Z2060905742
CCC=1N=CN=C(C1F)N2CCN(CC2)C(=O)NC3CCCCC3,Z1558642850
CS(=O)(=O)NC=1C=NC=C(C1)C(=O)NCCOC=2C=CC=CC2C=3C=CC=CC3,Z1559119492
COCC1CN(CC(C)(C)O1)C(=O)C(C)(O)CCC=2C=CC=CC2,Z2063058526
CC=1NC(=NC1C(=O)OCC(=O)NC=2C=CC=CC2C(=O)NC=3C=CC=CC3)C=4C=CC=CC4,Z1116927294
CCCC1=NC(=NO1)C(C)(C)NC(=O)C=2C=CC=C(C2)C3=NC=NN3,Z1559454740
CCOC=1C=CC(=CC1)CNC(=O)N2CCC(CC2)N3C=CN=C3,Z1117269474
CC(C)N1CCN(CC1)C=2C=CC=C(C2)NC(=O)CN3CCC(C)CC3,Z1560604356
CC(C)OC=1C=CC=CC1C2=NC(=NO2)C=3C=NC=CN3,Z2065579965
CC(C)C=1C=CC(=CC1)OC2CCN(CC2)C(=O)C3=CC=NC(=C3)NC(=O)C4CC4,Z2067466480
CC1=C(N=NN1CC=2C=CN=CC2)C(=O)NC=3C=CC=4C=CN(C)C4C3,Z2068009672
N#CC=1C=CC(=CC1)N2CCC(CC2)C3=CNC=4N=CC=CC34,Z805425784
CCC1=NC(CN2CCN(CC2)C(=O)C=3C=CC(=CC3)N4C=NN=N4)=NO1,Z807033618
CC1=NC(=CC(=N1)NCC2(C)CCCCC2O)C=3C=CC=CN3,Z1563981010
O=C(CCN1CCOC1=O)N2CCN(CC2)C(=O)C=3C=CC(F)=CC3,Z808874634
CC=1C=CC(=CC1NC(=O)NCC=2C=CC(=CC2)C(=O)N3CCN(C)CC3)C4=CC=C(C#N)S4,Z813384040
O=C(CCN1C=NC=2C=CC=CC2C1=O)NC=3C=CC=4N=CNC4C3,Z908607908
CCOC1CC2(C1)CCN(CC3=NN=C(O3)C4=CC=CC(C#N)=C4)C2,Z2071204743
O=C(NCCC=1C=CC(=O)NC1)C(C=2C=CC=C(F)C2)N3CCOCC3,Z2143795973
CC(C)C=1NC=CC1C(=O)NC2COC=3C(Cl)=C(Cl)C=CC32,Z2071805924
O=C(NC1=NC=C(CCO)S1)C=2C=CC=C(C2)CN3C=CN=C3,Z2226912799
CN1C(CN2CCC(C2)C3CCOC3)=NC=4C=C(C=CC41)C(F)(F)F,Z1569542466
CN1C=C(CNCC=2C=CC(=NC2)N3C=CN=C3)C(=N1)C(C)(C)C,Z1570099293
COC=1C=CC=C(C1)OCC(=O)N2CCC(CC2)N3CCCC3=O,Z1129784531
CC=1C=C(C)C(=C(C)C1)S(=O)(=O)NC=2C=C(C=CC2C)C(=O)NC(C)C=3C=CC=NC3,Z136983456
CN(CC=1C=CC=CC1)S(=O)(=O)C=2C=CC(=CC2)NC(=O)CN3CCCC3,Z104617640
NC=1N=CC=C(N1)C2CCCN(C2)C(=O)C=3C=CC(=NC3)OC4CCCC4,Z2075881841
CC1=C(CNC(=O)C(C=2C=CC=CC2)N3CCC(O)CC3)OC4=CC=C(F)C=C14,Z1131104574
CC=1N=C(CN2CCN(CC2)C(=O)C3=CC=CO3)N=C4C=CC=CC14,Z285981876
CC=1OC=NC1CNC(=O)NC2CCN(CC2)C=3C=CC=CC3,Z1576080398
CCC1(C)COCCN1C(=O)C2=NNC(=O)C=3C=CC=CC23,Z1577326828
CC1=C(C)C2=NN=C(N2N=C1NCC3(CCOCC3)C(N)=O)C(F)(F)F,Z1576836669
CC1=CC=2C=C(C=CC2N1)CNC(=O)CNC(=O)C3=CC=CO3,Z2078865720
CCC1=NN=C(NC(=O)C(C)C(C)NC(=O)C=2C=CC=3SC=CC3C2)S1,Z2078962265
COC=1C=CC(=CC1)C(CC(=O)N2CCC(C)C3(CCC3)C2)NC(C)=O,Z1577205836
CC1=CC=CC(=O)N1CC(C)(O)C(=O)N2CCC(CC(F)(F)F)CC2,Z2079446367
O=C(C=1C=CC=C2NC(=O)COC12)N3CCCC(C3)N4C=NC=N4,Z1139342205
CCN(CC(=O)NC=1C(Cl)=CC=CC1Cl)C(=O)C=2C=NN(N2)C=3C=CC=CC3,Z167665250
NC(=O)C=1C=C(C=CN1)OC2CCN(CC2)C(=O)COC3=CC=CC=C3Cl,Z1581630502
CC=1C(=CC=CC1[N+]([O-])=O)NC(=O)C(C)N2CCCN(CC3=NC=CN3C(C)C)CC2,Z1140887958
CC(C)(O)CN1CCN(CC1)C(=O)CN2C=CC(=O)C3=CC=CC=C32,Z1143012730
N#CC=1C=CC=CC1C=2C=CC(=CC2)CNCC=3C=NNC3,Z1583920321
CC=1C=C(SC1C)S(=O)(=O)NC=2C=CC=C3CCCOC23,Z1583408634
COCC1(C)CCN(CC(=O)NC2=NC=3CCCCC3S2)CC1,Z1584362159
CCC=1C=CC(=CC1)C2=NC(=CS2)CN3CCC(CC3)N(C)S(C)(=O)=O,Z857748600
O=C(NCC=1C=CC=NC1)C=2NN=C(C2Br)C=3C=CC=CC3,Z854929136
CN(C)S(=O)(=O)C=1C=C(C=CC1F)NC(=O)C2=CC=3C=C(F)C=CC3N2,Z2086307925
COC=1C=C(C=C(C1)OC)NC(=O)C2=NC=3C=NC=CC3S2,Z2228344648
CCC=1C=CN=C(C1)C(=O)NC=2C=CC(=NC2)OCC(F)(F)F,Z1588122817
CC1CCOCCN1C(=O)CCC2=NN=C(O2)C=3C=CC=CC3,Z1589218680
COC=1C=CC=C(C1)C2(CNC(=O)CC=3C(C)=NN(C3C)C=4N=C(C)C=C(C)N4)CCCC2,Z1155308835
O=C(NCC=1C=NN2C=CC=CC12)C3=CC=4C=CC(Cl)=CC4N3,Z2090977739
CCN1CCOCC1C(=O)NCCNC(=O)C=2C=CC=C(C2)OC,Z1592054039
CCOC=1C=CC(=CC1)CCC2CCN(CC2)C=3C=NN(C)C(=O)C3Cl,Z279789496
CN1C=C(C=N1)C=2C=NC=C(C2)C(=O)NC=3C=CC=CC3N4CCC(O)CC4,Z1157974914
CN1C=C(C=N1)C=2C=NC=C(C2)C(=O)NCC=3C=CC=CC3,Z1157882014
CCC(C)N1N=C(C=C1C)NS(=O)(=O)C2=CNC(=C2)C(=O)N3CCCC3,Z1592975468
CN(C)C=1N=CC=C(CNC(=O)C=2C=CC=C3C=CC=CC23)N1,Z1593876339
CCCC(C)NC(=O)CS(=O)(=O)CC1=CSC(=N1)C=2C=CC(=CC2)C(C)C,Z339962400
C=1C=CC(=CC1)C2CN(C=3N=CN=C4C=5C=CC=CC5OC34)C6CCOCC26,Z2094348175
CC1CN(CC(C)O1)C2=CC=C(C=N2)C(=O)NCC3=CCN(C)CC3,Z1594979112
COC1C(C)C(NC(=O)NC=2C=CN(CC=3C=CN=CC3)N2)C1(C)C,Z1595398791
CCS(=O)(=O)N(C)C1CCN(CC1)C(=O)C2CCCC3=CC=CC=C32,Z1161289006
CCC=1C=CC=NC1C(=O)NCC2=CC=3C=CC=CC3N(C)C2=O,Z2207665609
CC(=O)NC=1C=CC(=CC1Cl)NC(=O)C=2C=C(C=CN2)N3CCOCC3,Z230337092
O=C(NCCNC(=O)C=1C=CC=CC1)C(=O)NC=2C(F)=CC=CC2F,Z438754248
CC1=CC2=CC(=CC=C2N1)CNC(=O)CC(C)CC(=O)NCC=3C=CC=4NC(C)=CC4C3,Z2095143001
CN1C=NC=2CN(CCC21)C(=O)C=3N=C(C4=CC=CS4)N(N3)C=5C=CC=CC5,Z1165320715
N#CC=1C=CC=C(C1)CNC(=O)CSC2=NC=C(O2)C=3C=CC=CC3,Z907735106
CCN1C(=O)OC=2C=C(C=CC21)S(=O)(=O)NC3CC(=O)N(C)C3=O,Z2097434725
NC(=O)NC=1C=CC(=CC1)NC(=O)CSC2=NN=C(C=3C=CC(F)=CC3)N2C=4C=CC=CC4,Z242990690
NS(=O)(=O)C=1C=CC(=CC1)OC=2C=CC(=CC2)NC(=O)C3CCCC3,Z1168026686
CCC1=NN=C2C=CC(=NN12)NC3CCC=4C=C(Cl)C=CC43,Z1168189926
CCN(CCOC)C(=O)CN1NC(=O)C=2C=CC=CC2C1=O,Z344877236
COC=1C=CC=C(C1)C2=NOC(=N2)C(C)NC(=O)C3=CC=CC(=C3)OCC(=O)O,Z1444192509
CC(=O)NC(CC1=NC(=NO1)C=2C=CC(F)=C(F)C2)C=3C(F)=CC=CC3F,Z1170075284
CS(=O)(=O)C=1C=CC(=CC1)C2=NOC(=N2)C3=CC=4C=CC=CC4NC3=O,Z1170223976
O=C1C=CN(N=C1C2=NC(CC=3C=CC=C(Cl)C3)=NO2)C=4C=CC(F)=CC4,Z1170234975
CC1=CSC2=NC=C(C(=O)N[C@@H]3C=4C=CC=CC4C[C@@H]3O)C(=O)N12,Z1604592647
COCC1=NN(CC2=NC(N)=C3C(=N2)SC=4CCCCC43)C(=O)O1,Z1607385949
O=S(=O)(C=1C=CC=C(C1)NCCOC=2C=CC=CC2)N3CCOCC3,Z266532180
CCN1CCN(CC1)C(=O)C=2C=CC(=CC2)NC(=O)C3=CC=4CCC(=O)NC4C=C3F,Z1450258549
O=C(NCC1=NC(=NN1)C2=CC=CS2)NC=3C=CC=C(C3)NC(=O)C=4C=CC=CC4,Z1172165562
CN(C)C(=O)C=1C=C(C=CN1)N2CCC(CNC=3C=CC=CN3)C2,Z1173329671
CC(C=1C=CC=C(C1)S(N)(=O)=O)N(C)C(=O)CN2C(=O)CCOC3=CC=CC=C32,Z1174408827
CC1=CC=CN2C=C(CC(=O)NC3CCCOC4=CC(F)=CC=C43)N=C12,Z1608889437
CN(C)C(=O)N1CCN(C(=O)C2=CN(C)C(=O)NC2=O)C(C)(C)C1,Z1608825919
COC(=O)C=1NC(C)=CC1NC(=O)C=2C=CC(=CC2)N3CCC(C)=N3,Z1174614637
O=C(NC=1C=CC2=NN=CN2C1)C=3C=CC4=NC=CN4C3,Z1609988018
CCC=1C=CC=CC1N2CC(CC2=O)C(=O)NC3=CC=C(C(N)=O)C(Cl)=C3,Z364408900
NC(=O)C1=CN(CC(=O)N2CCC(C2)C3=CC=CO3)C=4C=CC=CC14,Z1175374544
O=C(C=1NC=2C=CC(Cl)=CC2C1Cl)N3CCC(O)(C3)C=4C=CC(F)=CC4,Z1610717357
CC1=NN=NN1C(CC=2C=CC=CC2)C(=O)NCC3=CC=CC(=O)N3,Z1610476601
CC=1C=CC=CC1C2CCN(C2)C(=O)NCC3CCCS(=O)(=O)C3,Z2105023237
CNC(=O)C1CCCN(CC2=NN=C(O2)C=3C=CC=CC3Cl)C1,Z1176631876
O=C(CC=1C=CC=NC1)NCC2=NC(=NN2)C3=CC=CO3,Z1177992427
CC=1C=CC(=NC1)NC(=O)C2CCN(CC2)C(=O)C3CCN4C=NC=C4C3,Z1492960874
O=C(NC=1C=C(C=CC1O)CC=2C=CC=CC2)C=3C=CC=C(N3)N4C=CN=C4,Z1614061851
CCC=1C=C(C=CC1C)NC=2N=C(C)N=C3C2C=NN3C,Z1615170981
CC(C)NC(=O)NC=1C=CC(=CC1)NC(=O)C=2C=NN(C2C(F)(F)F)C=3C=CC=CC3,Z288936748
NC(=O)C1CC(=NN1C=2C=CC(F)=CC2)C(=O)N3CCC4=CC=C(F)C=C43,Z941445636
CC(C)N(C)C(=O)C1CCN(CC1)C(=O)C=2C=CN=C3C=CN=CC23,Z2110266149
CC=1SC=2N=C(N=C(C2C1C)N3CCC(C3)S(N)(=O)=O)C4=CC=CN=C4,Z1183914701
CC(O)CN(C=1C=CC=CC1)S(=O)(=O)N2CCC=3C=CC=CC3C2,Z1185228806
O=C(NCC1CCN(CC2=CC=CS2)CC1)C=3C=CN=C(C3)N4C=NC=N4,Z952598152
CC(=O)NC1=CC=C(S1)C(=O)N2CCN(CC2)C(=O)C=3C=CC(F)=CC3,Z318138376
CC1=NC(=NO1)C(C)(NC(=O)C2C(C)(C)C2(C)C)C3CC3,Z2231254042
CC=1C=CC=2OCC(NC(=O)N3CCC4=C(C3)N=CN4C=5C=CC=CC5)C2C1,Z1623124581
O=C(C1=CC=2C=CC=CC2N1)N3CCC(CC3)N4CCS(=O)(=O)CC4,Z1624219918
CC1=NN(C)C=C1C(=O)NC=2C=CC(=CC2)CC=3C=CN=CC3,Z1192436926
O=C(NCCN1C(=O)CNC1=O)C=2CCC(=O)N(N2)C=3C=CC=CC3,Z1192992084
O=C(NCCC1=CNC=2C=C(F)C=CC12)C3COC4=CC=CC=C43,Z1192835009
CCOC=1C=C(C=CC1C)C(=O)NCC2CN(C)CCO2,Z1192833521
O=C(CC(=O)N1CCC(CC1)C2=NC=CS2)NCC(F)(F)F,Z1626685624
COC=1C=CC=C(C1)C(=O)NCC(=O)NC2CCCC=3N=C(C)SC32,Z1628013471
O=C1C2=C(N=CN1CC3=NOC(=N3)C=4C=CSC4)SC=5CCCCCC25,Z359523182
CCN1CCN(CC1)C=2C=CC(=CC2)NC(=O)COC=3C=CC(=CC3)S(N)(=O)=O,Z981817840
O=C(NCC=1C=NC=2C=CC=CC2C1)C3CC4CCC3O4,Z1198814106
CC(=O)NC(C)(C)C1=NOC(=N1)C=2C=CC3=C(C2)NC(=O)N3C4CCCC4,Z1197846031
CC1C(=O)NCCN1C(=O)C2=CSC(=N2)C3=CC=C(F)C(F)=C3,Z1629789247
CN(C)C1(CNC(=O)NCC2=CC=NC(=C2)N3C=CN=C3)CCOCC1,Z1200492116
O=C(NC1(CCC1)C2=NN=CN2)C=3C=NN(C3)C=4C=CC=CC4F,Z1972779846
CN1C=CC(=N1)NC(=O)N2CCCC2CC=3C=CC=CC3,Z991974666
O=C(NC=1C=CC(=CC1)NC=2N=CC=CN2)C=3C=NN4C=CN=CC34,Z1953394340
CN1C=NN=C1C2CCN(CC2)C(=O)CN3C(=O)NC(C)(C3=O)C=4C=CC=5C=CC=CC5C4,Z383439214
CC(=O)NC=1C=CC=C2C1CCCN2C(=O)C=3C=NC=C(C3)C4=CC=CC=N4,Z1635122768
COC=1C=CC=C(C1)C2CCN(CC2)C(=O)CC=3C=C(C)ON3,Z1204134580
CCN1C=C(C=N1)CNC(=O)N2CCC(CC2)N3CCCCC3,Z2127774756
O=C(CN1CC=2C=CC=CC2C1=O)N3CCN4C=CN=C4C3,Z1204558643
CC1=NC(CN(C)S(=O)(=O)C=2C=CC(=CC2)C(C)(C)C)=NO1,Z1636687312
O=C(CN1CCN(CC(O)C2CC2)CC1)N3CCC=4C=CC=CC43,Z1208103774
CC(C)CN1C=C(C=N1)C(=O)N2CCCC2C=3C=CC=4OCOC4C3,Z1638838359
CC=1N=CSC1C(=O)NCC2CCN(CC(O)C=3C=CC=CC3)CC2,Z1210329241
O=C(CC1OCCC=2C=CC=CC21)N3CCNC(=O)C3C=4C=CC=CC4,Z1210118293
CC1=C(C=CC2=CN=CN12)C(=O)NC3=NC4=C(CC5=CC=CC=C45)S3,Z1641430936
CC1=NN=NN1C2=CC=CC(=C2)NC(=O)N3CCCC(CO)C3,Z414008406
CN(C(=O)CC=1C=CN(C)N1)C2CCCN(C2)C=3C=CC=CC3,Z1642729724
O=C(CN1CCN(CC1)C=2C=CC=C(F)C2F)NCC(=O)N3CCCC3,Z1212831592
O=C(C1CCC2=NN=CN2C1)N3CCO[C@H](C3)C=4C=CC(Cl)=CC4,Z2232530684
COC=1C=CC(=CC1OC)C(=O)NCC(=O)NC=2C=CC=CC2C3=NC(C)=CN3,Z1644585756
CN1N=NC=C1CNC(=O)C=2C=C(ON2)C=3C=CC(Cl)=CC3,Z2141746615
O=C(C=1C=CC=C(C1)C2=NC=NN2)N3CCOC(C3)C=4C=CC(=CC4)C(F)(F)F,Z1645167919
CC1COC=2C=CC=CC2CN1C(=O)C=3C=CN=C(C3)N4C=CN=C4,Z1645173239
CC(CS(=O)(=O)N1CCC=2C=NC=CC21)C=3C=CC=CC3,Z1454695065
N#CC=1C=CC=NC1OC=2C=CC(=CC2)N3N=CC4=CC=CC=C43,Z1646463697
CN1C(=O)C=2C=CC(=CC2C1=O)NC(=O)C3=CC=4C=C(C=CC4O3)[N+]([O-])=O,Z442328966
COC=1C=CC=2OCCN(C(=O)C=3C=CN=C(C3)C4CC4)C2C1,Z1647751875
O=C(CC1CCCC(=O)N1)N2CCN(CC2)C(=O)C=3C=CC(Cl)=CC3F,Z2145988044
CC1OCCC1(C)NC(=O)C2=CC=C(O2)C=3C=CC=CC3F,Z1652527097
CC=1C=CC(=CC1)C=2N=NN(CC(=O)NC34CCC(CC3)C4)N2,Z1652903935
CN1C(=NC2=C1C(=O)NC(=O)N2C)N3CCCC(CN4C=NC=N4)C3,Z1225463900
O=C(NC1=NN=C2C=CC=CN12)N3CCCC3CCC=4C=CC=CC4,Z1226937041
O=C(C=1C=CC=C(C1)NC=2C=CC=CC2)N3CCN(CC3)C4=NS(=O)(=O)C=5C=CC=CC45,Z1228133905
COC=1C=CC(=CC1)N2C=C(O)C(=N2)C(=O)NC3(C)CCOC3C,Z1657510657
CC=1C=C(C=CC1F)CNC(=O)NC=2N=CN(N2)C(C)(C)C,Z1657353946
CCC=1C=NC=C(C1)C2=NC(=NO2)C=3C=CN=C(C3)N4CCCC4,Z2156347827
CC=1C=CC(=CC1)CC(=O)N2CCN(CCS(N)(=O)=O)CC2,Z1230551590
O=C(NCC1CCCCS1(=O)=O)N2CCCCC2CCO,Z1658440211
O=C(C1=CNC(=N1)C=2C=CC=CC2)N3CCN(CC4CCCO4)CC3,Z1231619987
CC=1C=CC(=NN1)N2CCCC(C2)NC(=O)C=3NC4=CC=CC=C4C3Cl,Z1232268580
CCC1=NN=NN1C=2C=CC=CC2NC(=O)C=3C=CC=4C(C)=NN(C=5C=CC=CC5)C4N3,Z1232342590
CC(=O)NC=1C=C(C=CC1C)S(=O)(=O)NC2CCC(CC2)C(N)=O,Z1232873486
O=C(NC1CCC(CC1)C2=NC(=NO2)C=3C=CON3)C4CC4,Z2158950360
O=C(CN1C=NNC1=O)NC2CCN(C2)C(=O)CCC=3C=CC=CC3,Z1663837322
CN1CCN(CC1)C=2C=C(C=CN2)C(=O)N3CCC(CC=4C=CC(F)=CC4)C3,Z1233876651
O=C(NCC1CCN(CC2=CC=CS2)CC1)C=3C=CC=C(N3)N4C=CC=N4,Z1233653490
CC(CNC=1N=CC=C(N1)C(F)(F)F)CN2CCOCC2,Z1239023930
NC1=NN=C(N1)C2CCN(CC2)C(=O)COC3=CC=C(Cl)C=C3Cl,Z2233383908
O=C(CN1C=C(C=N1)C(=O)N2CCC=3C=CN=CC32)NC4CCCCC4,Z1669982333
O=C(NCC=1C=CC=C(N1)N2CCOCC2)C=3C=NC=4NC(=O)NC4C3,Z2165302677
CC=1C=CC=CC1N2N=CC(C(=O)N3CCN(CC3)C(=O)C=4C=CC=CC4)=C2N,Z1671466647
CC1=CC(=NN1C=2C=CC=CC2)NC(=O)N3CCCCC3C=4C=NNC4,Z1671948273
CCC=1OC=NC1C(=O)N2CCN(CC2)C(=O)C=3C=CC=4OCOC4C3,Z1245901612
CC1=NN(C)C(C)=C1C(NS(=O)(=O)C=2C=CC=C(C)C2)C(F)(F)F,Z1349103477
O=C(CN1N=NN(C1=O)C2CC2)N3C=4C=CC=CC4CCC=5C=CC=CC53,Z2169140476
N#CC1CC2(C1)CC(C2)C(=O)N3CCC=4SC=CC4C3C=5C=CC=CC5,Z1675250615
CC=1C=NC=CC1OC2CCN(CC3=CN(N=N3)C=4C=CC=CC4)CC2,Z1898393111
COC=1C=CC=C(C1)C(=O)NCCNC(=O)C2=CN(CC3(C)COC3)N=N2,Z1675276992
O=C(NC=1C=CC=2CCCC2C1)C3=CC(=O)N4N=CN=C4N3,Z1675110517
ClC=1C=CC=CC1N2CCC(C2)C3=NC(=NO3)C=4C=CC=C5NC=CC45,Z2171944137
CNC(=O)C=1C=CN=C(C1)NC(=O)NC=2C=CC(=CC2)C3=CC=CC=N3,Z2172309521
COC=1N=C(C)C=C(N1)N2C3CCC2CC(C3)N(C)C(=O)C=4C=CC=CC4,Z1679882583
CN1CCN(CC1)C(=O)CC2=CC=CC(=C2)NC(=O)C3=CON=C3C4CC4,Z2173534017
O=C(NC1=NC=2C(Cl)=CC=CC2N1)C3CCN(C3)C4=CC=CC=C4F,Z2173797976
CC(O)CC1CCCN1C(=O)C2CCN(C2)C=3C=CC=CC3F,Z2174570545
CC(C)CN1N=C(CCC1=O)C(=O)N[C@H](C)C=2C=CC(=CC2)C(F)(F)F,Z1822776182
CC1=C(N=NN1C=2C=CC=C3C=CC=NC23)C4=NC(=NO4)C=5C=CC=C(C5)CN6C=CN=C6,Z1683633876
CC1=C(N=NN1C)C(=O)NC=2C=CC(=CC2)OCC=3C=CN=CC3,Z1259883726
O=C(NCCC1=NC(COC=2C=CC=3C=CC=CC3C2)=NO1)C4CCCCC4,Z1683995470
COC=1N=CC=CC1C2=NOC(=N2)C=3C=C(ON3)C=4C=CC=CC4,Z1683874031
CC1=NOC=2N=CC(=CC12)C(=O)NC3CCC(CC3)S(C)(=O)=O,Z1260191109
O=S(=O)(C=1C=CC(=CC1)CC2=NC(=NO2)C3=CC=C4N=CC=NC4=C3)N5CCCCC5,Z1685192410
CC=1C=NC(=NC1)C2=NOC(=N2)C3CC3C=4C=CC=5OCCOC5C4,Z1685387489
CCC=1C=NC=CC1C2=NOC(CC(C)C=3C=CC=CC3C)=N2,Z1685401825
COC(=O)C=1C=C(N(C)C1)S(=O)(=O)N(CCC2CC2)CC3CC3,Z2919031242
CC1=NC=C2CC(CCN12)C(=O)NC=3C=NN(C3)C4CCCC4,Z2932727671
NS(=O)(=O)C=1C=CC=C(C1)CC2=NOC(=N2)C=3C=C(ON3)C4CC4,Z2936883568
CC=1C=CC(=CC1Cl)NC(=O)C2=CN(N=N2)C(F)(F)CO,Z2936907518
O=C(C1=NNC=2NCCCC12)N3CCN(CC3)C=4C=CC(F)=CN4,Z2936907658
O=C(NC1=NN=CS1)N2CCC(CC2)C3=NC=4CCCC4S3,Z2945473063
O=C(NC1=NC=2CCCCC2S1)N3CCN4N=C(C=C4C3)C5CC5,Z2945745759
CC1(CCNC1=O)NC(=O)NC=2C=CC=NC2OCC=3C=CC=CC3,Z2947300009
CC1CN(CCNC(=O)NC2=CC=NC(=C2)C(=O)N(C)C)CCO1,Z2948884333
CN(C)CCN1C=CC(=N1)NC(=O)N2C[C@H]3CCC[C@H]3C2,Z2949069839
CCCN1C=C(C=N1)NC(=O)NC[C@@]2(C[C@H](O)C2)C=3C=CC=CC3,Z2949135546
CC=1C=CC=C(NC(=O)N2CCN(CC2)S(N)(=O)=O)C1F,Z2950223386
CC=1N=NC=CC1NC(=O)NCC2=CC(=NN2C)C(F)(F)F,Z2950527436
CC=1N=NC=CC1NC(=O)NCCC2OCCC=3C=CC=CC32,Z2950527912
CC1=CN2CC(CCC2=N1)NC(=O)NC=3C=CC=C(C3)C4=NC=C5CCCCN45,Z2951170081
CN1N=C(C=C1NC(=O)NC(C=2C=CC=CN2)C3CC3)C4=CC=CO4,Z2951193133
COC=1C=NC=C(C1)N2CCN(CC2)C(C)C=3N=CC=C(N)N3,Z2951406522
CN1N=NC=C1NC(=O)NCCC=2C=CC=C3OCCOC23,Z2951527321
CC=1OC(=CC1C(=O)N2CCC3=C(C2)N=CN3C)C(C)(C)C,Z2951725917
ClC=1C=CC=C(C1)C2=NC(=CO2)CN3CCC(CC3)C4=NC=CO4,Z2951840053
CC1=NNC(=N1)N2CCN(CC2)C(C)C(=O)N3CCCCC3,Z2952182546
CN1C=CC(=CC1=O)NC(=O)N(CC=2C=CC=C(F)C2)C3CCC3,Z2952204818
COC1=CC=C(CC(=O)N2CC(CC=3C=CC=CC32)C(N)=O)C(C)=C1,Z2952350980
CC(=O)N(C)C=1C=CC(=CN1)NC(=O)NC=2C=NN(C2)C3CCCC3,Z2952396781
O=C(NCC1=NC=CN1CC(F)(F)F)C=2C=CC=C3CCOC23,Z2952456000
CC1=NOC=C1NC(=O)N2CCC(CC2)C3=NC(=CS3)C(C)(C)C,Z2952484588
O=C(NCC1CCCN1CC(F)F)NC2=CN=C3C=CC=CN23,Z2952729951
"CN(C)C=1C=C(C=CN1)NC(=O)N[C@H]2CCC[C@H]2OC=3C=NN(C)C3 |&1:13,17,r|",Z2953108529
CCC1=NN=C(CN2CCCC(C2)C3=NC=4CCCC4S3)O1,Z2953150608
CC(C)(C)C=1C=C2CN(CC=3N=CN(N3)C=4C=CC=CC4)CCN2N1,Z2953946409
CN1N=C(C=C1C(=O)NC2CS(=O)(=O)C=3C=CC=CC32)C4CC4,Z2954775099
CN1CCN(C(=O)C=2C=CC(=NC2)S(C)(=O)=O)C=3C=C(F)C=CC31,Z2955802256
"CCC=1C=CC(=CC1)C2=NOC(CN[C@@H]3COCC[C@H]3OC)=N2 |&1:14,19,r|",Z2956414925
CN1C=C(C=N1)C(NC(=O)C2=CC=CC=3CCOC23)C(C)(C)C,Z2956521494
O=C(NC=1C=NN(C1)C2CCC2)N3CCC(CC3)C=4C=CC=C(F)C4,Z2956776388
NC(=O)C1=CC(=CN1)NC(=O)C2=CSC(=C2)C3CCCCC3,Z2957116308
CC1=NN(C)C=C1C2CCCN2C(=O)C=3C=NN(C3)C4CCC4,Z2957266413
C[C@]1(O)C[C@H](C1)NC(=O)NC=2C=CC(=O)N(C2)CC=3C=CC=C(F)C3,Z2957702429
CC=1C=CC(C(=O)N2CCOC3(CCOCC3)C2)=C4N=CC=CC14,Z2957739046
O=C(N[C@@H]1C=2C=CC=CC2C[C@@H]1O)C3=CNC(=O)C(=C3)C(F)(F)F,Z2957804814
O=C(NCC1=NC(=O)ON1)C=2C=CC(=CC2)N3CCCCCC3,Z2957967500
CN1N=C(C=C1C(F)F)C(=O)N2CCC=3C=CC=CC3C2CO,Z2958063419
CCC1(CCOCC1)NC(=O)CC2CC(=O)NC3=CC=CC=C32,Z2958110952
COC=1C=CC=2NN=C(NC(=O)C3(CCCO3)C=4C=CC=CC4)C2C1,Z2958130054
CCS(=O)(=O)C1=CNC(=O)C(=C1)C(=O)NC2CC3=CC=CC=C3C2,Z2958463072
CC1C2=NN=CN2CCN1C(=O)C=3C=CC(=C(F)C3)C(F)F,Z2958944026
CC=1C=C(C=CC1CNC(=O)C(C)C=2C=CC=CC2C)S(N)(=O)=O,Z2959109424
CC(C)(C)CC1=NC=C(S1)C(=O)NC=2C=C3CCCCN3N2,Z2959752085
O=C(C=1C=C(O)C=CN1)N2CCC(C2)C=3C=CC=C(Cl)C3,Z2960017612
CC(C)N1C=CC(CC(=O)N2CCCCC2CS(C)(=O)=O)=N1,Z2960175552
CC1=NNC(C)=C1CCNC(=O)C2(C)CCOC3=CC=CC=C32,Z2960218377
O=C(NC1=NNC=C1C2CC2)[C@@H]3CC[C@H](CC3)NC=4N=CC=CN4,Z2960573167
COC1(CCCCCC1)C(=O)N2CC(=O)NC=3C=CC=CC3C2,Z2960703116
CC(C)(CNC(=O)C=1C=CC=2OCCNC(=O)C2C1)N3C=CC=N3,Z2960900608
C=C[C@H](CO)NC(=O)C1=CC2=CC(=CC=C2N1)C(C)(C)C,Z2960939480
CC(C)C1=CC=C(C(=O)N2CCOC=3C=CC=CC3C2C)C(=O)N1,Z2960988614
CCC1=NOC(COCC(=O)N2CC(C)C(F)(F)C(C)C2)=N1,Z2961053612
"O=C(N[C@@H]1CCO[C@H]1C=2C=CN=CC2)C=3C=CC(=C(F)C3)C(F)F |&1:3,7,r|",Z2961130332
O=C(C=1N=CC=C2C=CC=NC12)N3CCC[C@@H]3CN4C=CN=C4,Z2961183921
CCN1N=CC(NC(=O)CN2N=C(C)C=3C=CC=NC32)=C1C,Z2961459325
O=C(C=1C=NN2C=CN=CC12)N3CCC=4N=CNC4C53CCC5,Z2961494825
CC1CN(CCN1C=2C=CN=CC2)C(=O)C=3C=C(N=CN3)C(F)F,Z2961525935
CC=1C=CC(=CC1Cl)CC(=O)NC2C(=O)NCC32CCOCC3,Z2961628505
CN1N=C(C=C1CNC(=O)CCC=2C=CC=CC2O)C(F)(F)F,Z2961889590
CCOC=1C=CC=C(C1)CCC(=O)N2CCCNC(=O)[C@@H]2CC,Z2963346342
O=C(C=1C=NN2CCCCC12)N3CC(C3)C4=NC(=NO4)C=5C=CC=CC5,Z2963369281
CC=1C=CC(=CN1)C(=O)NC2(COC2)C=3C=CC=CC3F,Z2963432708
CCC1(CC)CNC(=O)C1NC(=O)C2=CC(=NN2C)C=3C=CN=CC3,Z2963512632
COCC1COCCN1C(=O)CN2N=CC=3C=CC=NC32,Z2963613700
CC1=CNC=C1C(=O)NC2(CCOCC2)C=3N=CC=CN3,Z2963678320
CC=1C=CC(=CC1)C=2C=CC=C(N2)NC(=O)CN(C)C(=O)C3CC3,Z2963718981
CN1N=CC=C1C2CN(CCO2)C(=O)C3(C)CC(F)(F)C3,Z2964125779
O=C(C1=CC=2C=CN=CC2S1)N3CCC(CN4CCNC4=O)CC3,Z2964155425
O=C(NC1CCCN(C1)C(=O)C2=COC=N2)C=3C=CC(Cl)=CC3,Z2964199741
CCC(CC)N1N=C(C)C=C1C(=O)N2C[C@H]3CS(=O)(=O)C[C@H]3C2,Z2964298371
"CN1C[C@@H]2CN(C[C@]2(C)C1)C(=O)C3=CN4C=CC=NC4=N3 |&1:3,7,r|",Z2964313783
CC=1N=C(SC1C(=O)N2CCC(C2)C(F)(F)F)C=3C=NN(C)C3,Z2964381910
"CN1C=NC=C1[C@@H]2C[C@H]2C(=O)NC3=CNC=4C=CC=CC34 |&1:6,8,r|",Z2964450490
"O=C(NCC=1C=NN(C1)CCF)[C@H]2OCC[C@H]2CN3C=CC=N3 |&1:12,16,r|",Z2964616784
CC1(C)CC(CCS1(=O)=O)NC(=O)C2=CNC(=N2)C=3C=CC=CC3,Z2964639360
CC1(C)CC(CCS1(=O)=O)NC(=O)C=2C=CC=NC2N3C=CC=N3,Z2964644595
"CC1=CC(C)=NN1CCCC(=O)N2CCO[C@H]3COCC[C@H]32 |&1:16,21,r|",Z2964873485
"O=C(CN1N=C(C=C1C2CC2)C(F)F)N[C@H]3CCC[C@H]3N4C=CN=C4 |&1:15,19,r|",Z2965015908
"CO[C@@H]1CCOC[C@H]1NC(=O)C=2C=C(CN3C=CC=N3)ON2 |&1:2,7,r|",Z2965102696
O=C(CC1=CC=C2N=CSC2=C1)N3CCC(CC3)NC4CCC4,Z2965484865
"COC1=NN(C)C=C1CNC(=O)[C@@H]2CCO[C@H]2C3=CC=NN3C(C)C |&1:12,16,r|",Z2965620479
CC(C)CN1C=C(C=N1)C(=O)NCC2CCCC(C)(C)O2,Z2965673596
CC1(C)CCCC(CNC(=O)C=2C=CC=CC2N3C=CC=N3)O1,Z2965676122
CC(=O)N1CC(C1)OCC(=O)N2CCN(C=3C=CC=CC3)C(C)C2,Z2965708436
"O=C(N1C[C@H]2CCS(=O)(=O)[C@H]2C1)C3(CC3)C=4C=CC=C(F)C4 |&1:4,10,r|",Z2965769102
"CC1=CN2C=CC(=CC2=N1)C(=O)N3C[C@@H](O)[C@H](CC=4C=CC=CC4)C3 |&1:14,16,r|",Z2965924809
"CC1(C)CN(C(=O)CCC=2C=CC(=CC2)S(C)(=O)=O)[C@H]3CCC[C@H]31 |&1:19,23,r|",Z2966539745
COC=1C=CC=CC1C2=CC=C(S2)C(=O)N3CCCNC(=O)[C@@H]3C,Z2966758559
CCC1=CNC=2N=CN=C(NCC=3C=CC(CO)=C(F)C3)C12,Z2968452286
COC1(CN(C1)C(=O)NCC2=NN=C3CCCCN23)C(F)(F)F,Z2968739355
O=C(C=1C=CC=C(C1)NCC=2C=C(O)C=C(Cl)C2)N3CCOCC3,Z2969212784
CCN1CCN(C1=O)C2CCN(CC2)C=3C=CN=C(COC)N3,Z2969325651
COC=1C=CC=C2CC(COC12)NC(=O)NCC=3C=NN(C3)CCF,Z2970105269
O=C(NCC=1C=CC(=CC1)CCO)NC2CCOC3(CCOCC3)C2,Z2972055951
"CC=1C=CC=C2SC(=NC12)NC[C@@H]3CC(=O)N(C)[C@H]3C=4C=CN=CC4 |&1:12,18,r|",Z2973379749
CCCC1CN(CCN1)C=2N=C(N=C3CCCC23)C4=CC=CN=C4,Z2974109783
CCC1=NC(=CO1)CNC(=O)N2CCCC(CC3=NC(C)=NO3)C2,Z2974307741
COCC=1C=C(N=C(N1)C(C)(C)C)N2CC(C2)C3=NNC(C)=N3,Z2974470388
"COC=1C=CC=C(C1)[C@@H]2C[C@H]2CNC(=O)N3CC(C3)N4CCCC4=O |&1:8,10,r|",Z2974536584
CC=1C=NC(=CC1)CNC(=O)NCC=2C=C(N(C)N2)C(F)(F)F,Z2974724873
CC=1C=CC=2OC(=NC2C1)NCC3(CCOC3)OC(C)C,Z2975124649
CC=1C(Br)=CC=CC1CCNC=2N=CN=C3C2N=NN3C,Z2975340580
NC(=O)C=1C=C(N=CN1)N2CC(CC=3C=CC(Br)=CC3)C2,Z2975928752
CC=1C=NC(=C(C)C1)S(=O)(=O)CC2=CC(=NN2C)C(F)(F)F,Z2982496858
COC=1C=CC=CC1C2=CN(CC3=COC(=N3)C4CC4)N=N2,Z2984420864
CN1N=C(C=C1CN2C=C(CNS(C)(=O)=O)N=N2)C(F)(F)F,Z2984498522
CC1CN(CC(C)(C)O1)C(=O)CN2C=C(CC3(O)CCC3)N=N2,Z2984505180
COC1(CO)CCN(CC1)C2=NN=NN2CC3=CC=C(F)C(F)=C3,Z2989522310
CCSC=1C=CC=C(C1)CN2N=NN=C2N(C)CC3COCCO3,Z2989788125
CC=1C=C(F)C=C2C(=O)N(CC=3C=NN(C3)CCF)S(=O)(=O)C12,Z2991641143
"O=C1CCCN1[C@H]2CCCC[C@H]2C3=NC(=NO3)C=4C=NN(C4)CCF |&1:6,11,r|",Z2992417675
COC=1C=CC(F)=CC1CNC=2NN=CC2C(=O)N(C)C,Z2993321919
CC1(CCNC(=O)C1)C(=O)NC2=CC=C(OC(F)F)C3=NC=CC=C23,Z2993900692
COC=1C=CC(=NC1)NS(=O)(=O)C=2C=NN3CC(C)(C)COC23,Z2996106362
CCS(=O)(=O)C=1C=CC=CC1CC(=O)N(C)C=2C=CC(C)=NN2,Z2996183234
CC=1C=C(C=NC1C)NS(=O)(=O)CCC=2C=CC=C(F)C2,Z2996206004
CC1=NN(C(C)=C1S(=O)(=O)NC2=NOC=3CCCCC23)C(C)C,Z2996262538
O=S(=O)(NC1=CC=NN1C2CCC2)C3=CC=C4CCCCC4=C3,Z2996292381
O=C1CC2(CNC2)N(CC3=CN(N=N3)C=4C=CC(Cl)=CC4)CCN1,Z2996439905
"O=C(O)[C@]12C[C@H]1CCCN2CC3=CN(N=N3)C=4C=CC=CC4 |&1:3,5,r|",Z2996694841
CNC=1N=CC=NC1C2=NOC(=N2)C=3C=C(C(F)F)N(C)N3,Z2997242970
"O=C(NC=1C=NN(C1)C=2N=CC=CN2)N[C@@]34CCC[C@H]4CNC3 |&1:15,19,r|",Z2997686165
O=C(NC1=CC=NN1C2CCC2)N3CCC(C3)N4CCNCC4,Z2997892251
CN1C=CN=C1C2=NOC(=N2)C3NCCOC=4C=CC=CC43,Z2997932881
"CC=1C=CC=2OC(=CC2C1)C3=NOC(=N3)[C@@]45CNC[C@H]5CCOC4 |&1:15,19,r|",Z2998021664
CN1C=CC=2C=CC=C(NC(=O)C3(C)CCNC(=O)C3)C21,Z2998198893
CCN1C=C(NC(=O)CC=2C=CC(C)=C(Cl)C2)C(=N1)C(N)=O,Z2998289384
CC1=NN(C)C=2C=C(C=CC12)NCC(O)CC3(O)CCCCC3,Z2998788409
"CO[C@H]1COC[C@H]1NC(=O)C=2C(=CC=CC2Cl)OCC3CC3 |&1:2,6,r|",Z2999484089
CC1=CC(C)=NC(C)=C1C(=O)NC=2N=C(O)C=3CCCCC3N2,Z2999516174
O=C(C=1C=CC=C2NC=CC12)N(CC3CCCO3)C4=CC=NN=C4,Z2999971736
"CN1C(=O)CO[C@H](C(=O)N2CCCC32CCC3)[C@H]1C4=CC=CN=C4 |&1:6,17,r|",Z3000683562
O=C(C=1OC=NC1C2CC2)N3CC(=O)NC4=CC(F)=C(F)C=C43,Z3000833002
COCCN1N=NN=C1NC(=O)C2CCC=3C=CC=CC3C2,Z3001145690
CN1C=NC=2C=CC(=CC21)NC(=O)C3=NOC=4CCCCC34,Z3016310072
CCOC(=O)C=1C=NN2C=CC(=CC12)NC(=O)CC=3C=CN(CC)N3,Z3016310957
CN1N=C2CCCCC2=C1S(=O)(=O)NC3(CCC3)C=4N=CON4,Z3016328582
CC1(CCC(CC1)NCC2OCCC=3C=CC=CC32)N4CCOCC4,Z3016332247
COC=1N=CC=C2C(=CC=CC12)NC(=O)N3CCC(O)(CC#N)C3,Z3016333466
"CCC(N[C@H]1C=2C=CC=CC2OC[C@H]1CO)C=3C=CC(F)=CC3F |&1:4,13,r|",Z3016335934
CC(=O)N1CCC(CC1)C2=NC(=NO2)C3(CCCCC3)C(F)(F)F,Z3016339108
CC=1C=CC=NC1NCC=2N=C(N3CCCCC23)C(F)(F)F,Z3016339298
CCOC=1C=CC(=CC1OCC)NCC2(O)CC(C#N)C2,Z3018601847
CC1=CC(CNC(=O)N[C@@H]2CCC=3C=C(F)C=CC32)=NO1,Z3019528060
CN1CCN(CC1)C=2C=CC(=CC2)CNC=3N=CC=C(N3)N4C=CN=C4,Z3019613269
CC(C)(C)OC(=O)N1C[C@H](O)C[C@H]1C2=NNC(=N2)C=3C=CC=CC3,Z3027211106
C[C@@H]1CC(CS(=O)(=O)N(CC2=CC=CN=C2)C3CC3)C[C@H](C)O1,Z3027211422
CON(C)C1CCN(CC1)C=2C=CN=C(CSC=3C=CC=CC3)N2,Z3027211803
CC1=NC(=C(O1)C=2C=CC=CC2)S(=O)(=O)NC=3C=NN(C3)C(C)C,Z3027218989
CC1(C)CN(C(=O)C=2C=CSC2)C=3C=NC=CC3NC1=O,Z3040278461
"CC1=C(C=NN1C)[C@H]2[C@H](CNC(=O)C=3C=CC(=NC3O)C4CC4)CC(=O)N2C |&1:7,8,r|",Z3042242001
CCCC1=NC(C)=C(S1)C(=O)N2CCN(C)C3(CCOCC3)CC2,Z3043664213
"OC(CN[C@@H]1CCCC[C@H]1O)CC=2C=CC=3C=CC=CC3C2 |&1:4,9,r|",Z3045005260
"O=C(NC=1C=CC(=NC1)OC=2C=CC=NC2)[C@H]3[C@@H]4CCCO[C@H]34 |&1:16,17,22,r|",Z3050043846
CC(C)(CC=1C=CC(O)=CC1)C(=O)N2CCC(O)(CC2)C(F)F,Z3051106438
CC1=C(N=NN1C)NC(=O)CN2N=C(C=3CCCC32)C(F)(F)F,Z3052645128
CC(=O)N(C)C=1C=CC(=CN1)NC(=O)C(C)C=2C=NN(C)C2,Z3052666389
O=C(C=1C=CN=C(N1)C=2C=CC=CC2)N3CCC(CN4C=NN=C4)CC3,Z3053039442
O=C(NC[C@H]1CCCC(=O)N1)C=2C=CC=C(N2)C=3C=CC=CC3,Z3054069807
O=C(NC1CC=2NN=CC2C(C1)C(F)(F)F)C=3C=CC=NN3,Z3055495162
COCC(=O)N1CCN(CCC21CCOCC2)C(=O)NC3CCOC3,Z3062541509
COCC(=O)N[C@@H]1CN(C[C@H]1C2=NC=CN2C)C(=O)CC=3C=CSC3,Z3062834449
CCN1C=CN=C1[C@@H]2[C@H](CC(=O)N2CC)C(=O)NCCC3=CC=NS3,Z3063106618
CC=1C(=CN=C2C=CC=CC12)C(=O)N3CCN(CC4=CC=NN4C)CC3,Z3063544706
CCOC1=CC=C2OCCC(NC(=O)C3(CO)CCCO3)C2=C1,Z3063545428
CC(C)(C)OC(=O)N1CC(O)(C1)C2(CCC2)C(=O)N3CC[C@H](F)C3,Z3063545603
CC=1NC=2C=CC=CC2C1SCCNC3CCCOCC3,Z3063545957
CC=1NC=2C=CC=CC2C1SCCNC(=O)NC3=CC=NN3C,Z3063546663
CC=1C=NC2=C(C1)N(CCN2C)C(=O)CCC=3C=CC(C#N)=CC3,Z3063571184
CN1N=CC=C1CN2CCN(CC(=O)NCC3CC3)CC2,Z3063574697
O=S1(=O)CCC(C1)C2=CSC(CC=3C=CC=C4C=CC=CC34)=N2,Z3064906394
O=C(CC1=CNC=2C=C(Cl)C=CC12)NC3CCC=4N=CC=CC4C3,Z3071536320
CC=1C=CC(=CC1)C(CNC(=O)C=2C=CC3=NC=NN3C2)N(C)C,Z3071552590
CNC(=O)C1=CC=CC(NC(=O)C2=CC=3CCN(C)CC3S2)=C1C,Z3071552914
CCC=1C=CC=C(C1)S(=O)(=O)NCCCC=2C=CC=NC2,Z3071559001
COCCN1N=C(C)C(NC=2N=CN=C3C2N=NN3C4CC4)=C1C,Z3071585114
CC=1C=CC=CC1OCC(O)CN2CC34CN(C)CC4(C2)CCCC3,Z3071615897
CC(C(=O)NC1CCCCC1)S(=O)(=O)CC=2C=CC(C#N)=CC2,Z3071639395
CCCCNC=1C=CC=C(N1)S(=O)(=O)NCC(C)(O)CN(C)C,Z3074709948
CCN(CC(=O)NC)S(=O)(=O)C=1C=NC(NCC(C)C)=C(C1)C(F)(F)F,Z3074710191
CC1=CC(CC(C)NC=2N=CC(F)=C(N2)C=3C=CSC3)=NN1,Z3076437272
CN1C(=O)C=C(N[C@@H]2C[C@H](C2)C=3C=C(F)C=C(F)C3)NC1=O,Z3076971426
COC1(CN(C1)C=2N=CN=C3SC=C(C)C23)C4=CC=NN4C,Z3077777031
COC(=O)C=1C=NC(=NC1)N2CCC(CC2)NC3CCOCC3,Z3077886677
CN1C=NN=C1CC2CCN(CC2)C=3N=CN=C4SC=NC34,Z3077929347
CN1C=C(NC(=O)CC=2C=CC(=CC2)C3CCC3)C(=N1)C4=CC=CC=N4,Z3082661299
"CO[C@H]1COC[C@H]1NC(=O)C2=CC=CC(=C2)C(=O)N3CCCCC3 |&1:2,6,r|",Z3085825708
CC(C)(CF)NC(=O)C1=CC(=NO1)C=2C(F)=CC=CC2F,Z3086472580
CCCCC(=O)N1CSCC1C(=O)N2CCC[C@]2(C)C(=O)OC,Z3089289084
CC=1C=C(OC1C)C(=O)N2CCOC3(CCS(=O)(=O)CC3)C2,Z3091562785
"COC(=O)[C@@H]1CN(C[C@H]1C2=CN=CN2C)C=3N=CN=C4C=CSC34 |&1:4,8,r|",Z3091624900
CCC(=O)N1CCCN(CC1)S(=O)(=O)CC2CCCC(C)C2,Z3091768215
CN1N=C2CCCCC2=C1S(=O)(=O)NC=3C=CC(F)=C(O)C3F,Z3091837619
O=C(C=1C=NN2C=CN=CC12)N3CCOC(CC3)C=4C=CC=CC4,Z3092527700
"O=C(O)[C@@]12CCC[C@H]2CC(C1)NCC=3N=CN(CC=4C=CC=C(F)C4)N3 |&1:3,7,r|",Z3093905241
O=C(NCC=1C=NC=CN1)NCC2CCN(C2)C=3C=CC(Cl)=CC3,Z3100481701
"C=C[C@@H]1OCC[C@H]1NC(=O)NCCC2=CNC3=CC=C(C)C=C23 |&1:2,6,r|",Z3104806647
CC1=CC(=NN1CCNC(=O)NC2CC32CCOCC3)C(F)(F)F,Z3104818319
O=C(NCCN1CCC2=CC=CC=C21)NC3CC43CCOCC4,Z3104818511
"CCCC=1C=C(NN1)C(=O)NC[C@@]23C[C@]3(CNC2)C(F)(F)F |&1:12,14,r|",Z3140286065
"CC=1N=NC=2C=CC(=CC2C1C)C(=O)N3[C@H]4CC[C@@H]3[C@H](C4)C(=O)O |&1:15,18,19,r|",Z3173944195
CCCCO[C@@H]1CC[C@H](CC1)NC(=O)C=2C=CN3C(C)=CC(C)=NC23,Z3182208471
CC(C)CC(C1=NC(CC2=CN=CN2C)=NO1)N3CCCCC3=O,Z1686455925
O=C(NC=1C=CC=2NN=CC2C1)C3CCN(CC3)C(=O)C=4C=CC=CC4,Z1264198222
COC=1C=CC(=CC1)C2(CC2)NC(=O)C3CC=4C=CC=CC43,Z1264562704
CCC=1C=C(N=C(C)N1)NC(=O)C2CC(=O)N(C2)C3CCCCC3,Z1265298873
CC1=CSC2=NC(C)=NC(NCC=3C=CC(=NC3)N4CCOC(C)C4)=C12,Z1688297125
COC=1C=C(CNC(=O)C=2C=CC=CC2S(C)(=O)=O)C=3C=CC=CC3N1,Z1265531999
FC=1C=CC(=NC1)C2=NOC(=N2)C=3NC=4C=CC(F)=CC4C3Cl,Z1689107055
O=C1C=2C=CC=CC2C(=NN1CC=3C=CC=CC3)C4=NC(CN5C=NC=N5)=NO4,Z1689101090
O=C(NC=1C=CC=2NN=CC2C1)C=3C=C(C=CC3Cl)N4CCNC4=O,Z1265810416
CC=1C=CC=2C(C)=CC(=NC2C1)N3CCN(CC3)C=4C=CN=C(C)N4,Z1689550408
CNC(=O)C=1C=CC=C(C1)C(=O)NCC2(O)CC=3C=CC=CC3C2,Z1266585622
CCC=1N=C2C=CC=CC2=C(C(=O)N3CCN(CC3)C=4C=C(N=CN4)OC)C1C,Z1689983316
CS(=O)(=O)C1CCCN(C1)C(=O)CC=2C=CC(F)=CC2F,Z1690442027
COC=1C=CC=2C=C(NC2C1)C(=O)NC(C)C3(CCCC3)N4CCOCC4,Z1268343494
NC(=O)C1=CC(=NN1)C2CCCN(C2)C(=O)C=3C=CC(C#CC=4C=CC=CC4)=CC3,Z1269648998
CC1=NC(C)=C(O1)C(=O)NC2=C(OC=3C=CC=CC23)C(=O)N4CCOCC4,Z1269563256
COC=1C=CC(Cl)=CC1N2C=C(C=N2)S(=O)(=O)N3CCC(CC3)C=4C=NN(C)C4,Z1271194642
CC=1C=CC=C2CC(COC12)NC(=O)N3CCN([C@@H](C)C3)S(C)(=O)=O,Z2187628858
COCCC1COCCN1C(=O)CCC=2C(=O)NC(C)=NC2C,Z2188092060
COCCN1C=C(C(=O)NC=2C=CC(=CC2)N3C=NC(C)=C3C)C(C)=N1,Z2188069367
CC(C)(C)C=1C=CC(=CC1)C(O)CNC(=O)CCC2=CN=CC3=CC=CC=C23,Z1694063886
CC=1C=CC(=CC1C)S(=O)(=O)CC(=O)N2CCOC(C2)C=3C=CC(F)=CC3,Z1272860500
CC1=CC(=O)C(=CN1)C(=O)NC2C=3C=CC=CC3CCC2C(C)C,Z1694323593
COC=1C=C(C#N)C=CC1S(=O)(=O)NC=2C=CC=C(C2)CC(=O)O,Z1696940703
O=C(CCC=1C=CC=CC1Cl)N2CCCC2CN3CCOCC3,Z1274870764
CC1=NOC(=N1)C2CCN(CC2)C(=O)NCC3CCN(CC(C)C)C3,Z1401392811
COC=1C=CC=CC1N2CCC(NC(=O)CC=3C=C(F)C=CC3F)C2=O,Z1401732504
COC=1C=C(C)C=CC1NC(=O)C=2C=CC=C3C=NC=CC23,Z1302635218
COC=1C=CC=C(CNC(=O)NC2CCN(CCC=3C=CC=CC3)CC2)C1O,Z1304937033
O=C(NCC1=CN2CCCCC2=N1)NC3CC(C3)C=4C=CC=C(Cl)C4,Z1283099989
CNC(=O)C1CCCN(C1)C(=O)NC(CC(C)C)C=2C=CC(Cl)=CC2,Z1307045843
CC1=NOC(=N1)C2CCCN(C2)C(=O)NCC3=NOC(C)=N3,Z1283794379
CN1C=CC(=N1)N2CCCC(NC(=O)NC3=NC=CS3)C2=O,Z1276784422
CC1=NOC(=N1)C2CCN(CC2)C(=O)C=3C=NC=C(C3)C=4C=CC=CC4,Z1407944934
CC=1C=CC=C(C1)C=2C=CC(=CC2)CNC(=O)N3CCN4C(=O)NCC4C3,Z1408228786
CCOC=1C=C(C=CC1OC)NC(=O)C2CCCC=3NN=CC32,Z1409271774
COCC1=NN2CC(CCC2=N1)NC(=O)C=3C=CC=C4CCCC34,Z1409733439
CCC=1C=CC=C(C)C1NS(=O)(=O)C=2C=CC(C)=C(C2)C(=O)OC,Z1309693039
CC(C)N(CC(F)(F)F)C(=O)CN1CC(C)C(=O)NC2=CC=CC=C21,Z1310422560
O=C(NCC1(CC=2C=CC=CC2)CCC1)C=3C=CC=C4C=NNC34,Z1410363242
CC(C)C=1N=C2CCC(CN2N1)NC(=O)C(C)(O)C(C)C=3C=CC=CC3,Z1410320244
CCN1N=NN=C1C=2C=CC=C(C2)NC(=O)N3CCC(CC3)C=4C=NN(C)C4,Z1277954853
CC1=NN(C)C=2N=C(C=C(C(=O)NCC3=NC=NN3C=4C=CC=CC4)C12)C=5C=CC=CC5,Z1902412941
O=C(CN1C=CC=2C=CC=CC2C1=O)N3CCC(CC=4C=CC=CC4)C3,Z1931263632
CC=1C=C(C=CC1Cl)C(=O)N2CCC(CC2)C3=CC=NN3C,Z1414082945
CN1N=C(C=C1C2CC2)C(=O)N[C@@H]3C[C@H]3C=4C=CC=C(F)C4,Z1929206622
CC1=CC(=O)NC=C1C(=O)NC=2C=CC=C(C2)C3=CC=NN3,Z1413873284
OC(CN1CCCC(C1)C2=NN=C3CCCCCN23)CC(F)(F)F,Z1816990529
CC(C)(C#N)CC(=O)N1CCC(CC1)NC(=O)NC2CCCCC2,Z1916174050
O=C(CC=1C=CON1)N2CCN(CC2)C=3N=CN=C4C=CSC34,Z1315441542
O=C(CCN1C=CC=CC1=O)N2CCC(CC2)C=3C=CN=CC3,Z1867162880
O=C(C1SCCC=2SC=CC21)N3CCC(CC3)C=4C=CN=CC4,Z1867162349
O=C(NC1CCC2(CCCCC2)CC1)C3CC=CCC3C(=O)N4CCOCC4,Z1819038721
CC1=C(C=NN1C2CCCC2)NC(=O)CN3C=NC=4SC=CC4C3=O,Z1885247065
CC=1C=NC(C(=O)N2CCCC(C2)C3=NC=CN3C)=C(C)C1,Z1885568385
CC1(C)C(CCN1C(=O)NC=2C=C(ON2)C=3C=CC=CC3)C(F)(F)F,Z1818439231
O=C(CCN1C(=O)CCC1=O)N2CCOCC=3C=CC=CC32,Z1940734993
O=C(NC=1C=CC(=C(F)C1)N2C=CC=N2)C3=CC=NN3C=4C=CC=CC4,Z1939689386
CN1C=CC=C1C2CCCCN2C(=O)CCN3C(=O)COC4=CC=CC=C43,Z1318834409
CNC(=O)C=1C=CC(=CN1)C(=O)N2CCC(C)C2C3=CC=CC(F)=C3,Z1319706199
CCNC(=O)N1CCC(C1)NC(=O)C2CC(=O)N(C2)C3=CC=CC=C3CC,Z1420826840
CC1C(=O)NCCCN1C(=O)C=2C=CC(=CC2)C3(C#N)CC3,Z1823104988
CN1CCC=2C=CC(=CC2C1=O)NC(=O)CC=3C=CC=C(F)C3F,Z1421515668
COC=1N=CC(Cl)=C(N1)N2CCN(CC2)C3=NC(C)=CS3,Z1422113319
O=C(CCC1=NC(=NO1)C2=CC=CO2)N3CCOC(C3)C4=CC=CS4,Z1422206561
O=C(CCN1NC(=O)C=2C=CC=CC2C1=O)NC3C4=CC=CC=C4CC3O,Z1467257007
CNC(=O)C1=CC=2C=C(C=CC2N1)NC(=O)CN3CCC4=CC=CC=C4C3=O,Z1944144435
CN(CC1=CC=NN1C)C(=O)CC2SC=3C=CC=CC3NC2=O,Z1944335797
CC1=NOC(=N1)C2CCN(CC2)C(=O)C3=C(C)C=CN3C,Z1786727867
CC(NC(=O)C1=C2C=CC=CC2=NN1C)C=3C=CC=C(C3)C(F)(F)F,Z1724066304
CC=1C=CC(=CC1)S(=O)(=O)CC(C)NC2CCC32CCCC3,Z1829929778
O=C(NCC1COC=2C=CC=CC2O1)NC3CCOC4(CCOCC4)C3,Z1449691134
O=C(NC1CCC=2C=C(F)C=CC21)N3CCC(F)(F)CC3,Z1948812793
CN1C=NC(=C1)C(=O)NCC2CCN(CC(F)(F)F)CC2,Z1767834749
CC1=NC(=NN1C2=NN=C(N2)C(F)(F)F)C(=O)NC(C)C(C)(C)C=3C=CC=CC3,Z1323983515
O=C(CN1C=C(N=N1)C=2C=CC=CC2)N3CCC(C3)N4CCCC4,Z1426524208
COC=1C=CC=NC1N(C)C(=O)C2=COC(=N2)C3CCOCC3,Z1721357642
CCCC1CN(CCN1C(=O)CN2CCCNC2=O)C(=O)CN3CCCNC3=O,Z1426996896
CC=1C=CC=C2CCCN(C(=O)CCC3=NC(=NO3)C4CCCC4)C12,Z1427226637
COC1(CCCCC1)C(=O)NC2CCN(C2)C=3C=CC=CC3OC(F)F,Z1724477183
NC(=O)NC(=O)CCNC(=O)NC1=NC=2C=CC=CC2S1,Z1429453925
COC=1C=C(C=CC1NC(N)=O)NC(=O)C2CCCCN2C(=O)C=3C=CC=CC3,Z1429166086
CN(C(=O)CC=1C=NC2=CC=CC=C2C1)C=3C=CC(=NC3)N4CCOCC4,Z1787393225
CC1=CC(Cl)=C(C)C=C1C(=O)N2CCN(CC2)C=3C=CC(=CC3)C(N)=O,Z1952215885
O=C(C1CC=2C=CC(F)=CC21)N3CCN(CC3)C=4N=CN=C5C=CSC45,Z1952269553
CCNC=1C=CC(Cl)=CC1C(=O)N2C3CCC2CC(=O)NC3,Z1952374878
CC1CCN(CC1N2C=CN=C2)C(=O)[C@@H](O)CC=3C=CC=CC3,Z1952454129
CC=1OC(=NC1CC(=O)N2CCNC(C)(C)C2)C=3C=CC=CC3,Z1330145460
COC=1C=CC(C=2C=CC(C(=O)NCC3(CCC3)S(C)(=O)=O)=C(F)C2)=C(F)C1,Z1953604610
N#CC=1C=CC(=CC1)C(O)CN2N=C(C=CC2=O)C=3C=CC=4OCCCOC4C3,Z1431624518
O=C(CCSC=1C=CC(Cl)=CC1)NC=2C=CC=C(C2)S(=O)(=O)NC=3C=NNC3,Z1330135124
O=C(NCC=1C=CC(=NC1)N2C=CN=C2)C=3C=CN(N3)C4CCCC4,Z1431658208
COC=1C=CC=C2SC(=NC12)NC(=O)C3CCCOC3C,Z1839458114
CC=1C=C(Br)C=2C=CC=CC2C1NC(=O)C3=CN(CCN(C)C)N=N3,Z1432904440
CC=1C=CC(=CC1N2C(=O)CNC2=O)NC(=O)C=3C=CC(=CC3)CN4C=CC=N4,Z1954484584
CCC1=NNC(=O)C(C(=O)N(C)C=2C=CN(C)N2)=C1CC,Z1728678187
CC=1N=C(NC2CC2)SC1C(=O)NCC=3C=CC(F)=CC3,Z1331795460
CC=1NC=2C=CC=CC2C1CC(=O)NC3CCCOC3CC(C)C,Z1728499600
BrC=1C=CC(=CC1)C2(CNC(C3=NC=CN3)C=4C=CC=NC4)CCOCC2,Z1956420635
CN1N=CC(C(=O)NC=2C=CC=C3C=CNC23)=C1N4C=CC=C4,Z1729999687
CCOC=1C=CC(=CC1)C2=NC(C)=C(S2)C(=O)N3CCC4=NNC(=O)C=C4C3,Z1730125861
O=C1NCCC=2C=CC(=CC12)S(=O)(=O)NC=3C=CC=C4C=CNC34,Z1730025845
O=C(NC=1C=NN(C1)CC=2C=CN=CC2)C3=CN=C4CCCCN34,Z1495016530
COC=1C=NC=C(N1)C(=O)NC2CCN(C2=O)C=3C=CC=CC3,Z1839639001
CN1N=C(C=C1NC(=O)C2CCC(F)(F)C2)C=3C=CN=CC3,Z1958032368
CN1C=C(C=N1)N2CCN(CC2)C(=O)[C@@H]3C[C@H]3C=4C=CC(=CC4)OC(F)(F)F,Z1958106691
O=C(NC1=NC=2C=CC=CC2N1CCC=3C=CC=CN3)C4=CSC(=N4)C=5C=CSC5,Z1334431887
CNC(=O)C=1C=CC(OC)=C(C1)NC(=O)C2=CC(=NN2)C3=CC=CC(=C3)OC,Z1437640344
CC=1C=CC=CC1CC(CO)CNC(CC(C)C)C=2C=CC=CN2,Z1438477861
CC1=NC(C)=C(O1)C(=O)NC(C)(C=2C=CC(Br)=CC2)C(C)C,Z1841915313
C[C@H](NC(=O)CN1N=NC=2C=CC=CC2C1=O)C=3C=CC(=CC3)OC(F)(F)F,Z1842631229
O=C(C1CNC(=O)C1)N2CCNC(=O)C2C=3C=CC(=CC3)OC(F)(F)F,Z1842117708
CCN1C=C(C=N1)C2CN(CCO2)C(=O)C3=COC4=CC=CC=C34,Z1842737887
COC=1C=CC(=NN1)C(=O)N2CCN(CC2)C=3C=C(C)C=CN3,Z1439770392
CCOC=1C=CC=NC1C(=O)N2CCN(CC2)C=3N=CN=C4SC=CC34,Z1336808991
CC(C)OC=1C=NC=C(C1)C(=O)N2CC(C)OCC2C=3C=CC=CC3,Z1439991239
O=C(NS(=O)(=O)C=1C=CC(=C(F)C1)N2C=CC=N2)C3=CC=NN3C=4C=CC=CC4,Z1962644730
COC=1C=CC=C(C1)OCCN2CCN(CC2)C(=O)C=3SC=NC3C(C)(C)C,Z1442064735
COC=1C=CC(=CC1S(=O)(=O)N(C)C=2C=CN(C)N2)CC(=O)O,Z1737942436
COC=1C=CC=C(C1)CC2CCN(CC2)C(=O)NC=3C=CN=C(C)N3,Z1738355359
O=C(O)CC=1C=CC(=CC1)CCNS(=O)(=O)C=2C=CC(Cl)=CC2,Z1738593072
O=C(O)C1COCCN1S(=O)(=O)C=2C=NC=3C=CSC3C2,Z1739151389
CC1=CC(C)=NC2=C(C=NN12)C3=NOC(=N3)C4(CC4)C=5C=CC=NC5,Z2193819259
COC=1C=CC=C(CC(=O)NC=2C=CC(=NC2C)OC)N1,Z1739035471
CC=1C=CN=C(C)C1NC(=O)C2CCN(CC2)C3=NC=4C=CC=CC4O3,Z2194193677
O=C(C=1C=NC=2C=CC=CC2N1)N3CCN(CC3)C4=NN=C(S4)C(F)(F)F,Z1740115303
CCOC=1N=C(C)C=CC1C(=O)N2CCCC2C3=CSC(C)=N3,Z1848293112
CC(C)NC(=O)C=1C=CC(Cl)=C(C1)NC(=O)C=2C=C3N=CC=CN3N2,Z2194584862
O=C(O)C=1C=CC(=CC1)S(=O)(=O)NCC(=O)N2C3CCC2C=4C=CC=CC43,Z1444162254
N#CC=1C(=NNC1NS(=O)(=O)C=2C=CC=3NC(=O)C4=CC=CC2C43)C5CC5,Z1848849310
CC=1C=C(N=C(N1)C=2C=CC=C(C2)[N+]([O-])=O)N3CCC(CC3)OC=4C=NC=CN4,Z1900733366
CC1(CCOCC1)C(=O)NC=2C=CC(=CC2)C(=O)NCCC(=O)O,Z1444894063
CC1=CSC=C1C(=O)N2CCN(CC2)C(=O)CC3=CNC4=CC=CC=C34,Z1343601730
CC=1C=CC(=CC1)C2CC(C)N(C2)S(=O)(=O)CC3=CC=CC(C#N)=C3,Z1901575813
O=C(NC1CN(C1)C(=O)NC2CCCC(F)(F)C2)C3CCC3,Z1741167102
CS(=O)(=O)C=1C=CC=CC1N2CCCC2C=3C=CC=CN3,Z1343271196
CC=1C=CC(=CC1C)C(C)NC(=O)CN2CCOC3(CCOCC3)C2,Z1447399995
COC=1C=CC(C)=CC1N2C=CC(=N2)C(=O)NS(=O)(=O)C3=CN=C4C(C=NN4C)=C3,Z1741563752
CC=1C=CC(C(=O)NC=2C=CC=3OC(=O)N(C)C3C2)=C(F)C1,Z1343973206
CC=1C(C(=O)N2CCCC(O)(C2)C(F)(F)F)=C(O)N=C3C=CC=CC13,Z1344316182
COCC1CCCN(C1)C(=O)NC2CCN(CC=3C=CC(C#N)=CC3)C2=O,Z1850725111
CC1=NN(C)C=2OCCN(C(=O)CCC=3C=NC=C(F)C3)C12,Z1743507745
CC(NC=1C=CC=C(C1)NC(=O)CO)C2=NC(=NO2)C=3C=CC=CC3,Z1449692881
CC(C)OC=1C=CC(=NC1)C(=O)NC=2C=CN(N2)C3CCN(C)CC3,Z1903669460
CC(C)C=1C=CC=2CCC(NC3=NC(=O)C=4C=NNC4N3)C2C1,Z1744094156
C[C@@H](NS(=O)(=O)C=1C=C(Cl)C=CC1OCC2CCOC2)C(=O)O,Z1744329390
O=S(=O)(C1=CNC=2N=CC=CC12)N3CCN(CC3)C4=CC(=NN4)C5CC5,Z1744839261
CC=1C=CC=C(C1)C2(CCC2)C(=O)N3CCC(CC3)N(C)CC(=O)O,Z1855639681
O=C(NC1=CC(CC2CCCCC2)=NN1)NC=3C=CC(=NN3)C(F)(F)F,Z1856565918
CCCN(CC(=O)NC=1C=CC(Cl)=CC1Cl)C(=O)C=2C=C3C(=O)NC=NC3=CN2,Z1745991041
CC=1C=CC(C(=O)NCC2=NN(C)C=3C=CC=CC23)=C(Cl)C1,Z1856648288
O=C(NC=1C=CN(N1)C=2C=CC=CC2Cl)N3CCN(CC3)C(=O)C=4C=CC=CC4F,Z1451989629
CC(=O)NC=1C=CC=C(C1)NC(=O)N2CCC(CC2)C3CCOCC3,Z1499220784
CC=1NC=CC1C(=O)NC2CCN(CC2)C(=O)C3=CC=CC=C3F,Z1347867485
CC(=O)NCCC=1C=C(C=CC1F)C2=CSC(=N2)NC=3C=CC(F)=CC3,Z1347869462
CC(C1=CC=2C=CC=CC2O1)N(C)C(=O)C3=CN(C)N=C3C(C)(C)C,Z2203735512
CC1=CC=C(CNC(=O)NC2(C)CC=3C=CC=CC3C2)C(=O)N1C,Z1906020627
O=C(C1=CC=2C=CC=CC2OC1=O)N3CCN(C=4C=CC=CC43)C5CC5,Z1745524592
CCC=1C=CC(=CC1)C(C)NC(=O)CN2C(=O)NC3=CC=CC=C3S2(=O)=O,Z1348312789
CC=1C=CC(=CC1)C(=O)NC(CC(=O)NCC2=CC(=NO2)C(N)=O)C=3C=CC=CC3,Z1452987060
CC1(C)C(=O)NC=2C=CC(=CC21)C(=O)N3CCOC(C3)C4=CC=CS4,Z1453181546
CN1N=NC(CNC(=O)N2CC=3C=CC=CC3CC2C=4C=CC=CC4)=N1,Z1906579169
COC=1C=CC(=CC1OC)CN2C=C(C=N2)C(=O)N3CCCC(C3)C4=NC=CN4,Z1746481296
CC1=C(N=NN1CC=2C=CC(=CC2)C(F)(F)F)C(=O)N3CC(O)C4(CC4)C3,Z1906997030
CC1(C)CN(C(=O)CCC=2C=CC(C#N)=CC2)C=3C=CC=CC3O1,Z1454062848
CC1=CC=C(CNC(=O)C2=NN(C=C2O)C=3C=CC(F)=CC3C)C(=O)N1C,Z1907336165
CN(CC(=O)N(CCC=1C=CC=CC1)CC(=O)O)S(=O)(=O)C=2C=CC=CC2,Z1454890213
CCNS(=O)(=O)C=1C=CC(=CC1)C(=O)N2C[C@H]3CN(C)C[C@H]3C2,Z1907513101
O=C(C1CCS(=O)(=O)CC1)N(CC=2C=CC(O)=CC2)CC3CC3,Z1454991749
CC=1C=C(C=CC1OC=2C=CN=CC2)NC(=O)C3CCN(C)C3=O,Z1907971469
CC=1C=CC=C2CCN(CC12)C(=O)C3CCCN(C3)S(=O)(=O)C=4C=CC(=CC4)[N+]([O-])=O,Z1864185732
CC1=NC(=NN1C2=CC=CC=C2C(C)C)C(=O)NC3CC(F)(F)C3,Z1864220909
COC=1C=CC(=NC1)N2CCN(CC2)C(=O)C=3C=C(C)OC3C,Z1910969135
O=C(NC=1C=CC2=C(C1)CCC(=O)N2CC=3C=CC(Cl)=CC3)NC4CCN5C=CN=C5C4,Z1750869622
CC=1C=CC(=CC1C(=O)NC=2C=CC(=CC2)N3C=C(CO)N=N3)S(C)(=O)=O,Z1750814417
O=C(C=1C=CC=2NC=NC2C1)N3CCC(CN4C=NC=N4)CC3,Z1751301515
CN1N=CC=C1CNC(=O)C2=CN(C)C(=O)C=3C=CC=CC23,Z1865989626
COC=1C=CC(=CC1)C(NC(=O)N2CCC3(C2)C(=O)NC=4C=CC=CC43)C=5C=CC(C)=CC5,Z1752207837
CC=1C=C(NC(=O)C2=CC(=NN2C)C(C)(C)C)N(N1)C=3C=C(C)N=C(C)N3,Z1457970371
NC(=O)C1CN(CCO1)C(=O)NC2CCC=3C=CC(=CC32)C=4C=CC=CC4,Z1752851016
COC=1C=CC(=CC1OC)CCN(C)C(=O)CN2CC(C)(C)C2(C)C,Z1354788641
CC(C)(C)C(CN1CCC=2C=CC=CC2C1)NC(=O)CNCC3CC3,Z2438866385
O=C(NCC1CCC(F)(F)C1)C=2C=CC(=CC2)CN3N=NC=4C=CC=CC43,Z1967463796
COC=1C=C(CNC=2N=CN=C3C2N=CN3C4CC4)C=5C=CC=CC5N1,Z2212410325
O=C(C1CC=2C=CC=CC2C1)N3CSCC3C(=O)N4CCCC4,Z1869811558
O=C1NC2(CCCCC2)C(=O)N1C3CCN(C3)C=4C=CC(Cl)=CC4Cl,Z1869785504
O=C(NCC=1C=CC(=CC1)C(=O)N2CCOCC2)N3CCC4=C(C3)N=NN4C=5C=CC=CC5,Z2212656233
CC=1N=C2C=CC=CC2=CC1C(=O)NCCC=3C=CC=C(C3)C(=O)O,Z1870087348
COCC(C)(NC(=O)C1=CC(=CC=N1)N2C=CC=N2)C(=O)O,Z1870005954
CN(C)C=1C=CC=C(CNC(=O)C2=CC=3C=CC=CC3C(=O)O2)N1,Z1916302674
COC=1N=C(C)C=CC1C(=O)N2CCCCC2CC(=O)O,Z1870115207
CO[C@H]1C[C@H](C2=NN=C(C)O2)N(CC3=NC(=CS3)C(C)(C)C)C1,Z1755426750
CC(=O)N(CC(=O)O)C1CCCN(CC1)C(=O)C(C=2C=CC=CC2)N3C=CC=N3,Z1917898793
COCC=1C=CC=CC1NCC2=CN=C3C=CC=C(C)N23,Z1462472808
O=C(NC=1C=NC(=NC1)C2CC2)N3CC4(CCC4)C3C=5C=CC=CC5,Z2215500054
COC=1C=C(OC)C=2N=CN=C(C2C1)N3CCOC4(CCCC4)C3,Z1918502226
CN1C=C(C=N1)C2=NN(C)C=C2NC(=O)C=3C=CC(=CC3)C(N)=O,Z1872977120
CCN1C=CN=C1[C@H]2OCCC[C@@H]2NC(=O)C3=CC=C(Br)O3,Z1756749380
O=C1NC(=O)C=2C=C(C=CC12)S(=O)(=O)N3CC4(CCCC4)C=5C=CC=CC53,Z1359473764
CCCC1=CC(=O)N2N=C(NCC(C=3C=CC(Cl)=CC3)N4C=CC=N4)SC2=N1,Z1359585761
CN(CC1=NC=2CCCCC2S1)C=3C=C(N=CN3)N4CCOCC4,Z1874183178
CCCNC(=O)C=1C=CC=C(C1)C(=O)N(C)CC=2C=C(F)C=C(F)C2,Z1874436785
O=C(C=1C=CC=2NC=CC2C1)N3CCC(CC3)C4=CNC=N4,Z1360733115
COC=1C=CC(=CC1)C2=NOC(CCC(=O)N3CCC(CC3)C4=CNC=N4)=N2,Z1360734484
CC1CCC(CCC(=O)N2CCC(CC2)C3=NN=CN3)O1,Z1361020102
CC=1N=CC=CC1OCC2=NN=NN2CC3CCOCC3,Z1878393951
CC=1C=CC=2NC(=NC2C1)C3CCCN3C(=O)C=4C=CC(=NC4)C(C)C,Z1471336878
CN1C=C(C=N1)C=2C=NC=C(C2)C3=NC(=NO3)C=4C=CC(=NC4)C(=O)N5CCN(C)CC5,Z1685496526
CC1=NN=C(N1)C=2C=CC=C(C2)C3=NOC(=N3)C4(C)CCCO4,Z1685320310
O=C(C=1C=C(Cl)C=CC1NCC2=NC=NN2C=3C=CC=CC3)N4CCCC4,Z2179114552
CC(NC(=O)C=1C=CC(=CC1)C(=O)O)C=2C=NN(C2)CC=3C=CC=CC3,Z1870459079
O=C(O)C(F)(F)F.COC1=CC(=NC(=N1)N2CCCC(C2)C3=NC=4C=C(C)C=CC4N3)OC,Z9043842503
CC=1C=CN=C(C1)OC2CCN(CC2)C=3N=CC(=CC3Cl)C(=O)N4CCOCC4,Z2179650493
COC=1C=CC(=CC1)C2(CNC(=O)C3=CN(C)N=C3C4CC4)CCC2,Z2180884379
O=C(NC=1C=CC=2NN=CC2C1)C=3C=CC=CC3SC=4C=CC=CC4,Z1264198196
NC(=O)C=1C=NC=CC1N2CCC(CC2)C=3C=CC=CN3,Z1687521038
O=C1NC2(CCCC2)C(=O)N1CCC3=NC(=NO3)C4(CCC4)C=5C=CC=CC5,Z1688991244
CCN1C(=NN=C1N2CCCN(CC2)C(C)=O)C3=CC=4CC(C)CCC4S3,Z2182824236
CC1(CO)CCN(CC1)C(=O)NCCCN2C=CC=3C=CC=CC32,Z1687943794
COCCC(=O)N1CCC(CC1)NC(=O)N2CC(O)(C2)C=3C=CC=CC3,Z2183241816
NC(=O)C1(CNC(=O)C2CC3=CC=CC=C32)CCOCC1,Z1265908793
O=C(C1=CNC(=O)C(Br)=C1)N2CCN(CC3=CC=CO3)CC2,Z1265762820
CC(C)C1=CSC(=N1)C2CCCN(C2)C(=O)C3=NNC=4C=CC=CC34,Z1266685863
CC1=NSC(=N1)N2CCN(CC2)C(=O)C3CCCCN3C(=O)C4=CC=CO4,Z1268310164
COC=1C=CC(=CN1)C(=O)N2CCCC(C2)C=3C=C(NN3)C(F)(F)F,Z1269695566
CC(C=1C=CSC1)N2CCN(CC2)C(=O)NC3=NN=C(CC(F)(F)F)S3,Z1693314177
O=C(CCN1CC(O)CC1CO)NC(=O)NCC=2C=CC=CC2,Z1692774161
CC(O)(CNC(=O)NC=1C=NC=2CCOCC2C1)C3=CC=CC(Cl)=C3,Z1693379925
CC=1N=CC=C(N1)NC2CCN(CC2)C=3C=CC(=CN3)C(F)(F)F,Z1272194126
CCN1N=C2CCN(CC(=O)NC=3C=C(Cl)C=CC3OC)CC2=CC1=O,Z1272703445
CC=1NN=C(C(=O)N2CCC(CO)(C2)C=3C=CC=CC3)C1C,Z2207443142
O=C1CC(CN1C2CC2C=3C=CC=CC3)NC=4N=CN=C5NC=CC45,Z1272650732
CC(C=1C=CSC1)N2CCN(CC2)C(=O)C3=CC=4C=CC=CC4C(=O)N3,Z1694422639
CN1CCOC(C1)C(=O)NC(CC=2C=CC=CC2)C(=O)N3CCOCC3,Z1694639043
CC(C(=O)NC=1C=CC=C(C1)C2=NN=NN2C)N3N=NC(=N3)C=4C=CC=CC4,Z1273257833
CC1=NOC(=C1NS(=O)(=O)C2=CC=C3OCCCOC3=C2)C4CC4,Z1696959970
CC1CN(CC(C)S1(=O)=O)C(=O)NC2CCN(CCN(C)C)CC2,Z2190856821
CC(=O)N1CCC(CC1)NC(=O)NCC=2C=CC=C(C2)C3=CC=CN=C3,Z1697575476
COC=1C=CC=CC1N2CCC(C2=O)N3CCN(CC=4C(C)=NN(C)C4C)CC3,Z1400579780
CCC(CC)(NC(=O)C=1C=CC(=CC1)OC=2C=CC(C#N)=CC2C)C(N)=O,Z1400924122
CCN1C=NC=2C(=NC=NC21)NC3CCN(C3)C(=O)CCC=4C=CC=CC4,Z1401290789
CC=1NN=C2N=CC(=CC12)C(=O)NCC3CCCC3NS(C)(=O)=O,Z1401916082
CC=1N=CC=CC1NC(=O)C=2C=CN(N2)C=3C=CC=C(Cl)C3,Z1303530283
O=C(OCC1CCC1)C2=CN=C3C(C=NN3CC=4C=CC=CC4)=C2,Z1291486083
CC1=NN(C)C(C)=C1CC(C)NC(=O)NCC=2C=CC(=NC2)N3C=CN=C3,Z1282468590
CC1CC1CNC(=O)N[C@@H](CC=2C=CC=CC2)C(=O)N(C)C=3C=CC=CC3,Z1305472128
O=C(NCC=1C=CC=C(C1)N2C=CN=C2)NCC(CO)CC=3C=CC=CC3Cl,Z1306826628
COC=1C=CC(=CC1OC)CCCNC(=O)N2C(C)CCC2C,Z1408068698
CC=1C=CC(=CC1)C=2C=NC=C(C2)C(=O)NCC3=CSC=N3,Z1407997290
CCN1N=NN=C1C=2C=CC=C(C2)NC(=O)C3CCCC=4NN=CC43,Z1409381480
CC(O)CCN(C)C(=O)C1CCCN(C1)C(=O)C2=CC=CC3=CC=CC=C23,Z1410872052
CCN1N=C(C)C(C(=O)OCC2=NC(=CS2)C=3C(F)=CC=CC3F)=C1C,Z1701057620
CC(O)(CN1C=CC=CC1=O)C(=O)N2CCC3=CC=C(Cl)C=C3C2,Z1932681922
CC=1NC2=CC=NN2C(=O)C1CC(=O)N3CCC(C)C=4C=CC=C(O)C43,Z1704441996
CC(=O)NC1=CC=CC(C(=O)N2CCC3(CNC(=O)C3)C2)=C1C,Z1919915051
COC=1C=CC(=CC1OCC=2C=CN=CC2)NC(=O)CC=3C=NC=NC3,Z1916096114
CC=1C=CN(N1)C2=CC=CC=C2NC(=O)N3CCN(CC(F)(F)F)CC3,Z1415539410
CC(CN1CCN(CC1)C=2C=CC=CN2)NC(=O)C3=CNC=4C=CC=NC34,Z1938251107
COC=1C=CC(=CC1F)CNC(=O)N2CCC(C)C(C2)N3C=CN=C3,Z1415614396
COCCC=1C=C(NC(=O)NC2C=3C=CC=CC3CC2O)N(C)N1,Z1731925808
CC(=O)NC1=NC(=CS1)C(=O)N2CCC(CC2)C3=NC=C(C)S3,Z1870895719
COC=1C=CN=C(C1)C(=O)NC=2C=NN(C2)CC3=NN=C4CCCCN34,Z1893065243
CC=1C=CC2=C(C1)N=C(CNC(=O)CN3CCOCC3)N2C,Z1713064328
CN(C)C(=O)CN1C=C(N=N1)C(=O)N2CCOCC=3C=CC=CC32,Z1940735857
O=C(C1=CNN2C1=NC(=O)C=3C=CC=CC32)N4CCCC(CN5C=NC=6C=CC=CC65)C4,Z1820210859
CC(C)NC(=O)N1CCC[C@H]1C(=O)NC2CCN(CC2)C=3C=CC=CN3,Z1419384752
CC1=NN(C)C=2N=C(C=C(C(=O)NC3=NC=CN(C)C3=O)C12)C4CC4,Z1317665932
O=C(C=1C=CN=C(C1)C(=O)N2CCCC3(CC3)C2)N4CCCC5(CC5)C4,Z1721152084
CC=1C=CC=NC1N(C)C(=O)C=2C=CC=NC2N3CCOCC3,Z1940820073
COC=1C=CC=C2C1CCC2NC(=O)N3CCN(CC4=CSC=N4)CC3,Z1418925798
NC(=O)C1CCCN1C2CCN(CC2)C(=O)C=3C=CC(=NC3)OC=4C=CC=CC4Cl,Z1319437793
CC1=NC(C)=C(O1)C(=O)NCC(=O)N2CCC(CC=3C=CC=CC3)CC2,Z1319775015
O=C(NC(C=1C=CC=C(Cl)C1)C2CCCCC2)C=3C=CC(=O)NN3,Z1422257462
CC=1C=C(C)C(NC(=O)CN2CCN(CC2)C3=CN=CC4=CC=CC=C34)=C(C)C1,Z1824177565
C=C(C)CN(CC=1C=CC=CC1)C(=O)C(=O)NC=2C=CC=3CCNC(=O)C3C2,Z1942973435
CC=1C=CN(C)C1C(=O)N2CCC(CC(=O)N3CCCC3)CC2,Z1786692919
CCOC(=O)C=1OC=2C=CC(=CC2C1C)S(=O)(=O)N(C)CC=3C(C)=NOC3C,Z1829107074
COC(=O)C=1NC(C)=CC1NC(=O)C2=CC(=O)NC(=C2)C3CC3,Z1719522174
CC(C)C=1C=CC(=CC1)OCC(=O)N2CCCN(CC2)C(=O)C3CC3,Z1767648563
CC=1N=CC(C(=O)N2CCN(CC2)C3CCOCC3)=C(N1)C(C)C,Z1324802059
CCS(=O)(=O)C=1C=CC(=CC1)CC(=O)N2CCC(CC2)C3CCCO3,Z1787667914
COC1(C)CCCN(CC1)C(=O)NCC=2C=C(Cl)C=C3CCOC23,Z1950471127
CC(C)N1N=CC=2C=C(C=CC21)S(=O)(=O)N3CCN(C)CC3C=4C=CC=CC4,Z1427374839
CC(NC(=O)N1CCC(CC=2C=CC=CC2)C1)C3CCOCC3,Z1426318035
CC=1C=CC=2C=C(C=CC2N1)C(=O)N3CCOC(COC(C)C)C3,Z1721205556
CC=1C=CC=2C=C(NC2C1)C(=O)N3CC=4C=CC=C(Br)C4C3,Z1721071008
CC1=CC(C)=NN1CC=2C=CC(=CC2)C(=O)N3CCN4N=CN=C4C3,Z1721043018
O=C(C1CC1C=2C=CC=CC2Cl)N3CCN4N=CN=C4C3,Z1721056762
CN(C)CCN(C)C(=O)NC=1C=CC(=CC1)S(=O)(=O)N(C)C,Z1325833843
CC=1C(=CC=CC1NC(=O)N(C)C)NCC2=CNN=C2C=3C(F)=CC=CC3F,Z1950950104
OC1(CCN(C1)C=2C=NC=C(N2)OC3CCCCC3)C(F)(F)F,Z1724487828
CCC1=NC(=NN1)C(C)NC(=O)NC=2C=CC=C3CC(C)(C)OC23,Z1831641347
CNC(=O)C1=CC=2C=C(C=CC2N1)NS(=O)(=O)C=3C=CC(OC)=C(C3)CC(=O)O,Z1955268602
FC=1C=CC=2N=CN=C(C2C1)N3CCN(CC3)C4CCOCC4,Z1328620796
CN1N=CC(C(=O)N(CC=2C=CC=CC2)C3CCCC3(C)C)=C1C#N,Z1952397497
CN(CC1=CN(C)N=C1C(F)(F)F)C(=O)C2CCCC=3C(O)=CC=CC32,Z1833691388
CC1CN(CCN1CCO)C(=O)C2=CN(C)N=C2C3=CC=C(Cl)S3,Z1833830769
O=C(CCC1CCOCC1)NC2=NNC=3C=C(F)C=CC23,Z1834342040
CN1N=NC=2C=C(C=CC21)C(=O)NCCN3CC=C(CC3)C(C)(C)C,Z1726609549
CCNC=1C=CC(=CC1NC(=O)C=2C=NC=3SN=C(C)C3C2)S(=O)(=O)C(F)F,Z1430983201
CCOC1CC(N(C)C=2N=CN=C3NC=CC23)C41CCC4,Z1432084773
CC=1C=CC(F)=C(C1)C(=O)N2CCC=3N=CNC(=O)C3C2,Z1494828461
CC1=C(C=NN1C=2C=CC(Cl)=CC2)C(=O)NCC=3C=CN(C)C3,Z1329893211
CC(NS(C)(=O)=O)C(=O)N1CCCC2(C1)OCC3=CC=CC=C32,Z1727264108
C=1C=CC(=CC1)OCC2CN(CCO2)C=3N=C(N=C4C=CC=CC34)C=5C=CC=NC5,Z1840427170
O=C(NCC=1C=CC(=C(F)C1)N2C=CN=C2)N3CCC(O)(C3)C(F)(F)F,Z1330705436
O=C(C=1C=CN(N1)C=2C=CC=CC2F)N3CCC(C3)OC4=CC=CC=N4,Z1432923345
O=C(C=1C=CC=CC1)N2CCC(CC2)C(=O)N3CCC(C3)OC4=CC=CC=N4,Z1432913360
O=C(NCC1=NC=2C=C(F)C=CC2N1)C3CCCN(C3)C(=O)C=4C=CC=CC4,Z1331608032
CCC1CN(CC2(CCOC2)O1)C(=O)CC(NC(N)=O)C3=CC=CS3,Z1954649731
CCC(C)N1N=CC(C(=O)N(C)C=2C=CN(C)N2)=C1C3CC3,Z1728640619
CC(CC=1C=CC(O)=CC1)NC(=O)N2CCC=3C=C(Cl)C=CC3C2,Z1838234723
CC=1C=CC(=NC1)C(=O)NC2=NC(=CS2)C=3C=CC=4NC(=O)C(C)C4C3,Z1955487209
CC=1C=CC(CN2C(=O)NC(C)(CC(C)C)C2=O)=C(C)N1,Z1729157869
CCOC(=O)C=1SC=2N=CN=C(NCC=3N=CC=CC3O)C2C1C,Z1956686033
CCC=1C=C(N=CN1)N2CCC(CC2)NC=3N=CC=CC3C#N,Z1333190930
CC1=NN(C)C(C)=C1S(=O)(=O)NC2=CC=C3CCC(=O)NC3=C2,Z1729971501
COC=1C=CC=CC1C2=NN=C(NC(=O)C3CCC(F)(F)C3)N2,Z1957123558
CCC1=CC=C(CN2CCN(CC2)C(=O)C3=CN(N=N3)C(C)(C)C)S1,Z1839902941
CC1(C)COCCN1S(=O)(=O)C=2C=CC(=NC2)S(C)(=O)=O,Z1957644776
CCN(CC)S(=O)(=O)C1=CC=C(OC(C)C)C(=C1)NS(=O)(=O)N(C)C2CCCC2,Z1437872050
CC(C)(O)C=1C=CC(=CC1)CNC(=O)NC=2C=NN(C2)CCN3CCOCC3,Z1731819505
CC(C)S(=O)(=O)C=1C=CC=CC1C(=O)N2CC3(CCC3)C4=CC=CC=C42,Z1841450816
CC(C)OC=1C=NC=C(C1)C(=O)N2CCCC(C2)C3=NC=CN3,Z1438916928
CC(C)N1N=CC=C1C(=O)NCC2CCOC=3C=CC=CC32,Z1439178372
CC=1C=C(NC(=O)CN2CCOCC3(CCCC3)C2)N(N1)C=4C=CC(C)=CC4,Z1732585320
COC=1C=C(C=C(Cl)C1O)C(=O)N[C@H](C)C=2OC=3C=CC=CC3C2C,Z1842137148
CC=1C=C(C=C(C1)N2CCN(CC2)C(C)C)NC(=O)C=3C=CC=C4C=NNC34,Z1842231770
COC=1C=CC=C(C1)CNC(=O)C=2C=NC=3C=CC=CC3C2C,Z1336763045
CC1=CC(=CC(C)=N1)C2=NOC(CN(C)S(=O)(=O)C=3C=CC=4C=CC=CC4C3)=N2,Z1960627364
CC=1CCN(CC1C)C(=O)CCN2C(=O)NC(=O)C=3C=CC=CC32,Z1961446414
CNC(=O)C1CN(C(=O)C2CCC3=CC(C)=CC=C3O2)C=4C=CC=CC4O1,Z1961768355
CN1CCCC1C(=O)N2CCN(CCC3=NC(=NO3)C=4C=CC=CC4)CC2,Z1441452043
N#CC=1C=CC(=C(F)C1)N2CCN(CC2)C3CCC4=CC=CC=C4NC3=O,Z1844642324
CN1CCC(CC1)OC=2C=C(C=CN2)NC(=O)C3=CC=C(F)C4=CC=CC=C34,Z1963123699
CC=1N=NC=CC1NC(=O)N2CCCN(CC2)C=3C=CC=CC3,Z1738316450
COC=1C=CC=C(C1)C2CN(CCO2)C(=O)C=3C=CC=4NC(=O)COC4C3,Z1442704413
CC=1C=CC=C2N=CN=C(NC=3C=CC=4NC=CC4C3)C12,Z1340715511
CC1C(=O)NC=2C=CC(=CC21)S(=O)(=O)NCCSCC(=O)O,Z1738799653
CCC1=NN(C)C=2NN=C(NC(=O)C=3C=NC=NC3C(C)C)C12,Z1341543589
CNC(=O)C1CC=2C=CC=CC2N1C(=O)CN3N=C4C=CC=CN4C3=O,Z2193653854
CCNC1=NC(=CS1)C(=O)N2CCC=3C=C(Cl)C=CC3C2,Z1846593644
CC=1C=CC(=CC1NCC=2C=CC=NC2C)S(=O)(=O)N3CCCCC3,Z2193842526
CC=1N=C2C=CC=CC2=C(NC(=O)CCC3CCOCC3)C1C(C)C,Z1848304111
O=C(O)CC1(CCOCC1)NC(=O)C=2C=NN3C=CC=NC23,Z1444742051
O=C(NCC=1C(F)=CC=CC1Cl)N2CCN(CC2)C3=NN=C(S3)C(F)(F)F,Z1739660207
CO[C@H]1CN(C[C@H]1OC)C(=O)NC=2C=CC(=CC2)C(=O)N3CCC(C)CC3,Z1849190068
O=C(O)C1CCCCN1C(=O)C=2C=CC=C(C2)NC(=O)C3=NNC=4CCCCC34,Z1445387480
CN1N=C(CCNC(=O)N2CC(C2)NC(=O)C3CCC3)C=4C=CC=CC41,Z1741199739
CC(C=1C=CC=CC1)N2CCC(CC2)NC=3C=CC4=NN=C(C(F)F)N4N3,Z1449867994
CC(N1CCN(CC1)C(=O)CCC2=NC(=NO2)C=3N=CC=CN3)C(F)(F)F,Z1344352827
O=C(NCC1C2CC=3C=CC=CC3C12)C4=CC=5C(F)=CC=CC5N4,Z1449091258
CC1=CSC(=N1)C(C)N2CCN(CC(O)C=3C=CC(F)=CC3Cl)CC2,Z1902971047
CC(=O)N1CCC=2C=CC=CC2C1CC(=O)NC3CCN(CC3)C4=CC(C)=NC(C)=N4,Z1344772967
COC=1C=CC=C(C1)C=2C=CC(=CC2)CNC(=O)C=3C=CN=CN3,Z1743354543
O=C(NC1CCOC2(CCCC2)C1)C3=CSC(=N3)NC4=CC=CC=N4,Z1449258129
N#CC=1C=C(C=CC1F)CC2=CN=C(NC(=O)C=3C=NN4C=CC=NC34)S2,Z1449214435
CC=1C=CC(=CN1)CC(=O)NC2CCN(CC=3C=CC(C#N)=CC3)C2=O,Z1851902570
CCN1N=C(C)C(=C1C)S(=O)(=O)N2CCC3(C)C(C2)C3(F)F,Z2200792601
NC(=O)C=1C=CC(CN(C2CC2)S(=O)(=O)CCC=3C=CC(=CC3)C(F)(F)F)=C(F)C1,Z2200906512
CN1C=NC=2C=C(C=CC21)S(=O)(=O)NC3CC(O)C3(C)C,Z1744869085
CN1N=C(CNC[C@@H](O)C=2C=CC(Cl)=CC2)C=3C=CC=CC31,Z2201816676
CC(C)C1=NC(=CN1)S(=O)(=O)NC=2C=CC=C(C2)NC(=O)C3CCCCC3,Z1347734101
CN1C=C(C2=NOC(=N2)C=3C=CC(=CC3)S(C)(=O)=O)C(=N1)C(F)(F)F,Z2203563031
COC=1C(=CN=C2C1C=NN2C)C(=O)N3CCN(C4=CC=CC=C43)C5CC5,Z1745522284
O=C(C=1C=CN=CC1F)N2CCN(C=3C=CC=CC32)C4CC4,Z1745534095
N#CC=1C=CC=NC1N2CCN(CC2)C(=O)NC3CCCC(F)(F)C3,Z1452918302
CC=1NC=CC1C(=O)NC(C2=NC=CS2)C=3C=CC=CC3,Z1348117084
O=C(NC=1C=C(NN1)C=2C=C(Cl)C=C(Cl)C2)C=3C=CN=CN3,Z1747070196
O=C(C1CC1C=2C(F)=CC=CC2F)N3CCC(O)(CC3)C=4C=CC(=CC4)C=5C=CC=CC5,Z1907661247
CC(C)(C(=O)N1CCN(CC1)C2=CC(=NN2)C3CC3)C=4C=CC(F)=CC4,Z1747702599
CS(=O)(=O)NC=1C=CC(=CC1)CNC=2N=C(N=C3C=CC=CC23)C=4C=CC=CN4,Z1863717375
CN1C(CNC(=O)C2CC32CCOCC3)=NC4=CC(Cl)=CC=C41,Z1748521914
CC1=CN(N=C1NC(=O)C2=CC=CN2CC=3C=CN=CC3)C(C)C,Z1908901900
O=C(C=1C=CC(=CC1Cl)C(F)(F)F)N2CCCC2CCO,Z1748738595
COCCC1COCCN1C(=O)C2=CC(C)=CC3=CNN=C23,Z2207585568
CC=1C=C(N=C(N1)C=2C=CC=NC2)OC=3C=CC(=NC3)OC=4C=CC=CC4,Z1864085696
CC(C)(C)C(=O)NCC=1C=CC(=CC1)C(=O)N2CCC(O)(CC2)C(F)F,Z1748816369
CN1C(=O)CCC(C(=O)N2CCC(O)(CC2)C(F)F)C1C=3C=CC=CC3,Z1748812122
CC1(NC(=O)NC1=O)C=2C=CC(=CC2)C(=O)N3CCN(C4=CC=CC=C43)C5CC5,Z1749106920
N#CC=1C=CC=CC1N2CCN(CC2)C(=O)NC3CC(F)(F)C3,Z1865028690
CC(=O)N1CCC(CNC(=O)C=2C(=O)OC3=CC=CC=C3C2C)CC1,Z1352678634
C[C@@H](NC(=O)N(C)C1CC=2C=CC=CC2C1)C=3C=CC=C(O)C3,Z1865175684
O=C(NC1CC2=CC=CC(O)=C2C1)N3CCC(CN4CCCC4)C3,Z1865231960
CC(C1CC1)N2C=C(C=N2)NC(=O)NC3CCCOC4=CC(F)=CC=C43,Z1751841063
O=C(NC=1C=C(C=CC1F)NC(=O)[C@@H]2CCCCN2)C3CCCCC3,Z2447938937
CC=1SC(=O)N(CC(=O)N(C2=CC=CC=N2)C3CCCC3)C1C,Z1458822796
O=S(=O)(NC=1C=CC(F)=C(Cl)C1)C=2C=NC=3C=CC=CC3C2,Z1914217961
CC1=NN(C)C=2N=C(C=C(C(=O)NC3=C(C)ON=C3OC(F)F)C12)C=4C=CC=CC4,Z1913900676
O[C@@H](CNC=1N=C(N=C2NC=NC12)C(F)(F)F)C=3C=CC(Cl)=CC3,Z2212472608
CC(C)OC=1C=CC=C(N1)C(=O)N(C)CC=2C=CC(=CC2)C(=O)O,Z1869827498
CN(CC=1C=CC(=CC1)C(=O)O)C(=O)C2=CC=C(CNS(C)(=O)=O)O2,Z1869828717
O=C(O)C=1C=CC=CC1NC(=O)C=2C=CC=C(N2)N3C=CC=N3,Z1870144888
CC(C)N1C=C(C=N1)S(=O)(=O)N2CCS(=O)(=O)CCC2C,Z1870437045
CN(C=1C=CC=CC1)C=2C=C(N=CN2)N3CCN(CC4CCCO4)CC3,Z2213898169
CC(C)(C)C1=CC=C(S1)S(=O)(=O)N2CC(O)CC3=CC=CC=C32,Z1918185133
CC=1C=CC=C2C(=O)N(C=NC12)CC3=NC=NN3C(C)C,Z1918191652
CCCC(C)C=1C=C(NS(=O)(=O)C=2C=CC(C#N)=C(Br)C2)NN1,Z1918148125
COC=1C=CC=C(C1)OCCNC(=O)NC=2C=C(C=CC2C)C3=CC=CN=C3,Z1970338620
OCC1CN(CC2=NC(=NO2)C=3C=CC=CC3)C=4C=CC=CC41,Z2215961309
O=C(CCCNC(=O)C=1C=C(F)C=C2NN=NC12)N3CCC=4C=CC=CC43,Z1873490800
COC=1C=C(N=CN1)NC(=O)N(C)CCN2C[C@H](C)O[C@H](C)C2,Z1919054894
CC1=NSC(=N1)N2CCCN(CC2)C=3C=CC(=C(C#N)C3)C(F)(F)F,Z1465463736
FC=1C=CC=C2C(=NC=NC12)OC=3C=CC(=CC3)N4C=CC=N4,Z1874149596
CN(C)C(=O)C=1C=CC=C(C1)NC(=O)CN2CC(O)CC3=CC=CC=C32,Z1921391919
O=C(CN1CCCCC1=O)NC=2C=CC=C(C2)C3CNC(=O)C3,Z1471600519
CC=1C=CC(=CC1NC(=O)N2CCCN(CC2)C(=O)C3CC3)N4CCOCC4,Z1971593676
CC(C)C(C(=O)N1CCCN(CC1)C2=CC=CN=N2)C=3C=CC=NC3,Z1973881354
CC=1C=CC=NC1C(NC(=O)N2CC(=O)N(CC3CC3)C2)C(C)C,Z1923448989
CCN(CC(=O)O)C1CCN(CC1)C(=O)C2=CC=C(Cl)C(C)=C2,Z1762660909
CC1=NNC(NC(=O)C=2C=CN(N2)C=3C(F)=CC=CC3F)=C1C4=CC=C5OCCOC5=C4,Z1472740852
CCN(CC(=O)O)C1CC(C1)NC(=O)CC(NC(C)=O)C=2C=CC(Cl)=CC2,Z1762652905
CC1CN(CC(C)(C)O)CCN1C(=O)NCCCC=2C=CC(Cl)=CC2,Z1764315076
O=C(C1=NOC=2CCCCCC12)N3CCN4C=CC=C4C3C=5C=CC=CC5,Z1764570146
CC1=CC(C(=O)N2CCC(C2)C=3N=NNN3)=C(C)N1C4CC4,Z3204030654
O=C1CCNC(=O)N1CC=2C=CC=CC2OCC(F)(F)F,Z3211194976
O=C(C=1C=CC(F)=C(O)C1F)N2CCC3(CC3(F)F)CC2,Z3216001088
O=C(C=1C=CC(F)=C(O)C1F)N2CCCCC2C=3C=CNN3,Z3216001092
Cl.CC=1C=C(C=C(C1)S(N)(=O)=O)NC(=O)[C@@H](N)C(C)(C)C,Z3331640334
COC=1C=CC=2C=C(NC2C1)C(=O)N3CCC=4NC(=O)C(C#N)=CC4C3,Z3244530228
O=C(O)CC=1C=CC(=CC1)N2N=CC3=C(C=C4CCCCN43)C2=O,Z3253677213
O=C(NCCN1CCOCC1)C=2C=NN3C(=CC(=NC23)C(F)F)C=4C=CC=CC4,Z3254958994
CCN1C=C(CS(=O)(=O)CC2=NC=3CCC(C)(C)CC3S2)N=N1,Z3255267829
O=C(NC1CC2(CN(C2)C(=O)C3CC43CC4)N5C=CN=C15)C6=CC(=NO6)C7CC7,Z3259950253
O=S(=O)(NCC1=NNC=2CCCC12)C=3C=CC(F)=C(F)C3F,Z3268498590
NC=1C=C(C=CN1)C(=O)NC2=NC(=CS2)C3CCOCC3,Z3268521130
CN(C)C1=NC=C(CNC2CCCC=3C=4C=CC=CC4NC32)N1C,Z3268554612
CC(NC(=O)N1CCC(C1)C2CCCC2)C3=NN=C(N3)C(F)(F)F,Z3268555585
COC1=CC(OC)=C(Cl)C=C1NC(=O)N2CC(CO)(CO)C2,Z3268556291
CCC=1C=CC(=CC1)C2=NN=C(N2)SCC3(C)CS(=O)(=O)C3,Z3268556859
"C1=CN(C=N1)C[C@H]2CCO[C@H]2C3=NN=C(N3)C=4C=CC=CC4 |&1:6,10,r|",Z3268961724
CC=1C=CC(=C(C)C1)S(=O)(=O)NCC(O)C=2C=CC(O)=CC2,Z3275074663
COC=1C=CC=CC1S(=O)(=O)N2CCC[C@H]2C3=NC=NN3,Z3290444933
COC(C)CS(=O)(=O)NC=1C=CC(=CC1)C2=NNC(=O)CO2,Z3290623112
FC1=CC(=CC(F)=C1F)C2=NOC(=N2)C=3C=C(CC4CCCCN4)ON3,Z3292999023
O=C(CC1CSC2=CC=CC=C2NC1=O)NC3CCN(CC3)C4CC4,Z3294597761
CC1=CC=NN1CC(=O)N2CCCC(C2)N(C)C(=O)CC3=NNC=4CCCCC34,Z3299502815
CC=1N=C(C=CC1[N+]([O-])=O)N(C)CCN(C)C(=O)CCC2=NC=CN2,Z3299507537
C[C@@H](NC(=O)C=1C=CNC(=O)C1)C2CCN(CC2)C(=O)C=3C=CC(=CC3)CF,Z3299532886
"CN1N=CC(=N1)C(=O)N[C@@H]2CN(C[C@H]2C(F)(F)F)C(=O)C3CCCCCC3 |&1:9,13,r|",Z3299546783
FC1(F)CC(C1)C2=NN=C(NC=3C=CC=4OCOC4C3)N2,Z3303212675
COC(=O)[C@@H](NC(=O)CN1CC(OC)C(C)(C)C1)C(C)C,Z3319630569
CC(C)CC(NC(=O)C1(CCCCC1)C=2C=CC=NC2)C3=NN=NN3,Z3324837403
O=C1NC(CC=2C=C(Cl)C=C(Cl)C2)C(=O)NC1CC3=NC=CS3,Z3337638535
CC(C)OC=1C=CC(=CN1)S(=O)(=O)NC2=CN(C)N=C2C(F)F,Z3338787408
CCN1N=NC(C)=C1CN2C=NC=3C=CC=C(Cl)C3C2=O,Z3339981701
O=C1C=2N=NN(C2N=CN1CC=3C=CC=C(Cl)C3)C4CC4,Z3342225860
C1=C(N=NN1CC2=NNC=3CCOCC23)C45CC6CC(CC(C6)C5)C4,Z3343805962
CC(NS(=O)(=O)C=1C=CC=C(Cl)C1O)C=2C=CC=C(C2)S(=O)(=O)N(C)C,Z3352582078
O=C(C=1C=CN=C(C1)CO)N2CCN(CC2)C3=CN=CC4=CC=CC=C34,Z3353182577
CC1=CC(CCC(=O)NS(=O)(=O)C=2C=CC=3COCC3C2)=NO1,Z3357095765
CC(C)(C)NS(=O)(=O)NC(=O)C(C)(C)C=1C=CC=C(C#N)C1,Z3357610693
O=C(NC=1C=CC=C(C1)C2CCOCC2)C=3C=CC4=NC=NN4C3,Z3360505938
OC(CC1CCCO1)CN2CCN(CC2)C=3C=CC=CC3F,Z3375778699
CC=1N=C(NC(C)C=2C=CC=C(C2)N3CCOC3=O)C=4C=NNC4N1,Z3389753616
CC(C(=O)N1CCCC1)N2CCN(CC2)C=3N=CC=4COCCC4N3,Z3391348866
O=C(NC=1C=CC=2N=C3CCCN3C(=O)C2C1)C=4C=NN(C4)C5CCCC5,Z3408822774
CC(F)(F)CCS(=O)(=O)NCC1=NC(=NO1)C2=CC=CC(O)=C2,Z3409612593
CC1=CC=C(CN(CCO)C(=O)C2C3CC2(CC3)C4=CC=NN4C5CCC5)O1,Z3415856590
CN1N=CC=C1C23CC(CC2)C3C(=O)NCCCC4=CNN=C4C(F)(F)F,Z3416429984
CNC(=O)C=1N=COC1C2C3CC2N(C3)C(=O)CC=4C=CC(Cl)=CC4Cl,Z3416871580
CC(NC(=O)C=1C=CC(=CC1)C=2C=NNC2)(C(N)=O)C=3C=CC=CC3,Z3464156097
CNC(=O)C(CNC(=O)NC=1C=CC(Cl)=CC1)CC=2C=CC(=CC2)C(F)(F)F,Z3464508643
N#CC=1C=CC(=CC1)CN2C=C(C=N2)NC=3N=CC=C(N3)OC=4C=CC=CC4,Z3476327966
C[C@H]1OCCN(C(=O)C=2C=C(O)N=C(C2)C=3C=CC=CC3)[C@@H]1C(=O)O,Z3510302891
O=C(NC=1C=NN(C1)CC2CCCN2)C=3C=CN4N=CN=C4C3,Z3521248197
O=C(C=1C=NN2CCNC(=O)C12)N3CCOC(C3)C=4C=CC=CC4,Z3524558990
CC1=NN=C2CC(CN12)C(=O)NCC=3C=CC(=CC3)C(F)(F)F,Z3556618717
CC(NC(=O)C=1SN=C(O)C1Cl)C=2C=C(F)C=CC2N(C)C,Z3586660351
"CC=1C=C(C=CC1NC(=O)N2CC[C@H]3CN(C)C[C@H]32)N4CCCCC4C |&1:13,18,r|",Z3590804884
CC=1C=CC(C)=C(C1)N2N=C(CCC2=O)C(=O)N3CCC4CC3CO4,Z3594265122
CN1CCN(CC1)C(=O)C=2C=CC(=CC2)CNC(=O)C3=CC=CC4=CC(O)=NC=C34,Z3595789752
O=C(C1CCC2(CCC2)CC1)N3CCC(CC3)S(=O)(=O)C=4C=CC=CC4,Z3601556001
CC=1C=C(O)N2N=CC(C(=O)NC(C)CCC3=CC=CC=C3F)=C2N1,Z3603415770
"CN(CC1=CN=C(S1)N2C=CC=N2)C(=O)[C@H]3CC(=O)N[C@H](C3)C=4C=CC=CC4 |&1:15,20,r|",Z3609506603
COC=1C=CC=C(C1)CCS(=O)(=O)NCC(C)(CO)OC,Z3617793660
O=S(=O)(NC12CCC(F)(CC1)C2)C3=CN=NN3C=4C=CC=CC4,Z3623034278
CONC(=O)C1CCN(CC1)C(=O)NC(C)C2=NC=C(O2)C=3C=CC(F)=CC3,Z3659529138
O=C(NC1CCN(CCF)C1=O)N2CCCC(C2)C3=CC(O)=CC(F)=C3,Z3684745215
O=C(C1CC(=NO1)C=2C=CC=CN2)N3CCCC(C3)NC4=CC=CC(Br)=C4,Z3685582275
"CC1=C(CN[C@@H]2CC(CN3C=CN=C3)C[C@H]2O)N(C)C=4C=CC=CC14 |&1:5,15,r|",Z3686122126
CC=1C=C(N=C(N1)C=2C=CC=CN2)N[C@@H]3CCN(C3)C4=CC(=O)N(C)C(=O)N4C,Z3686247409
"N#CC=1C=NC(N[C@@H]2CC(CN3C=CC=N3)C[C@H]2O)=C(Cl)C1 |&1:7,17,r|",Z3686305405
COC=1C=NC(C(=O)N[C@@H]2CCN(C2)C3=CC(=O)N(C)C(=O)N3C)=C(F)C1,Z3686955775
"CNC(=O)C[C@@H]1CN(C[C@H]1O)C(=O)NCC=2C=C(C=CC2OC)C3CC3 |&1:5,9,r|",Z3687010101
"COCCN1C=CC=2C=C(C=CC21)C(=O)N[C@@H]3CC(CN4C=CC=N4)C[C@H]3O |&1:16,26,r|",Z3687013553
"O=C(CCN1C(=NC=2C=CC=CC21)C3CC3)N[C@@H]4CC(CN5C=CC=N5)C[C@H]4O |&1:17,27,r|",Z3687020115
"O=C(N[C@@H]1CC(CN2C=CN=C2)C[C@H]1O)C=3OC=CC3C4CC4 |&1:3,13,r|",Z3687067776
C[C@@H]1COC[C@@](CO)(CNC(=O)C=2C=CN3N=NC=C3C2)N1C,Z3687119758
"NC(=O)C[C@@H]1CN(C[C@H]1O)C(=O)C=2NC=CC2C=3C=CC=CC3 |&1:4,8,r|",Z3687123455
CC(C)C1COCCN(C1)C(=O)C2=NNC=3C(=O)N(C)C=NC23,Z3687339382
COC=1C=CC=CC1CC(C)(C)C(=O)N2CC=3NC(=O)NC(=O)C3C2,Z3715478870
COCCOC=1C=CC=CC1N2CCN(CC2)C(=O)C3=CC=4C(C)=NN(C=5C=CC=CC5)C4S3,Z3765731414
CC1=NN2C=C(C=NC2=C1S(N)(=O)=O)C=3C=CC=C(C3)C4=NC=CN4,Z3765731527
C=C(C)CCN(CC(=O)NC)C(=O)C1=CC=C(NC(C)=O)C(F)=C1,Z3772485670
CC1=C(C=NC2=CC=NN12)C(=O)NS(=O)(=O)C3CCCC4=CC=CC=C43,Z3780688770
CC(NC1=CN(C)N=C1OCC(F)F)C(=O)N2CC(=O)NC3=CC=CC=C32,Z3789474126
"CC1=NN=C(O1)[C@]23CC[C@H]2CCN3C(=O)C=4N=CC(=CC4Cl)C(F)(F)F |&1:6,9,r|",Z3799776093
"CC=1OC=NC1CS(=O)(=O)NC(=O)[C@H]2[C@H]3CCC(F)(F)[C@@H]23 |&1:13,14,20,r|",Z3815174977
CN1CC=2C=C(C=CC2OC1=O)S(=O)(=O)N3CC[C@H](C3)OC=4C=CC=CC4,Z3818914125
"CCOC(=O)[C@@H]1C[C@H]1C2=NN=C(CN3C(CC)=NC4=CC=CC=C43)N2 |&1:5,7,r|",Z3827929893
COCCN1C=C2C(=NC=NC2=N1)NCCC3(C)COCCO3,Z3827962353
N#CC=1C=CC(=C(F)C1)N2CCC(CC2)C(=O)NC3COCCC3(F)F,Z3856755570
O=C(NCCNC=1C=CC=NN1)C=2C=CC=3NC=C(C3C2)C4CCNCC4,Z3864868444
N#CC=1C=CC(=NC1)N2CCC(CC2)C(=O)NC3(CC3)C4=CC=C(F)C(Cl)=C4,Z3867434385
COC=1C=CC(=CC1)C2=NN=C(O2)N3CCC(C3)OCC4=CC=CN=C4,Z3869998880
COC=1C=C(F)C=C(C1)C2=NOC(=N2)N3CCC(CC3)C4=CN=CO4,Z3870459536
CC=1N=C2C=NN(C)C2=CC1C(=O)N3CCC(CC3)OC=4C=CC(Cl)=CC4,Z3888116614
COCC=1C=C(NN1)C(=O)N2CCC(CC2)OC=3C=CC(Cl)=CC3,Z3888116800
COC=1C=CC=C2OC(=CC(=O)C12)C(=O)N3CCCC(C3)C=4C=CC(F)=C(O)C4,Z3888946014
CC=1C(F)=CC=CC1C(=O)NCC2(CCC(=O)N2)C=3C=CC=CC3,Z3893192740
CC(NC(=O)C1=CC=CN2C=NN=C12)C=3C=CC=C(C3)OC(F)F,Z3921743216
CC=1C=CC=2NC=C(CC(=O)NC(C)(C)CS(C)(=O)=O)C2C1,Z3937972035
O=C(C=1C=CC=C(C1)C2=NOC(O)=N2)N3CC(CC=4C=CC(F)=C(F)C4)C3,Z3965266860
CC1=CC(=NN1C=2C=CC=C(Cl)C2)C(=O)NC3(CC3)C=4C=CC=CN4,Z3989662843
O=C(CC1CC=CC1)NS(=O)(=O)C=2C=C(Cl)C=C3C=CC=NC23,Z4000746384
CC(C)(C)CC1=CC(=NN1)NC(=O)C2CCCC=3SC(N)=NC32,Z4002132697
CC1NC=2C=CC=CC2C1C(=O)NC=3C=CC(=CN3)N4CCC(CC4)N(C)C,Z4002277234
C[C@H](CC=1C=CC=2OC(C)CC2C1)NC(=O)CC3CNC4(CCC4)CO3,Z4003927627
CCNS(=O)(=O)C=1C=CC(F)=C(C1)C(=O)N2CCN(CC3=CC=CC(Cl)=C3)C(=O)C2,Z4021125040
COC=1C=CC=C2CN(CCC12)C(=O)C3=CC=CC4=NC(C)=NN34,Z4021616156
CCN1C=NN=C1CCNC2=CC(C)=NC3=C(C#N)C=NN23,Z4025333451
O[C@@H]1C[C@](CNC2=CC=NC3=C(Br)C=NN23)(C1)C=4C=CC=CC4,Z4026230436
"O=C(C=1C=NC(=CN1)N[C@@]23CC(=O)N[C@H]3CCCC2)N4CCCNCC4 |&1:9,14,r|",Z4028381675
CC(NC=1C=NC(=CN1)C(=O)N2CCNCC2)C=3C=CN(N3)C=4C=CC=CC4,Z4028398409
"C=1N=C2C=NC=CN2C1C3=NOC(=N3)[C@H]4CCN[C@H](C4)C=5C=CC=CC5 |&1:14,18,r|",Z4028575997
CC1=CNN=C1C(=O)NC(CCN(C)C(=O)C=2C=CC=C(C2)C(F)F)C(C)C,Z4034628210
O=C(NCC1CCCN1C(=O)C2=CC=CC(=O)N2)C3(CCCC3)C(F)F,Z4054339642
Cl.COC(=O)C=1C=CC(=CC1)C2=CN(CC(N)C(C)C)N=N2,Z7776710089
CN(C)C=1C=CC=CC1C=2C=CN=C(N2)N3CCNCC3,Z4081599097
CC=1C=CC(=C2C=CC=CC12)S(=O)(=O)NC(CC=3C=CC=CC3)C(=O)NCCC(N)=O,Z4083367915
C=CCC1(CCCCC1)C(=O)NC2CCN(CC2CO)C(=O)OC(C)(C)C,Z4088629271
CCN1N=CC=2C(=CC(=NC21)C3CC3)C(=O)NC4CCCN(C)C4C,Z4109551533
O=C(NC(CO)COCC=1C=CC=CC1)C2=CC(=NN2)C3CCCN3,Z4115543123
CCC1=CC(=CC(=O)N1)C(=O)NCCC2=C(C)NC=3C(Cl)=CC=C(Cl)C23,Z4119326238
COC=1C(F)=CC=CC1N(C)S(=O)(=O)C=2C=CC(F)=C3N=CC=CC23,Z4135999203
CC=1N=C(F)C=CC1NC(=O)NC2CCCC=3SC(=NC32)C=4C=CC(F)=CC4,Z4136868486
O=S(=O)(C=1C=CN(N1)C2CC2(F)F)N3CCNS(=O)(=O)CC3,Z4141961043
CN1N=C2CCOCC2=C1C(=O)NC3CCN(CC3)C4=NC=5C=CC=CC5N4,Z4150421313
CN(C(=O)CCN1C=CC2=CC=CN=C21)C=3C=CC=C4C=CNC34,Z4167598242
CC=1N=C(NC1C)C(C)NC(=O)C=2C=C3C=CC=NC3=NC2C4CC4,Z4176341949
COC=1C=CC(=CC1)C=2C=C(N=CN2)NC(CO)C=3C=CC=CC3,Z4203075090
O=S(=O)(CCC1=CC=CC(Cl)=C1)CC2=CC=NN2C3CCC3,Z4209033483
NC(=O)C1=CC=C(CNC(=O)N2CCN(CC2)C3=NN4C=C(N=C4S3)C=5C=CC(F)=CC5)O1,Z4225446309
CS(=O)(=O)C=1C=CC=2N=C(NC(=O)C3=CC=CN4N=CC=C34)SC2C1,Z4250992949
CC(NC(=O)C=1C=CC=C2C(C#N)=CNC12)C=3C=CC=C(C3)C(F)(F)F,Z4286577848
CC(C)C=1N=CC=2CN(CCC2N1)C(=O)C=3N=NNC3C4CC4,Z4293196334
O=C(CC1C=CCC1)N2CCC(CN3C=C(N=N3)C4CC4)C2,Z4327154285
CN1C=C(C=N1)CNC(=O)CC=2SC=NC2C3=CC=CS3,Z4365312936
O=C(NC1CC1)C=2C=C(N=C3C=CC=CC23)C=4C=NC=NC4,Z4368347736
CC1=CN2C=CN=C(C(=O)NCCOC=3C=C(F)C=C(F)C3)C2=N1,Z4372366544
CC1=CN2C=C(C=CC2=C1)C(=O)N3CC(F)CC3C=4N=NNN4,Z4400494748
CSCCONC(=O)CC1CN2N=C(C=C2NC1=O)C=3C=CC=CC3,Z4406244706
CC1CC(C1)(C(=O)NCC2(CCC2)C=3C=CC(F)=CC3)C=4N=NNN4,Z4414194432
CCOC(C)C=1N=C(C2=CN(C)N=C2C)N(N1)C=3C=CC(=CC3)C(C)C,Z4417529376
BrC=1C=CC(=CC1)C2=NNC=C2CN3CCN(CC3)C4CCOCC4,Z4421147356
CC(C)NC(=O)NC1CCN(CC1)C(=O)C=2C=CC=3CCN(C)C3C2,Z4424472937
CN1N=CC=C1C2(CC2)NC(=O)NC3=NC(=NS3)C(C)(C)C,Z4437118146
COC=1C=NC=C(C1)NC(=O)CN2C(=O)CCOC=3C=CC=CC32,Z4438322308
CCN1N=CC(CNC(=O)CC2=NC(=C(C)S2)C(C)C)=C1C,Z4469149746
O=C(CC1=CNC=2C=CC(F)=CC12)NCC3NCCC=4SC=CC43,Z4471742839
"O=C(C=1N=CN2C1COC=3C=CC=CC32)N4CC[C@H]5[C@H](O)C[C@H]54 |&1:18,19,22,r|",Z4477279625
O=C(C=1C=CC=2NC=CC2C1)N3CCN(CCC4CCOC4)CC3,Z4493814620
CC=1C(F)=CC=C2CCCN(C(=O)C3=CC(=O)NC4=CC(F)=CC=C34)C12,Z4499936433
O=C(NCC1=NC=2C=CC=CC2C(=O)N1)C3=CNC(=O)C4=CC=CC=C34,Z4499936462
CC(C=1C=CC(Cl)=C(Cl)C1)N(C)C(=O)C=2C=CN=C3N=NNC23,Z4500949702
CC=1C=CC=CC1C(NCC2=CC=C(O2)C=3N=NNN3)C(C)C,Z4509303550
"N#CC1=CC=C(N1)C(=O)N2C[C@H]3CCN(C(=O)C=4C=CC(=CC4)C5CC5)[C@H]3C2 |&1:11,26,r|",Z4510296803
COC=1C=CC(=CC1)C(CNC(=O)[C@@H]2C[C@H]2C(F)(F)F)C3=CNC=4C=CC=CC34,Z4512871358
O=C(NCC=1C=CC=2NC(=O)NC2C1)C=3C=CC=C(N3)C4=CC=CS4,Z4515316744
C=1OC(=NC1C2=NC(=NO2)C3CN4CCC3CC4)[C@@H]5CCCN5,Z4520051350
O=C(NC=1NN=NC1C(=O)N2CCCC2)N3CCCC=4OC=CC4C3,Z4521696429
CC1(CCN(C1)C(=O)C2CCC3(CC3(F)F)C2)NC(=O)C=4C=CNN4,Z4522000565
COC(=O)NC=1C=CC=CC1C(=O)N2CCC(CC2)C=3C=CC(C)=CC3,Z4525860445
"CC(C)N1C=C(C=N1)[C@@H]2CN(C[C@H]2CO)C=3C=CC4=NN=C(C5=CC=CC=C5F)N4N3 |&1:8,12,r|",Z4561573929
CC(C)(C)C1(CCC1)NC(=O)NCC2=NC(=NO2)C(F)F,Z4600073039
CN1C=C(NC(=O)CC=2C=CC=C(Cl)C2)C=3C=CC=CC3C1=O,Z4607538689
CC1(CCN(C1)C(=O)C2=CC(F)=CC=3C=CNC23)NC(=O)[C@@H]4CCCO4,Z4622705891
CC1=CC=CN2C(NC(=O)C=3C=CC=4CCCC(=O)NC4C3)=C(N=C12)C=5C=CC=CC5,Z4635112695
NC=1C=CC(=CN1)C(=O)NC=2C=CC=3NC(=NC3C2)C=4C=CC(F)=CC4,Z4655554219
O=C(O)C(F)(F)F.O=C(C=1NN=CC1C=2C=CN=CC2)N3CCC(O)(CC3)C4=CC=NN4,Z9005431686
CC(CC1=NC(=NN1C23CC(C2)C3)C=4C=CC=C(C4)S(C)(=O)=O)C=5C=CC=CC5,Z4685254817
O=C1N[C@@H](CC=2C=CC=CC2)C(=O)N1C=3C=NC=C(F)C3,Z4685274559
CNC(=O)CC1CCN(CC1)S(=O)(=O)C=2C=C(C=CC2NC3CCC3C4CC4)C(F)(F)F,Z4767405091
CN(CC=1C=CN=CC1)C(=O)C2=NNC=3N=CC(Br)=CC23,Z4783453270
CC=1C=CC2=C(C1)CC(C(=O)NC=3N=CC(Cl)=CC3O)S2(=O)=O,Z4872562837
COC(=O)C=1C=C(C)C=C(C1)C(=O)NC=2C=CC=C3C(=O)NC=CC23,Z4874088348
CC1=CNC=2N=CC=C(C=3C=CC=4OCCNC(=O)C4C3)C12,Z4879346639
CC1CNCCC1NC(=O)C=2C=C(C3=CC=CO3)N4C=NC(C(N)=O)=C4N2,Z4896601473
COC(=O)C(C)(C)CC1=CN(N=N1)C=2C=CC(=CC2)C(C)C,Z4909204066
COC=1C=CC(=CC1)N(CC2CC2)C(=O)CC3CC(C)(C)CO3,Z4919116098
CCOC=1C=CC=C(C1)C2=CN(N=N2)C=3C=CC(F)=NC3,Z4925952198
N#CC=1C=C(Cl)C=CC1N2C=C(N=N2)C=3C=CC(F)=NC3,Z4925952264
CN(C)C(=O)C=1C=CC(=CC1)CNC(=O)C2=NNC=C2C=3C=CC=CC3,Z4927734607
C[C@H](C=1C=CC=CC1)N(CC(N)=O)CC2=CN(N=N2)C3CCC=4C=CC(Cl)=CC43,Z4946723782
O=C(NC=1C=NN2C=CC=NC12)C(=O)N3CCCCC3C=4C=CC(Br)=CC4,Z4951929997
CS(=O)(=O)CC1=CC=C(Cl)C=C1S(=O)(=O)N2C3CCC2C(=O)NC3,Z4952367198
CCOC=1N=C(C)C=CC1C(=O)NCC2=NOC(=C2C)C=3C=CC=CC3,Z4952387968
NC(=O)C1=CC=CC(=C1)N2C=C(N=N2)C3=CC=CC(=C3)C(N)=O,Z4966623266
CN1C=C(Cl)C(=N1)C(=O)NC=2N=C(N=C3SC=CC23)C=4C=CC=CN4,Z4970360865
CN1N=C2CCOCC2=C1S(=O)(=O)N3CCN(CC3)C(=O)C=4C=CC(F)=CC4,Z4982127816
CC(C)(C)C1=NC=C(O1)S(=O)(=O)NCCN2CCCS2(=O)=O,Z4982265104
C[C@H](O)CCNC(=O)C=1C=C(C=C2C=CC=CC12)C3=NOC(=O)N3,Z5002946847
CC1(CC=2C=CC=C(Br)C2)CCCN1C=3C=CN=C(C#N)N3,Z5009890397
CC(C)(C)C(C(=O)NC(C(N)=O)C=1C=CC(Cl)=CC1)N2C=C(N=N2)C3(C)CCCO3,Z5009981245
COCC=1C=C(C=CC1OC)NS(=O)(=O)C2=CC3=CC(Cl)=CC=C3S2,Z5011985790
OC=1C=C(C=CC1F)C2=NOC(=N2)C=3C=C(C=CN3)C=4C=NC=5NC=CC5C4,Z5012236967
O=S(=O)(NCCNS(=O)(=O)C1CC1)C=2C=CC(=CC2)C=3C=CN=C4NC=CC34,Z5054164066
FC(F)COC=1C=CC=CC1CNCCC2=CC=C3NC=CC3=C2,Z5094201686
CC(C)(C)C1=NOC=C1CNS(=O)(=O)C=2C=C3NC(=O)NC3=CC2Br,Z5099553738
CN1C=C(NC(=O)NCC2=CN(N=C2C=3C=CN=CC3)C=4C=CC=CC4)C(=N1)C=5C=CN=CC5,Z5164709036
COC(=O)COCC1CCCN(C1)C=2N=CN=C3NC4=CC(Br)=CC=C4C23,Z5164718126
CN(C)C=1C=CC(=CC1)C2=CN(CC=3C=CC=CC3C#N)N=N2,Z5170580178
CN1CCN(CC1)C(=O)C=2C=CC(=CC2)C3=CNC4=NN=CC4=C3,Z5189148184
CC=1C=C(C(=O)NC=2C=CC=CC2NCC(F)(F)F)C=3NCCC(C)C3C1,Z5190931094
C1=NC(=CN1CC2=CN(CC=3C=CC=CC3)N=N2)C=4C=CC=CC4,Z5206876371
CC1(NC(=O)NC1=O)C=2C=CC(=CC2)C(=O)NCC=3C=CC(=CC3)CN4CCNC4=O,Z5208232124
O=C1NC=2CCNCC2C=C1C3=NOC(=N3)C4CCN(CC4)C5=NC=6C=CC=CC6O5,Z5210478288
CC(C)C(NC(=O)COC=1C=CC=CC1)C(=O)NC=2C=CC(=CC2)C=3C=COC3,Z5278737371
BrC=1C=CC(CC2=NC(=NO2)N3CCNCC3)=C4C=CC=CC14,Z5292446495
CC=1C=C(C=CC1F)N2C=C(N=N2)C3=CC=4CNCCC4S3,Z5292479175
CC1=NOC=2N=CC(=CC12)S(=O)(=O)NC3C4CCC5=CC=CC=C5C34,Z1470871816
COC(=O)NC1=CC=CC(NS(=O)(=O)C2=CC=C3C=CC=CC3=C2)=C1C,Z1973574782
CC=1C(=NNC1NC(=O)C=2C=CC(NC(=O)OC(C)(C)C)=C(C)C2)C3CC3,Z1472326705
CC(C)(O)C1CN(C1)C(=O)NC2CCN(C2)C(=O)CCC=3C=CC=CC3,Z1764987338
O=C(C1CC1)N2CCCN(CC2)C=3C=CC=CC3S(=O)(=O)C(F)F,Z1765277393
CC=1C=C(F)C(Br)=CC1NS(=O)(=O)C=2C=CC=C(Cl)C2O,Z2234689418
CC1=NC(CN2CCCC(C2)N(C)C(=O)C=3C=CC=C(C)C3O)=NO1,Z1284431430
CCCC1=NOC=2N=C(C=C(C(=O)NCCNC(=O)C=3C=CC(O)=CC3)C12)C4=CC=CO4,Z829039036
CC1=CC(=CC(C)=C1O)C2=NC=3C=CC(=CC3N2)S(C)(=O)=O,Z1527377102
CCN1C=CN=C(C1=O)N2CCN(CC2)C(=O)C=3C=CC(O)=CC3,Z1583342901
COCCCS(=O)(=O)N1CCN(CC1)C(=O)C=2C(F)=CC=CC2O,Z1724670631
O=C(C=1C=CC(O)=CC1)N2CCN(CC2)C=3C=C(N=CN3)N4CCCC4,Z1873989306
CN1CCN(C(=O)C=2C=CC(=NN2)N3CCCC3)C=4C=CC(F)=CC41,Z1276028636
CC(=O)NCC(=O)N[C@@H]1C[C@H](C1)C=2C=CC(=CC2)C(F)(F)F,Z1974708831
C=C(C)C1OCCC1CNC(=O)C2CCCCN2C(=O)C3=CC=CS3,Z1974810507
C=C(C)C1OCCC1CNC(=O)CCN2C(=O)SC(C)=C2C,Z1974816545
O=C(NCC1(CCOCC1)C2=CC=CC(Cl)=C2)C(O)C3CCCCC3,Z1783551292
COC(=O)C=1C=C(NC(=O)NC2CC(=O)N(C2)C3CC3C)C(Br)=CC1F,Z1278058799
COC=1N=CC(C)=CC1NC(=O)N2CCC(CC2)N(C)C=3C=CC=CC3,Z1370014153
COC=1C=CC(NC(=O)C=2C=CNN2)=C(C1)OCC=3C=CC=CC3,Z1786380090
CC(CNS(=O)(=O)C=1C=NN(C1)C=2C=CC=CC2)N3CCCCC3=O,Z1981232731
O=C(NCCOC1CCCCC1)C=2C=C(C=CN2)N3CCOCC3,Z1786731427
CC(NC(=O)C1CCN2C=CN=C2C1)C3=NN=C4C=CC=CN34,Z1489281829
O=C(N[C@H](CO)CC=1C=CC=CC1)C2(CCCC2)S(=O)(=O)C=3C=CC(Cl)=CC3,Z1787548035
O=C(CN1C(=O)NC(=O)C=2C=CC=CC21)NC=3C=CC=C(C3)N4CCCNC4=O,Z1285527287
CS(=O)(=O)NCC1=CC=C(O1)C(=O)N2CCCCCC3=CC=CC=C32,Z1376032653
COC=1C=CC=C2CN(CCC12)C(=O)C=3C=C(C=CC3C)NC(C)=O,Z1766758575
CSCC(C)C(=O)N1CCC(CC1)C(=O)NC2CCN(CC2)C=3N=CC=CN3,Z1994004119
CCC1=CC=2C(=NC=NC2S1)NC(C)COC3CCOC3,Z1378426532
COCCN1C=C(C=N1)NC(=O)NC2=NC=3CCCCCCC3S2,Z1995642729
CC=1C=CC(=C(C)C1)S(=O)(=O)NC(=O)C2CC32CCC=4C=CC=CC43,Z1291053451
CC1CCC=2C(=CSC2C1)C(=O)NS(=O)(=O)CC(F)(F)F,Z1291628310
CNC(=O)C1=CC(=CN1C)S(=O)(=O)N2CCCC(CN3C=CN=N3)C2,Z1498619459
CC(C)S(=O)(=O)N1CCC(CC1)NC2=NC3=C(C=NN3C)C(=O)N2,Z1883526230
COCC=1C=CC(=CC1)NCC2=C(C)N=C3SC(C)=NN23,Z1884151247
CC(C)OC1=CC=C(NC(=O)C2=CC=CN3C(=O)NN=C23)C(Cl)=C1,Z1768949177
CC=1C=CC=C2N=C(OC12)C3CCN(CC4=NN=NN4C5CC5)CC3,Z1771657520
O=S(=O)(CCC=1C=CC=2OCCC2C1)N(CC=3C=CC=CC3Cl)C4CC4,Z1888701459
CN1N=CC(C(=O)N2CCC(C2)NC(=O)NC=3C=CC(F)=CC3)=C1CC=4C=CC=CC4,Z1888870109
CN(C)S(=O)(=O)C=1C=CC(=CC1)S(=O)(=O)N(C)CC2(CO)CC2,Z1779170238
CC(=O)NC=1C=CC=C2C1CCCN2C(=O)CC3=CC=C(F)C(F)=C3,Z1389715608
O=C1C2CCCCN2C(=O)N1C=3C=CC=4N=C(OC4C3)C5CC5,Z1892039649
CN1C=C(NC(=O)NC2CCOC=3C(Cl)=CC=CC32)C(=N1)C(F)(F)F,Z1780793435
CCC1CCN(C1)C(=O)C2=NN(N=C2C)C=3C=CC=C(Cl)C3,Z1391185656
NC(=O)C[C@@H](NC(=O)C1=CNN=C1C=2C=CC=CC2F)C3=CC=CC(Cl)=C3,Z1391232269
O=C(NC(CN1CCCC1=O)C=2C=CC=CC2)C=3C=CC=C4NC=NC34,Z1480827045
O=C(OCC=1C=CC=CC1)N2CCN(CC2)C3=CC(=NC4=NC=NN34)C=5C=CC=CC5,Z1481172808
CC=1N=C(NC(=O)C2CN(C)CCO2)SC1CC=3C=CC(F)=CC3F,Z1894241723
COC=1C=CC(=CC1)C=2C=C(CSCC(=O)N3CCC(CC3)C(=O)N4CCCC4)ON2,Z1894057167
Cl.Cl.NCC(NC(=O)[C@@H]1CCCN1)C2=CC=C3C=CC=CC3=C2,Z2265283644
CC1=CSC(=N1)N(C)C(=O)CN2CCC=3C=CC=CC3C2=O,Z1927033854
CCOC=1C=CC(=CC1CO)NC(=O)C=2C=CN=C(C2)OC=3C=CC(F)=CC3F,Z1927455140
CCNC(=O)N1CCC2=CC=C(C=C21)NC(C)C3=CC=NN3C,Z1896066775
O=C(NCC=1C=C(F)C(Cl)=CC1F)C2=CNC=3C=CC=CC3C2=O,Z1929390142
CC1OCCC21CN(CC(C)O2)C(=O)NC=3C=NN(C3)CC=4C=CC=CC4,Z1930857990
CC(C)CCN1N=CC(NC(=O)N2CC(=O)N(C2)C3CC3)=C1C(C)C,Z1931092561
CN1N=C(C=C1NC(=O)NC2(C)CCS(=O)(=O)C2)C3CCCOC3,Z1931193791
N#CC=1C=CC(OCC2=NOC(=N2)C3CCCCC3)=C(Cl)C1,Z1478212268
CC=1C=CN2N=CC(C(=O)NC3CCCN(CC(F)(F)F)C3=O)=C2N1,Z1478851617
CC=1C=CC=2C=C(C=CC2N1)C(=O)N(C)C3CCS(=O)(=O)C3,Z1478487430
CC1=NC2=CC=NN2C=C1C(=O)NC=3C=C(C=CC3N4CCCCC4)C(N)=O,Z2254400642
CCNC(=O)C1=CC=C(C)C(=C1)NC(=O)C2=CC=NN2CC(F)(F)F,Z2254739468
CC=1C(C#N)=C(N=C2C=CC=CC12)N3CC(=O)NC(C)C3,Z2273974311
COCC1(O)CN(C1)S(=O)(=O)C=2C=CC=3OC(C)(C)CC3C2,Z2278652444
CN(C)C(=O)NC1CCCN(CCC=2C=CC(F)=C(F)C2)C1,Z2279590962
O=C(N[C@@H]1CCCC2=C(F)C=C(F)C=C21)C=3C=C4OCCN4N3,Z2282532285
CC=1C=CC=2C(=COC2C1C)CC(=O)NCC3(O)CCS(=O)(=O)C3,Z2283142108
CCN1C=CN=C1CNC(=O)C2=CC=3CCCCC3NC2=O,Z2283620891
COCC1(C)CCN(C1)C(=O)[C@@H]2CCCN2C(=O)NC=3C=CC=CC3,Z2284539247
COC=1C=CC(=CN1)C2=NC(=NO2)C3(CCCC3)S(C)(=O)=O,Z2286092688
CN1C(CC=2C=CSC2)=NN=C1N3CCCC=4C=CC=CC4CC3,Z2286768028
"CN1C(=O)C=2C=C(C=NC2N(C)C1=O)NC(=O)[C@@H]3C[C@H]3C4=CC=CC(Cl)=C4 |&1:17,19,r|",Z2291216742
COC(=O)C=1C=CC(=CC1OC)NC(=O)N[C@@H]2C[C@@H](C)OC=3C=CC=CC32,Z2294057910
CC1=NN2C=C(C=CC2=N1)NC(=O)N3CC4(CCCC4)C5=CC=CC=C53,Z2294104624
O=C(NCC1(CF)CCOCC1)N2CCC(CC2)OC3CCCC3,Z2294201338
O=C(NC1CCOC(C1)C=2C=CC=NC2)N3CCCC=4C=CC=CC4CC3,Z2294392313
CN1N=CC(NC(=O)N2CCCC(C)(F)C2)=C1C=3C=CC=CC3,Z2294414382
CC(=O)N(C=1C=CC(=CC1)NC(=O)N2CCN(CC2)C=3N=CC=NC3C)C4CC4,Z2295323051
COC=1C=CC=C2CC(COC12)NC(=O)C=3C=CC=C(C3)CC(=O)O,Z2295864894
CC1=NN(C)C(C)=C1C(=O)N[C@@H](CC(=O)O)C=2C=CC=3C=CC=CC3C2,Z2296007675
CC(C)N1N=CC=2C=C(C=NC21)C(=O)NC(C(=O)O)C=3C=CC=4OCCC4C3,Z2296018472
CC=1C=CC=C(C1C)C(NC(=O)C2CC=3C=CC=CC3O2)C(=O)O,Z2296025754
CC=1N=C(O)C=CC1C(=O)N2CCCC=3C=CC=CC3CC2,Z2297805415
NS(=O)(=O)C1=CC=C(O1)C(=O)N2CCOCC32CCCCC3,Z2298312812
CC1=C(OC2=C(C)C=CC(C)=C12)C(=O)N3CC(C3)S(C)(=O)=O,Z2299067047
O=C(N1CCC(CC1)C2=CC=CC(Cl)=C2)C3(CO)CCOCC3,Z2303429917
CC1=NC=CN1CC(=O)N2CC(CC3COCC(=O)N3)C=4C=CC=CC42,Z2303688473
O=C(NCC=1C=CC(=CC1F)C2CC2)N3CCCC(C3)N4C=C(CO)N=N4,Z2307920774
CCC1(C)CN(C1)C(=O)NC2CCC(CS(C)(=O)=O)CC2,Z2308831852
CCN1CC(CC1=O)NC(=O)N2CC(C)(CC(F)(F)F)C2,Z2309776686
COC1CCN(CC1C)C(=O)NCC2=NNC(=N2)C(C)(C)C,Z2311316702
COC1CC(NC(=O)N2CCC(CC2)C3=CNC4=NC=CC=C34)C51CCC5,Z2311465533
"CC=1C(=CC=CC1S(=O)(=O)NC(=O)[C@H]2C[C@@H]3CC[C@H]2O3)C(F)(F)F |&1:13,15,18,r|",Z2311814268
CC1CCCN(C1)C=2C=C(C=CN2)C(=O)N3CCCC4=CC(C#N)=CC=C43,Z2324010256
O=C(NCC1(O)CCS(=O)(=O)C1)C2=CSC(=N2)C3CCCCC3,Z2332486689
O=C(NC1=NC=C(S1)C2CC2)C3=CC=CN3C4CCCC4,Z2334831793
CN1N=CC=2CN(CCCC21)C(=O)C3=CN=C4C(C=NN4CC=5C=CC=CC5)=C3,Z2334879087
CCC=1N=C2C=CC(Cl)=CN2C1C(=O)NC(C)C3(CCC3)OC,Z2335287972
CC=1C=CC=C(C1)OC(C)C(=O)N2CCOC(C2)C(C)O,Z2335516802
CN1N=NN=C1CN2C(=O)NC(C)(C2=O)C=3C=CC=CC3Br,Z2341868100
COC(=O)C=1C=C(C)N=C2N=C(NC(=O)C12)SCCC=3C=NNC3,Z2345695697
O=C(NCC=1C=CC=CC1)N2CCC(CC2)N3CCCS3(=O)=O,Z2346737395
CCCN1C=C(C=N1)CN2CCCN(CC2)C=3N=CN=C4SC=C(C)C34,Z2347045968
COC=1C=CC(C)=CC1[C@H](C)NC=2C=CC(=CN2)C(=O)NC3CC3,Z2347926763
CC1=C(NC=2C(Cl)=CC=CC12)C(=O)N3CC(F)CC3CO,Z2348971595
CN1N=CC=C1C=2C=CC(=NN2)NCC=3C=CC(=CC3)C4CC4,Z2351684664
CC(C(=O)O)C=1C=CC=C(C1)NC(=O)C2CCN(CC2)C=3C=NC=CN3,Z2352632414
O=C(C=1C=CC=2NN=NC2N1)N3CCCOC(C3)C=4C=CC=CC4,Z2357664245
CC(C)(C(=O)NC=1C=NN(C1)CC(=O)N2CCOCC2)C3CCC(O)CC3,Z2357724281
O=S(=O)(C=1C=CC=CN1)N2CC3(CCCCC3)C2C=4C=CC=CC4,Z2359017446
COC=1C=CC=CC1S(=O)(=O)N(C)C(C)CC=2C=CC=C(F)C2,Z2359034115
CC(C)N1C=NC(=C1)S(=O)(=O)N2CCOC(C2)C3CCC3,Z2359067655
COCC1=CN=C(NC(=O)N2CCOC(C2)C3CCC3)S1,Z2361036679
O=C(NC1CCCC1)N2CCCC(C2)C3=NC(=NO3)C4=CN=CC=N4,Z2361297881
CCC(CC1CCCC1)C2=NC(=NO2)C=3C=CN=CC3OC,Z2370205543
CC1=NN=C2C=CC(=CN12)C3=NOC(=N3)C4CC(C)(C)OC=5C=CC=CC54,Z2370205776
"NC(=O)[C@@H]1CN(C[C@H]1C(F)(F)F)C(=O)N2CCC3=CC=CC=C32 |&1:3,7,r|",Z2370703528
CCCN1CC(CNC(=O)N2CC(C)OC(C2)C3CC3)CC1=O,Z2370917446
O=S(=O)(NC=1N=CN(CC(F)(F)F)N1)C=2C=CC=C3CCOC23,Z2371661072
CC1=CC(=CC(C)=N1)CNC(=O)C2=CN3N=CC=C3N=C2C,Z2372374802
COC=1C=CC=2CN(CC(C)(C)OC2C1)C(=O)C=3C=NN4CCCC34,Z2373753868
CC(C)(C)C=1C=CC(=NC1)C(=O)NC(CC2=CNC3=CC=CC=C23)C(=O)O,Z2376821114
O=C(NCC=1C=CC=C(N1)C(F)(F)F)N2CC3CCC2CN3,Z2377011515
CC=1C=C2N=CC(C(=O)NC3CCC(CC3)N4CCNCC4)=C(C)N2N1,Z2378687143
COCC1(CCCN1C(=O)C2CCCN(C2)C(=O)N3CCCC3)C(=O)O,Z2386666517
CC(OC=1C=CC=C(C1)OCCC2CCNCC2)C(N)=O,Z2395977693
CC=1C=CC(=CC1Cl)N2C=NC(=O)N2CCC3CCNC3,Z2395982206
COC1CCC(CC(=O)N(C)CC(C)(O)C=2C=CC=CC2)CC1,Z2408089583
"CC(C)[C@H]1OCCC[C@H]1C(=O)NS(=O)(=O)C=2C=NC=CN2 |&1:3,8,r|",Z2410161775
CNC=1C=CC(Cl)=C(C1)C(=O)N2CCCC(C2)N3C=C(CO)N=N3,Z2410501597
COC(CS(=O)(=O)N1CCCC(C1)C2=NN=CN2)C(C)C,Z2435222968
O=C(O)C1(CNC(=O)N2CCCC(C2)C3=NC=4C=CC=CC4N3)CCOCC1,Z2438603393
CN(C)C=1N=CN=C2CCN(CC12)C(=O)C=3C=CC(=CC3)C(=O)O,Z2442492758
O=C(O)C=1C=CC(=CC1)C(=O)N2CCC(CC3=NC4=CC=CC=C4N3)CC2,Z2442967527
CC=1CCC(CC1C)C(=O)NS(=O)(=O)C=2C=NC=C(Cl)C2,Z2443444581
C1=CC(=CN=C1)COC=2C=CC(=CC2)CC3=NOC(=N3)C4CCC=5N=CN=CC5C4,Z2444355017
CC1CCN(CC1C(=O)O)C(=O)NC2=CNN=C2C3=NC=CS3,Z2446368691
O=C(C1=CN(N=N1)C2CCC2)N3CCC4=C(C=NN4C=5C=CC=CC5)C3,Z2455028576
O=C(NC1(CC1)C=2C=CC=CC2Cl)C=3C=CC(=NC3)N4CCOCC4,Z2457249545
O=C(O)C1(CCC1)C(=O)NC2CCCOC=3C(Cl)=CC=CC32,Z2460768294
O=C(O)C=1C=CC=C(C1)C=2C=CC=C3NC(=O)CCCC23,Z2465764919
COC=1C=CC(=CC1)CC2CCCCN2C(=O)NC=3C=CN=CC3,Z2474971640
CNC(=O)C(C)(C)CNC(=O)NCC=1C=CC=C(C1)OC2=CC=CC=C2F,Z2477338554
CC1(C)CN(C=2N=CN=C3C=C(Br)SC23)C1C=4C=CN=CC4,Z2479220531
O=C(NC12CCC(CC1)(CC2)C(F)(F)F)C3CCCS(=O)(=O)C3,Z2481349951
CC(C)(C)N1CCC(CNC(=O)C=2C=CC=C(C2)C(=O)O)C1,Z2491115399
CCNC(=O)N1CCC2=CC=C(C=C21)NC(=O)CN3N=C(C)N(C)C3=O,Z2493574907
O=C(NC=1C=CC(=NN1)C2CC2)NC3(CC3)C=4C=CC=C(C4)OC(F)(F)F,Z2494701632
CC1=NOC(C)=C1CCNC(=O)N2CCC(CCC=3C=CC(F)=CC3F)CC2,Z2495666746
COC=1C=CC2=C(C=NN2C1)C(=O)N3CCCC(CNS(N)(=O)=O)C3,Z2495933642
CN1CCN(CC1)C(=O)CC=2C=CC(=CC2)NC(=O)C3=CC(=O)NC(=N3)C4CC4,Z2496099550
CC(=O)N1CCC(CNC(=O)C=2C=CC(=CC2F)C(F)F)C1,Z2499429938
NS(=O)(=O)N1CCC(CC1)C(=O)NC=2C=CN(N2)C=3C=CC(Cl)=CC3,Z2500769944
CC=1C=C(C=CC1N2C=NN=N2)C3=NC(=NO3)C4(CCC4)C=5C=CN=CC5,Z2505229212
CC1NC(=NN(C=2C=CC=CC2)C1=O)C3=NC(=NO3)C4(CCC4)C=5C=CN=CC5,Z2505229345
CC(C)(C)OC(=O)N1CCCC(C1)C2=NN=C3COCCN23,Z2523774299
CC(NCC1=NN=C2CCOCCN12)C=3C=CC(=CC3)OCC=4C=CC(F)=CC4,Z2523910173
OC1(CCOCC1)C2=CN(CCOC=3C=CC(Cl)=CC3)N=N2,Z2527331286
COC=1C=CC(=CC1)CCC2=NN=C(NC3CCOC3)O2,Z2528121338
COCC(NS(=O)(=O)C=1C=C(C)C=CC1Cl)C=2C=CC=C(C2)OC,Z2581217508
CC=1C=C(CN2C=NC3=C2C(=O)N(C)C(=O)N3C)N=C(C)N1,Z2588946404
CCC1=NN=C(CN2C=NC=3C=CC=C(OC)C3C2=O)S1,Z2589347300
CN1N=CC(Cl)=C1C(=O)N(CCC(=O)O)CC2CCCO2,Z2595560081
COC=1C=CC=C(C(=O)NC=2C=CC(=CC2)CC(C)C(=O)O)C1C,Z2595595297
"COC=1C=CC(CCC(=O)N[C@H]2CCC[C@H]2C(=O)O)=C(Br)C1 |&1:11,15,r|",Z2595616047
COC=1C=CC(Cl)=CC1N2CCC(C2)NC(=O)NCC3C(C)(C)C3(F)F,Z2600841655
CC1(C)C(CNC(=O)NCC2=CC=CC=3C=CSC23)C1(F)F,Z2602678060
O=C(O)CC1(CCOCC1)NC(=O)C2=CC(=NS2)C=3C=CC=CC3,Z2607686028
NC(=O)C1CCCN(CCCNC=2N=CN=C3C2N=CN3C=4C=CC=CC4)C1,Z2611284887
NC(=O)C(C=1C=CC=CC1)N2CCN(CC2)C(=O)NCC3=CC=C4OC=CC4=C3,Z2611350385
CN1N=NC=2C(=NC=NC21)NC=3C=CN(CCN4CCOCC4)N3,Z2611561986
CC12CC(C1)CN2C(=O)NCC=3C=CC=CC3C=4C=CC(=CC4)CN5C=CC=N5,Z2613331106
C1=C(NN=C1C2CCN(CC2)C=3C=NC=CN3)C=4C=CN=CC4,Z2613512141
CC1=NNC(CN2CC=3C=NN(C=4C=CC=CC4)C3CC(C)(C)C2)=N1,Z2617081984
O=C(NC1=NN=C(S1)C23CC4CC(CC(C4)C3)C2)N5CCC(O)C(F)(F)C5,Z2619732467
CN(C(=O)[C@@H]1CC[C@H](CC1)C2CCC2)C=3C=CC(=CC3)C(N)=O,Z2623451259
CN1C(=O)CCC1CC(=O)NC2=CC=C3NC(=O)CCCC3=C2,Z2627561439
CCOC=1C=C(C=CC1OCC(=O)O)C(=O)N2CCOCC3(CC3)C2,Z2627897765
CCN1CCN(CC1)C2CCN(C2)C(=O)CC3=CSC=N3,Z2628082343
"CC(=O)N1C[C@H]2OC(=O)N(C3CCN(CC4=CC=C(C)O4)CC3)[C@H]2C1 |&1:5,23,r|",Z2629244569
NC(=O)N1CCC=2C=C(C=CC21)NC(=O)CN3CCC(NC3=O)C=4C=CC=CC4,Z2634907166
O=C(NCC1(CC=2C=CC=CC2)CCCCC1)C3CCCC=4NN=NC43,Z2636359231
CN1C=CC(=N1)NC=2C=CC(=CC2)C(=O)N3C[C@@H](O)C[C@H]3CO,Z2636491417
COC=1C=NC=CC1CNC(=O)C=2C=CC3=C(C2)NC(=O)N3C4CC4,Z2638137721
CC1(C)CC(CO1)NC(=O)C2=CSC(=N2)C=3C=NC=CN3,Z2642998815
"CSCC=1C=C(C=CC1F)C(=O)NC[C@@H]2OCCN(C)[C@H]2C=3C=NN(C)C3 |&1:14,20,r|",Z2646009252
CC1N(C(=O)CC2=NNC=3CCCCC23)C=4C=CC=CC4C1(C)C,Z2646273247
"CN1N=CC=C1[C@@H]2OCCC[C@H]2CNC(=O)C3=COC=4C=CC=CC34 |&1:6,11,r|",Z2646605465
CC=1C=CC(=CC1C2=NC(=NO2)C(C)C3=CC=CO3)S(=O)(=O)N(C)C,Z2657604669
CC1(CN(C1)C(=O)C(=O)N2CCC(C2)N3CCCC3=O)C=4C=CC=CC4,Z2657792106
O=C(CN1CCC(NC1=O)C=2C=CC=CC2)N3CCC=4C=CC(O)=CC4CC3,Z2657884673
CC1(CC(=NO1)C=2C=CC=CC2)C(=O)NCC3(CO)CC4(CCC4)C3,Z2660284810
CN(C(=O)C=1C=C(O)N(C)N1)C=2C=CC(=CC2)OCC=3C=CC=CC3,Z2669251863
NC=1N=CC=2CCN(CC2N1)C(=O)CNC=3C=CC=C(C3)C(F)(F)F,Z2691675470
CC1CC(CN1C(=O)NCC=2C=CC=NC2)C=3C=CC(Br)=CC3,Z2697237249
COC=1C=CC=CC1[C@H](O)CNC2CCC=3C=C(F)C(Cl)=CC32,Z2699242981
CC(CC1=NC(=NO1)C=2C=CC(=CC2)S(C)(=O)=O)C(F)(F)F,Z2700366874
OC(CN1CCC(O)(C1)C=2C=CC(F)=CC2)CC3(O)CCC3,Z2704025581
CC(C)N1CCN(CC1)C2CCN(C2)C(=O)CC3=CC=CC4=CN=CC=C34,Z2707674630
O=C(CC=1C=CC(=NC1)C(F)(F)F)N2CCC(CC2)N3CCCCC3=O,Z2707929711
COC=1C=C(C)C=CC1OC=2C=CC(=CN2)NC(=O)NC34CC3COC4(C)C,Z2708702631
CC1=CN(N=C1NC(=O)NCC=2C=CC=CC2CC(F)(F)F)C3CCCCC3,Z2709996289
COC1=NN(C)C=C1NC(=O)N2CC(CC=3C=CC=CC3Br)C2,Z2710231024
CC=1C(=CC=C(F)C1N2C(=O)CNC2=O)NC(=O)CC(C3CCC3)C4CCC4,Z2712039901
CN1N=CC=C1C2CCCN(C2)C(=O)C=3C=NN(C3)C4CC4,Z2712043105
COCC(NC(=O)C1=CN=C(S1)C2(C)OCCO2)C=3C=CC=C(C3)OC,Z2715499911
COC=1C=CC(Cl)=CC1C(=O)N2CCC(CC2)OC3=CC=CC(F)=C3,Z2717053095
CCS(=O)(=O)C1CCN(CC1)C(=O)CCC=2C=CC=3OCCOC3C2,Z1883443247
O=C(NC1CC1)C=2C=CC(=CC2)NS(=O)(=O)C3=CNC(=O)S3,Z2234661709
CSC1=NN=NN1C=2C=CC=C(C2)NS(=O)(=O)C3=CC=CC(Cl)=C3O,Z2234675204
O=C(NCC=1C=CC(=C(F)C1)N2C=CN=C2)C3=CC=C(O)C(Cl)=C3,Z829261858
O=C(NCC=1C=CC=C(N1)N2CCOCC2)C=3C=CC=4CCCCC4C3O,Z1732896217
O=C(C=1C=CC=2CCCC2C1)N3CCN(CC3)C(=O)C=4C=CC=CC4O,Z648248672
CC1=CC(C)=C(CC(=O)N2CCN(CC2)C(=O)C=3C=CC(O)=CC3)C(C)=C1,Z1583985745
CC1=NC(CC2CCCN(C2)C(=O)C=3C(O)=CC=CC3F)=NO1,Z1724383788
O=C(NC1(CCCCCC1)C2=NOC(=N2)C3CCCO3)C4=CSN=N4,Z1481636871
NC(=O)C1=CC(=CN1)C(=O)N[C@@H]2C[C@H](C2)C=3C=CC=CC3F,Z1974716615
CC1=NN=NN1C(CC=2C=CC=CC2)C(=O)NOCC3=CC=CN=C3,Z1481902636
COC=1C=C(C=CC1C)C(=O)N2CCN(CC2)C(=O)C3=CC(C#N)=CS3,Z1367297370
CC(C)N1C(=NC=2C=CC=CC21)C3CCCN(C3)C(=O)CC4=CN=CS4,Z1783866198
CN(CC1=CC=2C=CC=CC2N1)C(=O)C=3C=CC(=CC3)N4CCCC(C4)C(N)=O,Z1368693720
CC=1CCCC1C(=O)N2CCN(CC2)C(=O)C=3C=CC=4NC=NC4C3,Z1482316117
CS(=O)(=O)N1CCN(CC=2C=CC=CC21)C(=O)CC3=CN=CS3,Z1779439658
CCC1=CSC(=N1)NC(=O)NCCNC=2N=CC(Cl)=CC2Cl,Z1278469638
Cl.CC1CCCN1C(=O)CCN2CCN(CC2)C=3N=CN=C4SC=CC34,Z3339312729
C[C@H](NC1=CC(=NC2=NC=NN12)C=3C=CC=CC3)C=4C=CC(Cl)=CN4,Z1980873656
CNC(=O)[C@H](CC1=CNC=2C=CC=CC12)NC(=O)C3=CC(C#N)=C(NC3=O)SC,Z1282399833
COC=1C=CC=2CCN(CCC2C1)C(=O)C(OC)C=3C=CC=CC3,Z1786515928
NC=1C(=O)NC(=O)NC1C(=O)NC=2C=CC(=CC2)CCC(F)(F)F,Z1374277957
CCN1CCN(CCNS(=O)(=O)C=2C=CC(C)=C(C2)N(C)C)CC1,Z1788015433
C=1C=CC2=C(C1)SC3=NC=NC(NCC4CN(CCO4)C5CC5)=C23,Z1994071511
CN(C)C=1N=CC=CC1NC(=O)C2=CN3CCCCC3=N2,Z1993993378
CC=1C=CN2N=CC(C(=O)N3CCCCCC3C=CC=4C=CC=CC4)=C2N1,Z1376313445
O=S(=O)(C1CC1)N2CCC(CC2)NC=3C=NC=C(N3)N4C=CC=N4,Z1378427407
O=C(NC=1C=NN(C1)CC=2C=CN=CC2)C=3C=NN4CCCCC34,Z1495016553
O=C(NCCC=1C=CC=2NC=CC2C1)N3CCN(CC4CCOCC4)CC3,Z1997318233
CCN(C(=O)C=1C=CC2=CC(=CC=C2C1)OC)C3CCNC3=O,Z1998201890
COC=1C=CC(C)=CC1S(=O)(=O)N2CCN(C[C@H]2C)C3CCOCC3,Z1998486368
CC1=NOC=2N=CN=C(C12)N3CCC4=C(C=NN4C=5C=CC=CC5)C3,Z1999900472
CCC1=C(C=NN1C(C)(C)C)C(=O)NCC2=NNC(=O)N2,Z1381953175
CC(NC(=O)N1CCC(C)C1CO)C=2C=CC(F)=CC2Cl,Z1798800823
CC1COC=2C=CC=CC2N1C(=O)CN3C=NC4=C3C(=O)N(C)C(=O)N4C,Z1297160981
CN1C=C(C=N1)C2=NN(C)C=C2C(=O)N3CCC(CC3)C(F)F,Z1766347754
CC1=CC(=CO1)C(=O)NC2(CCOCC2)C=3C=CC(F)=CC3F,Z1766523232
CCOC1CC(O)(CNC(=O)CN2C(=O)C=C(O)C=C2C)C1,Z1887389764
CC(NCC1=NC=2C=CC=CC2N1C(F)F)C3=NC4=CC=CC=C4N3C(F)F,Z1770739747
CC(NC(=O)C=1C=NN(C)C1CC=2C=CC=CC2)C=3C=C(F)C=CC3N4CCC(O)CC4,Z1889166528
CC=1C=CC(=CC1Br)CSC2=NN=C(C=3C=CC=CN3)N2CC4=CC=CO4,Z1778563632
CC(C)(CC(=O)OCC1=NC2=CC=CC=C2S(=O)(=O)N1)CC=3C=CC(Cl)=CC3,Z1778911020
COC1(CCOCC1)C2=NOC(CCC=3C=CC=CC3C)=N2,Z1891504714
C1=CNC(=N1)C(NCC=2C=CC(=CC2)N3C=CN=C3)C=4C=CC=CC4,Z1782288716
CCCC1(COC)CCCN1C(=O)N[C@@H](C)C2=CC=CC(O)=C2,Z1897721497
FC(F)(F)CN1C(=CN=C1SCC2=NC=CS2)C=3C=CC=CC3,Z1480995115
COCC1=NC(=NO1)C2COCCN2C(=O)C3=CC=NC(C)=C3,Z1927605792
CC(C)(C)C(=O)NC1CCC(CC1)C(=O)N2CCC(CCO)C2,Z1927471367
O=C(CN1C(=CC=2C=CC=CC21)C=3C=CC=CC3)N4CCCC5(C4)NC(=O)NC5=O,Z1929437017
CC(C)C1CN(C(=O)NCCN2C=CC=N2)C3=CC=CC=C31,Z1897015548
COCCOC1CC(CO)CN(C1)S(=O)(=O)C2=CC(F)=CC=C2C,Z1897223058
CCCC1=C(C=NN1C=2C=CC=CC2C)NCC3=NN=NN3C(C)(C)C,Z1929947510
O=C(NCCC1=CN2C=CC=CC2=N1)N3CC(=O)N(C3)C4CC4,Z1930750423
CCC(=O)N1CCC(C1)C(=O)N2CCCN(CC2)C3CCCC3,Z1479262483
CC1(C)CC(NC(=O)NC=2C=CN(CC(F)(F)F)N2)C3=CC=CC=C31,Z1479102947
CC1=NN=C(C=2C=CC=C(C2)NC(=O)C=3C=CC=4NC(=O)C(=O)NC4C3)N1C,Z1479609847
COC=1C=CC=2CN(CCC2C1)C=3N=C(C)N=C4CCNCCC34,Z2573688284
CC1=CC=CN2C(=O)C=C(CN3C=C(N=N3)C(O)C=4C=CC=CC4)N=C12,Z2845297271
CN1CCCC(C(=O)NCC(C2=CC=CS2)N3CCCC3)C1=O,Z2253802723
CC1=C(N=NN1C=2C=NN(C)C2)C(=O)NC=3C=CC(=NC3)N4CCN(C)CC4,Z2254414368
"CC=1C=CC=2OC(=CC2C1)C(=O)N[C@H]3CCC[C@H]3C(=O)O |&1:13,17,r|",Z2256404730
CCOC=1C=CC=CC1N2CCN(CC2)C(=O)C3=CN(N=N3)C4=CC=CN=C4,Z2256643453
CC=1C=CC=C(C1)N2CCN(CC2)C(=O)C3=CN(CC4CC4)N=N3,Z2259064371
O=C1CCCN1C2CCN(CC3=CN=C(CCC=4C=CC=CC4)S3)C2,Z2262678971
"O=C(C1=CN=C(CC=2C=CC(F)=CC2)S1)N3CC[C@H]4CNC[C@H]43 |&1:18,22,r|",Z2441592717
O=C(NC=1C=C(NN1)C2CCCC2)C=3C=CN(CCN4C=CC=N4)N3,Z2269211634
CCC=1C=CC=2N=CC=C(C2C1)N3CCC(CC3)N4C=CN=N4,Z2272218961
O=C(NC1CN(C1)S(=O)(=O)C2=CC=C3OCCOC3=C2)C4CC4(F)F,Z2272286599
CC=1C=C(C=CC1OCCO)NC(=O)C2=CC(=NN2C)C(F)(F)F,Z2272836939
CN1C=NC=2C(=NC=NC21)N3CCC[C@H]3COC=4C=CC=CC4,Z2273496689
CN1CCN(C=2C=NC=CC21)S(=O)(=O)C=3C=CC(=CC3)C4CC4,Z2275004452
COC(C)CS(=O)(=O)NC1=CC=NN1C=2C=CC(Br)=CN2,Z2275173494
CCOC=1C=CN=CC1S(=O)(=O)N2CCOC=3N=CC(C)=CC32,Z2277154898
CN(C)C=1C=CN=CC1C(=O)N2CCCC(CC(C)(C)C(N)=O)C2,Z2283155290
O=C(C=1C=CC(=NC1)N2C=NC=3C=CC=CC32)N4CCC(O)(C4)C(F)F,Z2283954497
O=C1CCCN1CC=2C=CC(=CC2)C3=NOC(CC=4C=CC(O)=C(F)C4)=N3,Z2285794424
CN1N=C(C2=NC(=NO2)C3=NN=C(N3)C4CC4)C=5CCCCC51,Z2286351077
O=C(NS(=O)(=O)C=1C=CC=2OCCC2C1)C=3C=C4CCCCN4N3,Z2288148963
O=C(NS(=O)(=O)CCC1CCCC1)C=2C=C3OCCN3N2,Z2289242825
CN(CC1=NC=CN1C)C(=O)C2CN(C2)C(=O)C3CCCCC3,Z2290908359
CC1C(O)CCCN1C(=O)NC2CCN(C2)C3=CC=C(Cl)C(F)=C3,Z2292087339
CC(NC(=O)C1OCCC=2C=CC=CC21)C=3C=CC(=CC3)OCC(=O)O,Z2296014713
CN(C)C(=O)N1CCC(CC1)C(=O)NC(C(=O)O)C=2C=CC=3OCCC3C2,Z2296018589
CCN1C=CN=C1C(C)NC(=O)C=2C=CC=3C(=O)N(CC)C(=O)NC3C2,Z2297869335
"CC=1C=CC=C(C1)C2(CCCC2)C(=O)N[C@@H]3COC[C@H]3O |&1:15,19,r|",Z2298010517
CC1=NOC(CCCC(=O)N2CCOCC32CCCCC3)=N1,Z2298312796
CC1CN(CC(F)(F)F)CCN(C1)C(=O)C=2C=NC=3NC(=O)NC3C2,Z2298458809
"CC1=CN(N=C1C(=O)N[C@H]2CC[C@H](C2)C(N)=O)C=3C(F)=CC=CC3F |&1:9,12,r|",Z2298962811
CCC1=NC(C)=C(O1)C(=O)N2CCC(C(F)(F)F)C3(CCOCC3)C2,Z2304182961
CC=1C=CC=2C(=O)N(CC(=O)NC3(C)CC=CCC3)C(=O)C2C1,Z2305938224
CC1(NC(=O)NC1=O)C2=CC=CC(=C2)C(=O)NC3(C)CC=CCC3,Z2305945149
O=C(NCC1CCCN(C1)C=2C=CC=CC2)N3CCCC(O)CC3,Z2307586042
O=C(NC[C@H]1CCCO1)N2CCC=3C=CC=CC3[C@@H]2C=4C=CC=CC4,Z2309272686
CN1C=NC=2CN(CCC2C1=O)C(=O)NC3CCCC=4C(F)=CC(Cl)=CC43,Z2310725177
C[C@H](NC(=O)N1CCN2C(=NN=C2C1C)C3CCCC3)C4=CN=CC(F)=C4,Z2311107903
"CC[C@@H]1OCC[C@H]1NC(=O)N2CCCC(CC(C)(C)C(N)=O)C2 |&1:2,6,r|",Z2311510936
CCC=1N=C(NC(=O)NC(CO)CC(O)C=2C=CC=CC2)SC1C(C)(C)C,Z2313447682
CN1N=CC=C1C(CO)NC2CC(C)(C2)C=3C=CC=CC3,Z2313476136
CNC=1N=C(C)C=C(N1)C(=O)N2CC3CCCN3CC=4C=CC=CC42,Z2316306473
CC=1C=CC(=NN1)C(=O)NC2=NN=C(S2)C34CC5CC(CC(C5)C4)C3,Z2328718753
O=C(CCC=1C=CC=CC1)N2CCC(CC2)NC(=O)C=3C=CC4=CN=CC=C4N3,Z2329310895
O=C(C1CCSC=2C=CC=CC21)N3CCC(CC3)C=4C=CN=CN4,Z2334852694
CC=1C=CC(=NC1C)C(=O)N2CCC(CC2)C=3C=CN=CN3,Z2334855084
COC1(CCC1)C(C)NC(=O)C2=CC=3C=C(Br)C=CC3N2,Z2335283404
CN(CC1=NOC(=N1)C2CC2)C(=O)C=3C=CC=4C=CC=CC4N3,Z2335555208
O=S1(=O)CCCN1C2CCN(CC2)C=3N=CN=C4C=CSC34,Z2348114453
CC=1C=C(F)C=CC1C2CCCN2C(=O)NCC3CNC(=O)C3,Z2348525834
O=C(C=1C=C(C=CC1F)N2CCCC2=O)N3CC(O)CC3C=4C=CC=CC4,Z2349743556
CC1=C(SC=2N=C(C)N=C(N)C12)C(=O)NC3=NC=CN3C4CC4,Z2350656671
"CC(NC[C@H]1[C@H](C=2C=CC=CC2)C1(C)C)C=3C=CC(=CC3)C(=O)N(C)C |&1:4,5,r|",Z2351268677
O=C(O)[C@H]1C[C@H](C1)NC(=O)C2=CC=3C=CC=CC3C(=O)N2,Z2352639472
CC=1N=CC(=CC1C#N)S(=O)(=O)NCCN2CC=C(CC2)C(C)(C)C,Z2352746259
CN1C(=O)C(=CC=2C=CC=CC21)CNC(=O)NCCCC(=O)O,Z2353374901
O=C(NC=1C=C(NN1)C2CCOCC2)C=3C=CC(=CC3)S(=O)(=O)C4CCC4,Z2357733376
CC(C)N1CCN(CC1)C=2C=CC=C(C2)NC(=O)C=3C=CC=4NN=NC4N3,Z2357841048
O=C(O)C=1C=CC=C(N1)NCC=2C=CC=C(C2)N3C(=O)NC4(CCCC4)C3=O,Z2358680897
O=C(O)C(F)(F)F.N#CC=1C=CC(Cl)=CC1N2CCCC(C2)N3CCNCC3=O,Z8878868038
O=C(NS(=O)(=O)C=1C=CC=C2OC(F)(F)OC12)C3C4CCCCC34,Z2368849994
CN1CCCN(CC1)C2=CC=C(C=N2)C3=NOC(=N3)C4CC5C=CC4C5,Z2370151460
CC1=CC(=NN1C(C)C)NC(=O)C=2C=CC(=CC2)N3CCC(O)CC3,Z2373807400
CN(C)C1CCC(CC1)NC(=O)NC23CCC(CC2)CC3,Z2375298120
O=C(NCC1CCN(C1)C=2C=CC(Cl)=CC2)C3=CC=4OCCOC4C=N3,Z2406421462
O=C(N1CCCC(C1)N2C=CN=N2)C3(CCCC3)C(F)(F)F,Z2407946674
CC(C)N1N=CC=C1C(=O)N2C[C@H]3OC=4C(F)=CC=C(F)C4O[C@H]3C2,Z2407953404
CC1CCN(CC1)C(=O)C(=O)N2CC3(CCC3)C2C4CCOCC4,Z2408265516
CC=1C=CC(=NN1)C(=O)N2CCC(CC2)C3=NNC(=O)O3,Z2410036484
CC(=O)N1CCN(CC1)C(=O)CCNC(=O)NC2CC3CC3C2,Z2413220368
O=C(NCCC=1C=CC=2OCCC2C1)N3CC4(CCC4)C3C5CCOCC5,Z2413289602
"N#C[C@H]1CC[C@H](C1)NC(=O)N2CCOC(C2)C3=CC=C(F)C=C3Cl |&1:2,5,r|",Z2414634649
CC(C)CN1C=C(C=N1)NC(=O)N2CC[C@@H](C2)OC=3C=CC=CC3,Z2439079264
CC=1C=C(C=CC1NC(=O)CCNC(C)C)N2CCNC2=O,Z2439642353
CC=1C=CC=C2C1SC(=O)N2CC(=O)N3CCCCC3C,Z2442459024
CC=1CCC(CC1C)C(=O)NS(=O)(=O)C=2C=CC=3NC(=O)CCC3C2,Z2442888337
O=C(CC=1C=NN2C=CC=CC12)N3CCCC(C3)N4C=CC(=N4)C(F)(F)F,Z2453744357
CC(C)C[C@H](NC(=O)C=1C=C2C=C(Cl)C=CN2N1)C(=O)N3CCOCC3,Z2454356905
CC(C)(C(=O)O)C(=O)NCC1=CC=CC(=C1)NC(=O)C2CCCO2,Z2460730835
O=C(O)C1(CCC1)C(=O)NCC=2C=CN=C(C2)OC=3C=CC(F)=CC3,Z2460755348
COC=1C=CC=CC1COC2CCN(CC2)C(=O)C3(CCC3)C(=O)O,Z2460756973
CC(C)(C(=O)O)C(=O)N1CCC(CC1)C(=O)NC=2C=CC(Br)=CN2,Z2467056806
CC1=CN(N=C1NC(=O)CC=2C(C)=NN(CC3CC3)C2C)C(C)C,Z2474547550
CC(=O)NC1=NC(=CS1)C(=O)N2CC(C)(C)C3=CC=C(F)C=C32,Z2476050479
"CC1=NOC(C)=C1S(=O)(=O)NC(=O)[C@H]2C[C@H]2C(=O)N(C)C |&1:13,15,r|",Z2478686718
OC1(CC1)C2CCN(CC3=CN=NN3CC=4C=CC=CC4)CC2,Z2481205976
CC(C)S(=O)(=O)N1CCC(CC1)NC(=O)C2=CN(C=N2)C=3C=CC=CC3,Z2481290980
CC1=CN(N=C1NC(=O)CC2=CN3CCCCC3=N2)C(C)C,Z2481367100
CC=1C=CN=CC1CNC=2C=CC(C(=O)N3CCCCC3C)=C(Cl)C2,Z2481642453
CC(C(=O)NCC=1C=CC(=CC1)C(=O)O)N2CCC=3C(F)=CC(F)=CC3C2,Z2483068081
"C[C@@H]1CN(CCC=2C=CC=3C=CC=CC3C2)C[C@H]1C(=O)N4CCOCC4 |&1:1,17,r|",Z2494312827
O=C(NCC=1N=CC=CC1F)N2CCC(CCC3=CC=C(F)C=C3F)CC2,Z2495891309
CCN1CCN(CC1)C(=O)C=2C=CC(=CC2)NC(=O)C=3C=CN4C(C)=CN=C4C3,Z2496332538
CC1=NN(C=C1C(=O)N(CC(C)C(=O)O)C2CC2)C(C)C,Z2506970232
CN1N=CC=C1CN2CC(O)(C2)C=3C=CC=C4C=CC=CC34,Z2507272184
FC=1C=CC(=CC1)C2(CCOCC2)N3C=C(CN4C=NC=N4)N=N3,Z2527311255
COC=1C=CC=CC1S(=O)(=O)N2CCC(C)C(CC(=O)O)C2,Z2568457102
CC1=NOC(=N1)C2=CC=C(N=C2)N3CCC(CC3)C4CCCNC4,Z2568656648
CC1=NN(CC(C)C)C(C)=C1S(=O)(=O)N2CCC(C(=O)O)C=3C=CC=CC32,Z2569140883
"CCN1CCO[C@H](CNCC(O)C=2C=CC=CC2)[C@H]1C=3C=NN(C)C3 |&1:6,18,r|",Z2569365067
CC1CC(C2=NC=NN21)N3C(=O)CN(CCC=4C=CC=CC4)C3=O,Z2569809118
"CC(=O)NC=1C=CC=C(C1)OCCNC2[C@H]3CCC[C@H]3C2(C)C |&1:15,19,r|",Z2591191419
CC=1N=C(SC1C)C(C)(C)NC(=O)C=2C=CC(=CC2)OCC(=O)O,Z2596725668
COC1CS(=O)(=O)CC1NC(=O)C=2C=CC(=CC2)OCC(=O)O,Z2596759832
CC1=NC(CNC(=O)NC2CCCCC=3C=C(Br)C=CC32)=NO1,Z2601256667
COC1(C)CC(NC(=O)N2CCN(CC2)C3CCOC3)C1(C)C,Z2601346375
OCC1(O)CCN(CC2=NC=NN2C=3C=CC=CC3)CC1,Z2603494589
CC1(C)CC2=C(C=NN2C=3C=CC=CC3F)CN(C1)C(=O)COCC(=O)O,Z2607842674
CN1N=CC=2CN(CC(C)(C)CC21)C(=O)NCC3=CC=C(Br)S3,Z2608318537
CN1N=CC=2CN(CC(C)(C)CC21)C(=O)CSCC3=CSC=N3,Z2608623837
COCCNC=1C=CC(=CC1)CNC(=O)N2CCCC3(CCCC3)CC2,Z2613812861
CNC(=O)C=1C=CC=NC1N2CCC=3C=CC=CC3C(C)(C)C2,Z2614381853
O=C(NCC1(CCC1)C2=CC=CC(=C2)OC(F)(F)F)N3CCC4(COC4)C3,Z2618336587
CC(F)(F)C=1C=CC=C(C1)NC(=O)NC2C3CC4=CC(F)=CC=C4C23,Z2623111775
CCO[C@@H]1C[C@H](C1)NC(=O)NC2=CN=C3C(Br)=CC=CN23,Z2623985959
"C[C@@H]1CCN(C[C@H](C)O1)C(=O)NC=2C=CC(=CC2)N3C=CC(=N3)C(F)(F)F |&1:1,6,r|",Z2624063510
CCC1=CNC(=O)C(=C1)C(=O)NCCC=2N=C(OC2C)C=3C=CC=CC3,Z2626055444
CC1=NNC(CC(=O)N2CCN(CC2)C(=O)CC=3C=CC(C)=CC3)=N1,Z2626460792
CC=1C=CN=CC1CC(=O)NC2=NC(=C(CC=3C=CC(F)=CC3)S2)C4CC4,Z2626921939
CC=1C=NN(C1)C2CCCN(C2)C(=O)CCN3C=NC4=C(N)N=CN=C43,Z2628005502
COC=1C=C(C(=O)N2CCC(CC2)OC(C)C)C=3C=CC=CC3N1,Z2628160123
COC=1C=C(CCC(=O)N2CCC(CC=3C=CC=CC3)C2)ON1,Z2631377046
O=C(C=1N=CC=C2NC=CC12)N3CCC(CC3)C4=NC5=CC(F)=CC=C5S4,Z2632388611
O=C(C1CCC=2NC=NC2C1)N(CCO)CC=3C=CC=NC3,Z2634391803
CNC=1N=CN=C2C=C(C=CC12)C(=O)NC3CCN(CC3)C4=NC=CN4C,Z2637155588
CN1CC2(C1)CCN(C2)C(=O)C=3C=CC(=CC3)OC=4C=CC(F)=CC4,Z2637418903
CC=1N=NC=2NN=C(NC(=O)C3CCCC=4NN=CC43)C2C1C,Z2639058344
O=C(NC1=NC=C(S1)C=2C=CC(Cl)=CC2)C3(CCOCC3)C(F)(F)F,Z2639882265
CC(C)(C(=O)N1CCCC(CO)(CC=2C=CC=CC2)C1)N3C=CC=N3,Z2640076577
"O=C(N[C@@H]1CCO[C@H]1C2=CC=NN2CC3CC3)C4=CC=C(C=C4F)C(F)F |&1:3,7,r|",Z2642537854
CCC1(CCN(CC1)C(=O)C=2C=CC=CC2)C(=O)NCC3=CC=C4OC=CC4=C3,Z2643901432
COC=1C=CC(=CC1F)C2CCCN2C(=O)C=3N=CC=C4OC=CC34,Z2645517771
O=C(N[C@@H]1C[C@H](C1)OC=2C=CC=CC2)C3=CON=C3C4CC4,Z2645563223
CC1=C(C(=O)NCC=2C=CC(Cl)=C(Cl)C2)C(C)N3N=CN=C3N1C,Z2645703218
CC(C(=O)NC=1C=CC=2CCCC=CC2C1)N3C=NC4=C(N)N=CN=C43,Z2646023107
"CC=1C=CC(=CC1C(=O)N[C@H]2CC[C@H]2C=3C=CC=CC3)[N+]([O-])=O |&1:10,13,r|",Z2646484884
CCSC1(CNC(=O)C2CCC(=O)N(C2)C=3C=CC=C(F)C3)CC1,Z2646850704
O=C(NC=1C=CC(=CC1)C2CC(=O)NC(=O)N2)C3CC3(Cl)Cl,Z2647277417
COC=1C=CC=2CCCC(NC=3N=CC=C4N=CC=NC34)C2C1,Z2654633753
O=C(C=1C=C(F)C=NC1O)N2CCC(CC=3C=CC=C(F)C3)CC2,Z2656546743
CN1C(=O)C=CC=C1C2=NC(=NO2)C3(CCC3)C=4C=CC(F)=CC4,Z2657666050
O=C(C1CCCC=2C=CC=NC21)N3CC(O)(C3)C=4C=CC(Br)=CC4,Z2666724852
O=C(C=1SN=C(O)C1Cl)N2CCC(O)(CC2)C=3C=CC=C(C3)OC(F)(F)F,Z2669316831
C[C@H]1CN(C)C=2C=CC=CC2CN1C(=O)NC3=CC(=NN3C)C=4C=CSC4,Z2670975245
"COC=1C=CC(=CN1)[C@@H]2OCC[C@H]2NC(=O)C=3C=CC(F)=C(C3)CSC |&1:8,12,r|",Z2685062766
"CN1C(=O)C[C@H](C(=O)N2CCN(CC2)C=3C=CC=CC3F)[C@H]1C4=CC=CN=C4 |&1:5,21,r|",Z2697311725
CCOC=1C=C(Cl)C=CC1CNC(=O)NCC2CCCCN(C)C2,Z2698603094
C=1C=C2N=C(C=C(NC3COC(C3)C4CC4)N2N1)C=5C=CC=CC5,Z2701289525
COCC1(C)CN(CCO1)C2=NN=C(C3=CN(C)C4=CC=CC=C34)N2C,Z2701829077
O=C(NCC=1C=CC=CC1CC(F)(F)F)N2CCC(CC2)N3CCCNC3=O,Z2702607133
CC1=NC=CN1C=2N=CC=C(N2)NCCN3CCCCC3,Z5332004411
CC(=O)N1CCCCC(C1)NC(=O)C=2C=CC=C(C2)C(N)=O,Z5349687025
COC=1C=C2C(=CN(C)C2=CN1)C=3C=CC=C4C(C#N)=NC=CC34,Z5354490282
C1=CC(=NC(=C1)C2=NOC(=N2)C=3C=CC(=NC3)N4CCNCC4)N5CCOCC5,Z5369606845
CC=1C=CC(=CC1)C2(F)CN(C2)C3=NC=4N=CC=NC4S3,Z5373222489
O=C(NOCC=1N=NNN1)C=2C=C(C=C(Cl)C2O)C=3C=CC=CC3,Z5392689889
O=S(=O)(NC=1C=CC=C2NC=CC12)C=3SC=CC3C4CC4,Z5392689971
CCC(=O)N1CC(C)CN(CC1C)C(=O)CN2CCS(=O)(=O)CC2,Z5397887550
CC(C)(C)[C@@H](O)CC(=O)NCC=1C=NN(C1)C=2C=CC=CC2,Z5467430669
OCCC(CC=1C=CC=CC1)NC2=NC=CN3N=CC(Br)=C23,Z5510873746
COC=1C=C(C=CC1Cl)COC(=O)C=2C=CN=C3NC=CC23,Z5510888974
CCC(CC(=O)NCCN(C)C(=O)C(C)N1N=CC=C1C)C2CCC2,Z5553105388
CSCCC=1N=C(C=2C=CC3=C(C2)C(C)(C)C(=O)N3C)N(CC4CC(C)C4)N1,Z5605978612
O=C(NCC=1C=CN(N1)C(F)(F)F)C2=CC=3C(=O)NC4=CC=CC=C4C3S2,Z5860377281
O=C(NCC=1C=CC2=CN=CN2C1)C3=CC=4C=CSC4C(=O)N3,Z5860377366
CC=1C=C(C)C=C(C1)C(=O)N2CCN(C[C@@H]2C)C(=O)C=3C=CC4=NC=CN4N3,Z5861098897
C[C@@H]1CN(CCCN1C(=O)[C@@H]2C[C@@H]2F)C(=O)C3=CC=C4C(=O)NN=CC4=C3,Z5861284461
CN1N=CC=2NC(=O)C(=CC21)C(=O)N3CCCCC3C=4C=NC(N)=NC4,Z5877420725
CC1CNCC(CN2C=C(N=N2)C=3C=CC=C(C3)NCC4=CC=CS4)C1,Z5922108152
O=C(NC1C=CCN(C1)C(=O)[C@H]2CCCC(=O)N2)C=3C=CC=4NC(=O)C=C(O)C4C3,Z6064857249
CC=1C=C(C=CC1NC(=O)C2=CC=CO2)C(=O)OCCCN3C(=O)NC=4C=CC=CC4C3=O,Z6165494475
COC(=O)C=1C=C(C=2C=CC=CC2F)N(N1)C=3N=CC=CN3,Z6258747970
CC=1C=NC=C(C1)C2=CN(CCN3C=C(C#N)C=N3)N=N2,Z6263599444
CC1=CSC(CC(C)N2C=C(N=N2)C=3C=CC=4C(=O)N(CC4C3)C5CCC(=O)NC5=O)=N1,Z6284277163
CCOC(=O)C=1C=NN(C1C)C=2C=CC(=CN2)C(=O)NN3C=CN=N3,Z6291588889
COC=1C=CC(=CC1Cl)C(=O)NC(CNS(=O)(=O)C=2C=NN(C)C2)C=3C=CC=CC3,Z6309476631
COC(=O)C1CCN2C(CC3=CN4C=CSC4=N3)=NN=C2C1,Z6346573296
CC(C)NC(=O)C1(CC1)NC(=O)C=2C=CN=C(C2)OCCO,Z6361146343
O=C(NC1=NN(C=C1Br)CC=2C=CC=CC2F)C=3C=NN=C(C3)C4CC4,Z6386510799
"CN(C)C=1N=CC(=CN1)C2=CN(N=N2)[C@@H]3COC4(CCC4)[C@H]3O |&1:14,21,r|",Z6472163268
"FC(F)(F)[C@@H]1C[C@H]1CN2C=C(N=N2)C=3C=CN(N3)C4CCC4 |&1:4,6,r|",Z6472213126
C1=C(N=NN1C=2C=CC(=CC2)OCC=3C=CC=CC3)C4CCOC4,Z6472876797
CC1=NNC=C1CC(=O)NCC2CC2NC(=O)C3=NNC4=NC=CC=C34,Z6476399059
CC=1C=C(Br)C=CC1N2C=C(N=N2)C3(O)CCCN(CC3)C(=O)CC4=CC=CN4C,Z6539576081
CC(C)C1=NN=C2C(=NC=CN12)NC3CCCC3CNS(C)(=O)=O,Z6739647043
CN(CC(=O)NC=1C=CC=C(C1)C(C)(C)C#N)S(=O)(=O)C=2C=NC=CC2,Z6739700633
CC=1C=C(N=CC1S(N)(=O)=O)NCC=2C=CC=C3OCCCOC23,Z6781306906
NS(=O)(=O)C1(CC1)C2=CN(N=N2)C=3C=CC=CC3C(=O)O,Z6924578551
COC(=O)C=1C=CC=CC1C2=CN(CCN3C=NC4=CC=CC=C43)N=N2,Z6983752672
CC1COCCN(C1)C=2N=C(C3=CC=CC=C3N2)N4CCC(CNC(=O)OC(C)(C)C)CC4,Z7044915294
O=C(OCC1=CC=2C=CC=CC2NC1=O)C3(CC3)C=4C=CC=CN4,Z7160993195
CCOCCC1(CN(CC=2C=CNN2)C=3N=CN=C(C)C3F)CC1,Z7215595951
COCC(C)(C)CN(CC=1C=CN(C)N1)C2=NC(C)=C(C#N)S2,Z7215797875
O=C(C1=CC=C(O1)C=2C=CC=CC2C(F)(F)F)N3C4CCCC3CC(=O)NC4,Z7371439374
CN(C=1C=CC(=CC1)NS(C)(=O)=O)C=2N=CN=C3C=NC=CC23,Z7371512193
COC=1C=CC=CC1N(C)C(=O)C2=CN3CCNCC3=N2,Z7412194969
CN(C=1C=CC=CC1C(N)=O)S(=O)(=O)C2=CNC3=CC(Cl)=CC=C23,Z7492957016
COC1=NN(C)C=C1NS(=O)(=O)C2=CNC=3C=C(Cl)C(Cl)=CC23,Z7492958579
CC=1C=C(N)N2N=CC(C(=O)NCC=3C=CC=C(O)C3F)=C2N1,Z7583288913
CC(C)[C@H](NC(=O)C=1C=NC=2NCC(=O)NC2C1)C(=O)OCC3CC3,Z7600811974
COC(=O)N1CCN(CC1)C(=O)C2(C)CC=3C=CC=CC32,Z7629616136
CC(C)(OC=1C=CC=C(C1)C=2N=NNN2)C(=O)NCCC3(N=N3)C(F)(F)F,Z7889101360
CN(C(=O)C=1C=NC(=NC1)NC=2C=CC(=CC2)C3CNC(=O)C3)C4CCCNCC4,Z7918725478
CC1=NSC(=N1)N(CC[C@H]2COC(C)(C)O2)CC3=CC=NS3,Z8253182863
CC1=CC=CC2=CC(=NN12)C(=O)N3CCC[C@@H](C3)N(C)C(=O)C4=CN=C5C=CC=CC5=C4,Z8304064542
CCN1C=CC(CN(CC2(CCOCC2)C=3C=CC=CC3)C4=NC(C)=NS4)=N1,Z8310265588
CCNC(=O)C(C1=CC=CC(=C1)OCC)N2CC3CN(CC3C2)C(=O)CCSC,Z8331765574
CC=1C=CN=C(C1)C(=O)N2CC3CCC(C3)(C2)NC(=O)C4=CC=CC(=C4)C5=NNC(=O)N5,Z8346604331
CC=1C=C(N=C2C=CC=CC12)C(=O)N3CCCC(CNC(=O)C4=CC=CC=5N=NNC45)C3,Z8346604345
CC(C=1C=CC=CN1)N(C)C(=O)C2=NC=3C=C(Br)C(F)=CC3N2,Z8381859921
CC1=NNC=2CCN(CC12)C(=O)C=3C=CC=4OC=5C=CC=CC5NC(=O)C4C3,Z8427023197
C[C@H](NC(=O)N(C)CC1=NOC(O)=N1)C=2C=CC(Cl)=CC2,Z8436038721
CC=1N=CC(Cl)=CC1CC(=O)NC=2C=CC3=NC=NN3C2,Z8505224225
COC(=O)CC=1C=CC=CC1S(=O)(=O)NC=2C=CC(=CC2)C3=NC(=NN3)C4CC4,Z8571330379
CCOC1COCC1NC(=O)N2CC=3C=CC=NC3N4CCC[C@@H]4C2,Z9042700456
O=C(NCC=1C=CC=CC1)NC=2C=CC(=CC2)N3CCNC3=O,Z219738870
Cl.NCCC1=CNC=2C(=CC=CC12)OCC=3C=CC=CC3,Z3548679884
CC=1C=CC(=CC1)SCCC(=O)NC2CCC(=O)NC2=O,Z1269640021
COC=1C=C(C=CC1F)C(=O)N2CCCC(C2)S(N)(=O)=O,Z1432113943
O=C(O)C=1C=CC(=CC1F)NC(=O)C2=CC=3C=CC=CC3O2,Z1445566010
CC(C(=O)NC=1C=CC=C(C1)C2=CC=NN2)C=3C=CC=CC3,Z1724565811
COC=1C=C(F)C=C(C1)NS(=O)(=O)C=2C=CC(=CC2)OCC(=O)O,Z1416424828
N#CC=1C=CC(=CC1)NCC(=O)NCC2=NC(=NO2)C=3C=CC=CN3,Z1171626756
CC1=NC(C)=C(S1)C(=O)NCCC2=NC(=C(C)S2)C=3C=CC=CC3,Z1268214626
COC=1C=CC=C(C1)C(=O)N(C)C=2C=CC(=CC2)S(C)(=O)=O,Z826622750
CC=1C=CC(=CC1NC(=O)CSCC(N)=O)C2=CC=NN2C,Z1987819997
O=C(NC=1C=CC(=CC1)C(=O)N2CCOCC2)C=3C=CC(=CN3)C(F)(F)F,Z509621132
CC(C(=O)N1CCOCC1C2=NC3=CC=CC=C3S2)C=4C=CC=NC4,Z2001473933
CC=1C=C(C)C(C)=C(C1)OCCC(=O)N2CCCC2C3CCCN3C,Z1148465918
C=1C=CC(=CC1)N2CCC(CNC=3N=CN=C4C=CC=CC34)C2,Z397840098
O=C(NCC(O)(C=1C=CC=CC1)C(F)(F)F)C2=CC3=CC=CC=C3S2,Z1021186554
CCC=1OC=2C=CC=CC2C1CN(C)C(=O)NC3CCS(=O)(=O)C3,Z445987688
CC(CNC(=O)N(C)CC=1C=CN=CC1)N2CCC3=CC=CC=C3C2,Z545720026
O=C(NC1CCCC2=C1C=NN2CC=3C=CC=CC3)N4CCCC(C4)C5=NC=6C=CC=CC6N5,Z552451956
O=C(NC1CCN(CC2=COC(=N2)C=3C=CC=CC3)CC1)C=4C=CC(O)=NC4,Z1001591618
CN1C(=NN=C1N2CCC(CC2)N3CCCCC3=O)C=4C=CC=CC4,Z2007667718
CCN1N=CC=2C=C(C(=O)NCC(C)C3=NC(C)=CS3)C(C)=NC21,Z1994533100
CC=1C=C(C2=NN=C(N2C)N3CCN(CC(F)F)CC3)C4=CC=CC=C4N1,Z2007547308
CCN1C=NN=C1CNC(=O)N2CCOC=3C=CC=C(F)C3C2,Z2010162090
CN(C(=O)NCCC1=NC=2C=CC=CC2S1)C3CCOCC3,Z1317353662
CS(=O)(=O)C=1C=CC(=CC1)NC(=O)NC2CCN(C2)C=3C=CC=CN3,Z1506308008
COC=1N=CC=CC1NC(=O)NC(CC2CCOC2)C=3C=CC=CC3,Z1506390256
CC(C)(C)C=1C=CC=CC1C(=O)N2CCC(CN3C=CN=N3)CC2,Z1506173033
CC(CC(=O)NCC=1C=CC(=CC1)C(=O)NC=2C=CN=CC2)C3CCCCC3,Z996421092
CC1=NN(C=C1C(C)NC(=O)N2CCOC=3C=CC=C(F)C3C2)C(C)(C)C,Z2012174244
O=C(NC1=CC(=NN1)C=2C=CN=CC2)C=3C=CC=C(C3)NC(=O)C4CC4,Z1006546466
CN1C(=O)C2=CC=CC3=C(C=CC1=C23)S(=O)(=O)NC=4C=CC=5NC=CC5C4,Z1507893794
CC=1C=CC(=CC1NC(=O)C=2C=CC=3NC(=O)OC3C2)C4=CN=CC(F)=C4,Z2012732478
CN(C)C(=O)N1CCN(CC1)C(=O)C=2C=CC(=CC2)COC=3C=CC=CC3,Z383877092
CN1CCC(CNC(=O)C=2N=C(N=CC2Cl)N3CCCC3)CC1,Z994125240
O=C(CSC1=NN=C(C2=CC=CS2)N1CC3CCCO3)NC=4C=CC(F)=CC4F,Z19524506
O=C(NCC1(CCOCC1)C=2C=CC(Br)=CC2)C3CCNC(=O)C3,Z1419948483
CC(C)NC(=O)CNC(=O)N1CCC(CC1)C=2C=CC=CN2,Z1510334876
O=C(CCC1=NC=2C=CC=CC2N1C=3C=CC=CC3)NCC=4C=CC(O)=CC4,Z640337686
CC=1C=COC1C(=O)NCC=2C=CC(=NC2)N3C=CN=C3,Z295543040
O=C(NC=1C=CC(F)=CC1F)N2CCN(CC2)C(=O)C3=CC=CO3,Z44602362
CS(=O)(=O)C=1C=CC(=CC1)C(O)CN2CCC(CC2)C(O)C=3C=CC=CC3,Z643217350
CC1=NC(=NN1)C2=CC=CC(=C2)NC(=O)N3CCC(F)(CO)C3,Z2017156986
CN1N=CC=C1C2=CC3CCC(C2)N3CC(=O)NC4=NC=CS4,Z2019428276
CN1C(=O)OC=2C=CC(=CC21)NC(=O)C3CCCN3C(=O)CC=4C=CC=CC4,Z1022405368
CS(=O)(=O)CC=1C=CC(=CC1)NC(=O)C=2N=CC=C3C=CC=CC23,Z973862962
CN1CCCC1C(=O)NCC2=NC(=NN2)C=3C=CC(Br)=CC3,Z1031559552
CCN1C=C(C=N1)NC(=O)C=2C=CC=3C=C(C)C=CC3N2,Z2218343933
O=C(COC=1C=CC=2CCCCC2C1)NC3CCCCC3,Z62435131
O=C(NC=1C=CC(Cl)=CN1)C2CCCN(C2)C(=O)NC=3C=CC=4C(=O)NC(=O)C4C3,Z859396346
CC1=NOC(=N1)C2CCN(CC2)C(=O)NC=3C=CC(=CC3C)N4CCN(C)CC4,Z859400468
O=C(CN1CCN(CC1)C2=NC=3C=CC=CC3S2)NC=4C=CC(F)=CC4F,Z140912498
CCS(=O)(=O)C=1C=CC(=CC1)N2CCC(CC2)NC=3N=CN=C4NC=CC34,Z1039089604
O=C(NCC(C=1C=CC=C(Cl)C1)N2CCOCC2)C=3C=CC=C4CCCC34,Z1037948156
O=C(CCC(=O)N1CC(=O)NC=2C=CC=CC21)N3CCC3C=4C=CC=CC4,Z649964100
CCC=1C=CC(=CC1S(=O)(=O)NC=2C=CC(=CC2)C3=NOC(=N3)C(F)(F)F)[N+]([O-])=O,Z1038050298
COC=1N=CC=CC1C(=O)NC2COC=3C=CC=CC3C2,Z649778758
O=S(=O)(C1=CC=C(CNC2(CC=3C=CC(F)=CC3)CCOCC2)O1)N4CCCC4,Z2219210781
O=C(CCN1C(=O)CCC1=O)N2CCC(CC2)C3=NC4=CC(Cl)=CC=C4O3,Z667546094
CNC(=O)CN1CCC(CC1)NC(=O)N2CCCC2CCC=3C=CC=CC3,Z747681530
CC(C)C=1C=COC1C(=O)N2CCN(CC2)C(=O)C=3C=NC=CC3,Z2032570733
CC1=NOC(CNC(=O)N2CCC(CC2)C=3C=CC=C4C=CC=CC34)=N1,Z1055992712
COC=1C=CC(=CC1)C2CCN(C2)C(=O)NCC3=CNN=C3C,Z1056754008
O=C(NCC1(O)CCOCC1)C2(O)CCC=3C=CC=CC3C2,Z2033227426
CC1=NOC(C)=C1C(=O)N2CCCC2C(C#N)C=3C=CC=CC3,Z2033231380
CC(C)(CNC(=O)N1CCOCC1)C2=CC=C3OCCOC3=C2,Z940676172
CCCC(=O)N1CCC(CC1)NC(=O)N2CCC3=CC=C(C=C3C2)OCC,Z988288522
O=C(NC=1C=NN(C1)CC2CCCO2)C=3C=CC=NC3OCC(F)(F)F,Z748566164
CC=1C=CC(=NC1)NC(=O)C2CCCN(C2)C(=O)C3(CC3)C=4C=CC=C(C4)C(F)(F)F,Z1066843612
O=C(CC=1C=CC=CC1)N2CCC(CN3C(=O)NC4=CC=CN=C4C3=O)C2,Z1528550502
O=C1CCCN1CC(NCC2=NNC=3C=CC=CC23)C=4C=CC=CC4,Z1071004936
CCN1CCN(CC1)C(=O)C(C)N2CCCC(C2)C3=NNC(=O)O3,Z2036927121
CC=1C=C(N=CN1)C(=O)NC2CCN(C2)C=3C=CC=CN3,Z1529696669
O=C(C=1C=CNC1)N2CCN(CC2)C3=NC=4C=CC=CC4S3,Z1167507593
O=C(CC=1C=CN(N1)C=2C=CC(F)=CC2)NC=3C=CC=4CCNC(=O)C4C3,Z1264695141
CCCC(=O)N1CCCC1C(=O)N2CCC(CC2)C(=O)NC3=CC=CC=C3O,Z1452266125
CC(C)CCOC=1C=CC(=CC1)S(=O)(=O)N2CC(=O)NC3=CC=CC=C32,Z740218312
CC1=NN(C)C(C)=C1C=2C=C(NN2)C(=O)NC=3C=CC=C(C3)C4=NN=NN4C,Z434215810
O=C(CC=1C=CC=C(F)C1)NCC(=O)N2CC=C(CC2)C3=CNC=4N=CC=CC34,Z466851008
O=C(NC=1C=CC(=CC1)N2C=NN=N2)N3CCCC3C=4C=CC=C(F)C4,Z745730884
CC1OC=2C=CC=CC2OC1C(=O)N3CCCN(CC3)C(=O)C=4C=CC(F)=CC4,Z321290700
CN1CCN(CC=2C=CC=CC21)C(=O)C(CC=3C=CC=CC3)NC(N)=O,Z1083845880
O=C(NC=1C=CC=C(C1)N2CCOCC2)C=3C=NC(=CN3)OCC4CC4,Z2043273707
O=C(NC=1C=CC=C(C1)OCC2CCCO2)C=3C=CC(=NN3)N4CCCC4,Z1085279114
CC1=CC(CS(=O)(=O)N2CCC=3C(=CC=CC3C2)C(C)C)=NO1,Z1829551438
CC(C)C=1C=CC(Cl)=C(C1)S(=O)(=O)N2CCC(C)(O)CC2,Z2042821526
CC1=C(N=NN1C=2C=CC=C3N=CC=CC23)C(=O)N4CCCC(C4)S(N)(=O)=O,Z1280349989
CC=1C=CC=2NC(=NC2C1)C3CCCN(C3)C(=O)C4=CC=CN(C)C4=O,Z1131269701
O=C(NCC=1C=CN(N1)C=2C=CC=CC2)C3=CC4=CC(F)=CC=C4N3,Z758103926
CCCC(NC(=O)CC1=CNC=2C=NC=CC12)C3=NN=NN3,Z2222786610
O=C(NC=1C=CC=C(C1)C=2C=NNC2)C=3C=CC=C4OCOC34,Z1540624854
CN1CCN(CC1CC=2C=CC=CC2)C(=O)C3=CN=CN3,Z2047175683
CC=1C=CN2N=CC(C(=O)NC=3C=CC(OCC=4C=CC=C(C#N)C4)=C(F)C3)=C2N1,Z1096312231
CC=1N=C(SC1C(=O)NC2=CN=CN=C2N3CCCC3)C4CCCOC4,Z2223037316
COC=1C=C(Cl)C=C(C1)C(=O)NC=2C=NC(OC)=C(C2)C(N)=O,Z2223107087
CC(C)(C)N1C=C(C=N1)NS(=O)(=O)C=2C=CC=C(Cl)C2Cl,Z906007674
CC=1C=CC(=C(C)C1)S(=O)(=O)N(C)C(C)C=2C=CC=CN2,Z910018978
CC1=NC=2C=CC=CC2N1CCNC(=O)NC3CCOC(C3)C(C)(C)C,Z1545094072
CC1CCCCN1CCNC(=O)C2CCCN(C2)C(=O)NC=3C=CC=CC3,Z422677268
CC1=CNC(=N1)C=2C=CC=CC2NC(=O)C3=CNC(=C3)C(F)(F)F,Z2223255869
O=C(NCCN1CCN(CC1)C=2C=CC(F)=CC2)C3=CC=4COCCC4S3,Z1102170201
CC1=CSC(CNC(=O)C=2C=C(C(=O)OC(C)(C)C)N(N2)C=3C=CC=CC3)=N1,Z1102127491
CN1CCC(NC(=O)COC=2C=CC=CC2)C1C3=CC=C(F)C(F)=C3,Z1546527162
CC1=NSC=2N=CC(=CC12)C(=O)N3CCN(CC3)C(=O)NC=4C=CC=C(C)C4,Z1102431721
O=C(CCN1C=CC=N1)NCC2CCN(CCC=3C=CC=CC3)C2,Z1102965203
CN1N=CC=2C(=O)NC(=NC21)NCC=3C=CN=C(C3)OCC(F)(F)F,Z1102996749
COC=1C=CC=CC1NS(=O)(=O)C=2C=C(C=CC2C)C(=O)NCC(O)C=3C=CC=CC3,Z68482620
CC(NC(=O)C1=CC=2C=CC=CC2OC1)C=3C=CC=CC3,Z95476947
NC(=O)COC=1C=CC=C(C1)NC(=O)C2CCCN2C(=O)CC=3C=CC=CC3,Z825931236
CC1=CC=2C=CC=CC2N1CC(=O)N3CCCC3C(C)(C)O,Z1550265188
O=C(NCC=1C=CC=CC1N2CCCC2)C=3OC=CC3COC=4C=CC=CC4,Z784116336
CO[C@H]1C[C@@H](C(=O)N2CCCC2)N(C1)C(=O)C=3C=CN(CC=4C=CC=CC4)N3,Z2055227444
CC1=NNC(C)=C1C2CCCN2C(=O)CNC(=O)C3=CC=CN=C3,Z1550922923
O=C(NC=1C=NC=CC1CO)C2=CC=3CCCCCC3S2,Z1551629554
CC1=NOC(=N1)C2CCN(C2)C(=O)NC=3C=NN(C3)C(C)C,Z2055687165
COC=1C=CC=C(C1)N2CCN(CC2)C(=O)CCC3CC4=CC=CC=C4NC3=O,Z228858338
CN(C(=O)C=1C=CC=C(C1)C(=O)N2CCN3C(=O)CCC3C2)C=4C=CC=CC4,Z1553100892
O=C(C=1N=COC1C2CC2)N3CCC4=C(C3)N=CN4C=5C=CC(F)=CC5,Z2224231054
O=C(NC=1C=CC(=CC1)N2C=CNC2=O)C=3C=C(C=4C=CC=CC4)N(N3)C=5C=CC=CN5,Z790248524
CN1C=C(C=N1)C(=O)NC=2C=CC(=CC2)CCN3N=NC(=N3)C=4C=CC=CC4,Z983325792
O=C(NCC1CCN(CC2=CC=CS2)CC1)C=3C=C(NN3)C4CC4,Z952601398
COC=1C=CC=2N=C(C=CC2C1)C(=O)N(C)CCC=3C=CC(F)=CC3,Z811633276
CN1C=NC=2CN(CCC21)C(=O)C3=CSC(=N3)C=4C=CC(F)=CC4,Z990966088
O=C(NCC1CCN(C1)C=2C=CC(F)=CC2)C=3C=CSC3,Z815406072
CC1=NOC(=N1)C2CCN(C2)C(=O)C3=NN(CC(C)C)C(=O)C4=CC=CC=C34,Z2060794829
CC=1C=C(NN1)C(=O)NCC2=CC(Br)=C3OCCOC3=C2,Z872779484
CC1=NOC(=N1)C2CCN(CC2)C(=O)CN3C=CC(=N3)C(F)(F)F,Z804672914
O=C(NCC1(CCCC1)C=2C=CN=CC2)C=3C=CC(=CC3)NC(=O)C=4C=CC=CC4,Z1558392955
CC(CN1CCOCC1)NC(=O)C=2C=CC=NC2C(F)(F)F,Z1558436412
O=C(NCC1=CC=CO1)C2CCCN2C(=O)C=3C=CC=4CCCC4C3,Z355501990
CC=1C=CC=C2C=C(OC12)C(=O)N3CCCN(CC3)S(C)(=O)=O,Z952191096
CC=1C=CC(=C(C)C1)S(=O)(=O)CCC(=O)NC2CCCC2,Z798544160
O=C(C=1C=CC=C(C1)C2=NC=NN2)N3CCCC(O)(C3)C(F)(F)F,Z1559832789
CCC1=NN=C(CNC(=O)C2=CSC(=N2)C3=CC=C4OCOC4=C3)O1,Z2225009937
O=C(NC=1C=CN=CC1)C2=CN=NN2CC=3C=CC=CC3,Z2064081729
CCN(CC=1C=CC=2OCOC2C1)C(=O)NCC3=NN=C4CCCCCN34,Z352448136
CC(C1CC=2C=CC=CC2O1)N(C)C(=O)NC=3C=CN=CC3,Z1465101727
CC(=O)NC(C)(C)C1=NOC(=N1)C=2C=C(Cl)C=C3CCOC23,Z2065572442
CC1=CSC=2N=C(CC3=CNC=4N=CC=CC34)NC(=O)C12,Z1413842865
O=C(NC=1C=CC=CC1)C=2C=CC=C(C2)C(=O)N3CCN(CC3)C=4C=CC=CN4,Z2066007587
CC(NS(=O)(=O)C=1C=CC=C(C1)C=2C=CC=CC2)C(=O)O,Z2066018336
CCN1N=C(C=2C=CC=CC2)C(C(=O)NC=3C=CC=CC3F)C1=O,Z1561649747
NC(=O)C1=CC(=NN1C=2C=CC=CC2)C(=O)NCC3=NOC(=N3)C(F)(F)F,Z2225283484
O=C(NC=1C=CC(=CC1)N2N=NNC2=O)C=3C=C(F)C=CC3Cl,Z2225293538
CC1(C)C(=O)NC=2C=C(C=CC21)C(=O)NC3CCCC4=C(O)C=CC=C43,Z2225421608
CC=1N=CC(=CC1C(=O)N2CCCC(C2)C=3C=CC(F)=C(F)C3)[N+]([O-])=O,Z2717192932
"CCO[C@@]1(C)C[C@H]1NC(=O)C2=CC=NC(=N2)N3CCOCC3 |&1:3,6,r|",Z2718957017
CN1C(=O)C=2C=CC=CC2C1CNC(=O)C3CCC4=CC=CC(O)=C43,Z2719875135
CC(C)N1C=NC(=C1)S(=O)(=O)NCC=2C=CC(=CC2)CC(=O)O,Z2721507772
O=C(O)CC=1C=CC(=CC1)S(=O)(=O)N2CCN(CC2)S(=O)(=O)C3CC3,Z2721508530
CC(C)(C)C=1N=CC=2CN(CC3(CC(=O)O)CC3)CCC2N1,Z2721873565
"C[C@@H]1NCCO[C@H]1C=2C=CC(=CC2)C=3C=CC(=CC3)OCC=4C=CC=CN4 |&1:1,6,r|",Z2722874960
CNC(=O)C=1C=CC(=CC1C)C=2C=CC(=NC2)NCC3CCCO3,Z2723037508
COC=1C=CC=2C=C(C(=O)N3CCN4C=NC=C4C3)N(C)C2C1,Z2737386726
COC=1C=CC=2CCN(CC2C1)C=3N=CN=C4C3N=CN4CC(C)(CO)CO,Z2760942212
OCC(O)CN1C=NC2=C(N=CN=C21)N3CCOC(F)(F)C3,Z2760972589
CCC=1C=C(N=C(C)N1)N2CC3(C2)CN(C)CC3C4=NN=C(C)N4,Z2761560161
O=C1CCC=2C=C(C3=CSC(=N3)C4CCCCN4)C(F)=CC2N1,Z2762434061
C[C@H]1C(=O)N(C(=O)N1C)C=2C=CC(=CC2)OC3CC3(F)F,Z2763623073
O=C(O)CN1CCC(CC1)NC(=O)NC=2C=CC(F)=C(C2)C(F)F,Z2763789881
O=C(O)[C@@H]1CC[C@@H](N1)C(=O)N(CCN2CCOCC2)CC3CC3,Z2765450188
O=C(N[C@H]1CCC[C@H]1OC=2C=NNC2)C=3C=CN=CC3F,Z2766152193
CC=1C=CC=C(C1)NC(=O)N2CCN(CC2)C(=O)C3CC(C)OC3C,Z2767467893
CC=1C=CC(=CC1)N2CCC(NC(=O)C3COC4=CC=C(O)C=C4O3)C2=O,Z2771500637
COC=1C=CC(=CC1)N2CCN(CC2)C(=O)CN3C[C@@H]4C[C@H]3CN4,Z2772952125
CC=1C=CSC1CCNC(=O)C[C@@H]2NC(=O)C=3C=CC=CC3NC2=O,Z2774152438
COCC1CCCCN(C1)C(=O)C=2C=CC(=CC2)C3CCOCC3,Z2774830002
CC1=CN(N=C1C(=O)NCC2=CC=CC(=N2)N3CCOCC3)C4CCOCC4,Z2774985920
O=C(C=1C=CC=C(C1)N2C=NN=N2)N3CCC(CC3)OC4=CC=CC=C4F,Z2782577524
CC1=CNC(=N1)C2(CCC2)NC(=O)C=3C=CC=4NC(=O)CCC4C3,Z2787447138
N#CC=1C=CC(=CC1)C2=NN=C3C(CCCCN23)C4CCOCC4,Z2788070955
O=C1CC2(CCOCC2)N(CC3=NC(CC=4C=CC=CC4)=NO3)CCN1,Z2791533389
CC1=CC=CC(NC(=O)CN2CCN(CC2)C(C(=O)O)C3CC3)=C1C,Z2795227647
CCOC=1C=CC(=NN1)N2CCN(CC2)C(C(=O)O)C3CC3,Z2795239090
CC1=CC(C)=NN1C=2C=CC(=CC2F)NC(=O)C3(C)CC(F)(F)C3,Z2797422510
O=C(O)C1CC(C1)NC(=O)NCC2=CSC(=N2)C=3C=CC=CC3,Z2798407984
COCC1(CCN(C1)C(=O)NCCC2=C(C)OC3=CC=CC=C23)C(=O)O,Z2798426786
"CCN(CC(=O)O)C1CCN(CC1)C(=O)N[C@H]2CCC[C@H]2C=3C=CC=CC3 |&1:16,20,r|",Z2798447574
N#CC1=CN(CC(=O)N2CCSC3(CCC3)CC2)C(=O)NC1=O,Z2801641781
CC=1N=CSC1C=2C=CC(=CC2)CNC(=O)C3CCC(O)CC3,Z2802396528
COC=1C=NC=C(C1)N2CCN(CC2)C(=O)C3=C(C=NC4=CC=CC=C34)OC,Z2802440428
CC1=NN(C)C=2SC(=CC12)C(=O)NC=3C=C4CN(C)CCN4N3,Z2803372838
CC(C)(CNC=1N=CC=C2N=CC=NC12)C=3C=CN=CC3,Z2803548751
CC=1C(=CC=CC1N2C=NN=N2)NC(=O)C3=C(N=C4CCCCN34)C(F)F,Z2806632900
CC(=O)N1CCCCC1C(=O)NC=2C=CC(=CN2)C3=CC=CC(C)=C3,Z2818608332
O=C(NCC=1C=CC=C2NC=CC12)NC=3C=CC=C(C3)N4CCCC4,Z2822362715
"C[C@H]1CNC[C@H](O1)C(=O)NCCC2=CNC=3C(Cl)=CC=CC23 |&1:1,5,r|",Z2827438713
CC(C)(CN1CCC(CC1)OC=2N=CC=CC2F)N3CCOCC3,Z2828769459
CC(C)CN(CC1=NN=NN1)C(=O)C=2C=CC(=CC2)N3C=CN=N3,Z2832179822
CC=1C=CC=CC1C2CN(CCO2)C(=O)C3CC4=C(O)C=CC=C4N3,Z2832190777
COC1(CN(C1)C=2C=CN=C(CC=3C=CC=CC3)N2)C4=CN=NN4C,Z2832191145
CC(C)(C)C1=NC(=CO1)C(=O)NC=2C=CC=3NC(=NC3C2)N4CCOCC4,Z2834651377
O=C1C(CCN1C2=CC=CC=C2F)N3CCC(C3)C4=CC(=O)NC(=O)N4,Z2836701521
CC=1N=CC=C(N1)N2CCN(CC2)C(=O)C3(C)OCCC4=CC=CC=C43,Z2839719575
CSCCC=1C=CC=CC1NC(=O)N2CCN3C(=NN=C3C2)C=4C=CC=CC4,Z2842787618
CN1CCN(CC2=CN(CC=3C=CC(=CC3)C=4C=CC=CC4)N=N2)CC1,Z2845237145
CC(C)(CO)CC1=CN(CCCOC=2C=CC=C3C=CC=CC23)N=N1,Z2846036811
CN(C)C=1C=CC=C(C1)CN2C=C(CN3CCCCC3=O)N=N2,Z2846378658
COC=1C=CC(C2=CN(CCCN3C=CN=C3C)N=N2)=C(Cl)C1,Z2846734263
CC(C)N1C=C(C=N1)C2=CN(CC3CCNC(=O)CC3)N=N2,Z2846883829
OC(CN1C=C(CC2(O)CCC2)N=N1)C=3C=C(F)C=CC3F,Z2847042481
NC(=O)C=1C=C(N=CN1)N2CCCC2C=3C=CC(Cl)=CC3,Z2850086725
CC=1N=CN=C(C1C)N2CCC=3N=C(N=CC3C2)C(C)C,Z2851890186
CC1CN(CCN1C(=O)[C@H]2CCCCN2)C3=CC=CC4=CN=CC=C34,Z2860663086
CC1=NC=2C=CC(=CC2S1)N3C=C(N=N3)C4CCCNC4,Z2864068800
CCN1C=NC=C(NC(=O)C2CCCC=3C=CC=CC32)C1=O,Z2874165050
CCN1C=C(Cl)C(=N1)NC(=O)CN2N=C3CCCCCN3C2=O,Z2877085754
CC(C)(C(=O)N1CCC(C1)C=2C=C(O)NN2)C=3C=CC=CC3,Z2881708136
COCCCNC(=O)CN(C)C(=O)CNC(=O)N1CCCC1,Z2891525078
CN1CC(O)CC1(C)C(=O)NC2CCC=3C(O)=CC=CC32,Z2892388820
O=C(O)C(F)(F)F.O=C(O)CCC=1C=CC=C(C1)NCC2=CC=3OCCOC3C=N2,Z8874790546
CC1=NN(C=C1NCC(=O)N2CCC3(CC2)OCCO3)C=4C=CC=CC4,Z2897879241
CC=1C=CC(=CC1Cl)C(=O)N2CC3(C2)CC(O)CNC3=O,Z2900718954
CCN(CC(=O)NC=1C=CC=C(C1)OC)CC(C)CN2CCOCC2,Z2900814760
CC(C)(C1=NOC(=N1)C2(CC2)C=3C=CC=CC3)S(C)(=O)=O,Z2900815550
"[Na+].CC(C)(CNC(=O)[C@H]1C[C@]1(C([O-])=O)C=2C=CC=CC2)C3=CC=CN=C3 |&1:8,10,r|",Z4969264716
"CC(C)C=1C=CC=CC1NC(=O)[C@H]2C[C@H]2CNC(=O)OC(C)(C)C |&1:12,14,r|",Z2904909171
"CN(C)C=1C=CC(=CC1)C=2C=NC=C(C2)C(=O)N[C@H]3CCO[C@H]3C(=O)O |&1:18,22,r|",Z2911206799
CC(SC1=NC=C(C=2C=CC=CC2)N1CC3CCCO3)C=4N=CC=CN4,Z2918241540
CC1C=2C=NNC2CCC1C(=O)OCC3CC4(CCC4)C3,Z2922741805
CCC(CC)(CO)C1=NC(=NO1)C=2C=CC(=NC2)N(C)C,Z2923671096
COC1=NSC(OC)=C1C(=O)N2CCN(C(=O)C2)C3CC3,Z2936907531
O=C(CC1=COC(=N1)C=2C=CC=CC2)N3CCC=4N=CNC4C3,Z2940933030
CC1(CC1)C=2C=CC=CC2C(=O)NCC=3C=CC=C(C3)S(N)(=O)=O,Z2948160299
CCC1=CC(=NO1)NC(=O)N2CC3(CCCC3)C2C=4C=CC=CC4,Z2948968616
CCN1C=C(N=N1)C(=O)NC2=NN=C(S2)C=3C=CC(=CC3)C(C)C,Z2949688151
CN1N=C(C=C1C2CC2)CNC(=O)NC=3C=CC=NC3C=4C=CC=CC4,Z2949918834
C[C@H]1CN(CC(O)C2(O)CCCC2)CCN1C(=O)C3=CSC=N3,Z2950161985
CC(C)OC=1C=C(C=CN1)NC(=O)NCC2=NOC=3CCOCC23,Z2950945019
C[C@@H]1CN(CC2=NOC=3CCOCC23)CCN1S(C)(=O)=O,Z2950982562
COC=1C=CC=2CCCC2C1NC(=O)N3CCC(O)(CC3)C4CCC4,Z2951106613
COC=1C=CC=C(C1)C2=NC(=CS2)CN3CCNC(=O)CC3(C)C,Z2951395087
CC1C(=O)NC=2C=CC=CC2CN1C(=O)NC3=CN(C)N=N3,Z2951968963
CC(C)C(NC(=O)C=1C=C(C(F)F)N(C)N1)C2=NN=C3C=CC=CN23,Z2951986094
CCC=1C=CC(=CC1OC)NC(=O)N2CCCC(C2)C3CCOCC3,Z2952261005
CN1C=C(C=N1)C2CCCN2C(=O)COC3CCN(C)CC3,Z2952688778
O=C(CC1CCCC1(F)F)NCC=2C=CC(=CC2)C3=NN=NN3,Z2953292262
CC1=CC(C)=NN1CCCC(=O)N2CCCC2C3=CC=CO3,Z2954613514
COC=1C=CC=CC1C2CCN(C2)C(=O)C3=NC=CC4=CC=CN=C34,Z2955108514
CC=1C=CC=C(CN(C)C(=O)CC2CC(=O)NC=3C=CC=CC32)N1,Z2955253788
CC=1C=CC(=CC1)C2=NC(=CO2)CN3CCOC(C3)C4=CC=NN4C,Z2955562440
"CCN1N=NC=C1CN[C@H]2C3=CC=CC=C3OC[C@H]2CO |&1:9,18,r|",Z2956641500
"O=C(NC=1C=NN(C1)C2CCC2)N3CC[C@H]4OCC[C@H]4C3 |&1:15,19,r|",Z2956782648
CN1N=C(NC(=O)N2CCC(C2)C=3C=CC=CC3)C4=CC=CC=C41,Z2957028624
CC1(COCCN1CC2=NN=C(O2)C=3C=CC=C(O)C3)C4CC4,Z2957062437
CCC=1N=CC=C(C)C1NC(=O)N2CCOC=3C=CC(O)=CC3C2,Z2957072900
FC(F)C1=NOC(CN2CC=3N=CC=CC3N4CCC[C@H]4C2)=N1,Z2957088490
C[C@@H]1[C@@H](CCN1C(=O)NC=2C=CC(=NC2)C(C)(C)C)N(C)CCO,Z2957533645
O=C(C1=COC=2C=C(O)C=CC12)N3CCOC4(CCC=5C=CC=CC54)C3,Z2957999297
CN1N=C(C=C1C(F)F)C(=O)NC2CCCOC=3C(F)=CC=CC32,Z2958305840
O=C(COC=1C=CC(F)=C(F)C1)N2CCOC=3N=CC=CC3C2,Z2958442475
COC=1C=C(N=CN1)C(=O)N(C)CC=2C=C(C)C=CC2C,Z2959004862
CC1=NN(CC(=O)N2CCCC(C2)C3=CC=NN3C)C=4N=CC=CC14,Z2959446739
CC=1C=CC=CC1C(C)C(=O)NCC=2N=CC=C(N2)C(F)(F)F,Z2960343488
CN(C)C=1C=CC(=NN1)C2CCCN2C(=O)C=3C=NN(C3)C4CCC4,Z2960469206
COCC1=NN=C(CNC(=O)C=2C(C)=CC=C3C=C(C)C=CC23)N1,Z2960809300
CC=1C=CC2=C(C=NN2C1C)C(=O)N3CC=4C=NNC4CC(C)(C)C3,Z2960996230
NC(=O)C=1C=C(F)C=CC1N2CCN(CC2)C(=O)[C@H]3CCOC3,Z2961021352
CC1(COC1)NC(=O)C=2C=CC(=CC2)CN3C=CC(=N3)C(F)(F)F,Z2961243122
CN1N=C(C=C1C(F)F)C(=O)NC2=C3CCCCC3=NN2C,Z2961261737
CC1=NN(CC(=O)N2CCN(C)C=3N=CC=CC3C2)C=4N=CC=CC14,Z2961374439
O=C(CN1N=NN=C1C=2C=CC=CC2)N[C@@]3(C[C@H](O)C3)C=4C=CC=CC4,Z2961513593
COC=1C=CC(CC(=O)NCC2CCC3(CCOCC3)CO2)=C(C)C1,Z2961519894
CC1=NN(CC(=O)N2CCCN3N=NC=C3C2)C=4N=CC=CC14,Z2961625314
"CC1=NOC(=N1)[C@@]23CCC[C@H]3CN(C2)C(=O)[C@H]4CCOC4 |&1:6,10,r|",Z2961679140
"CC(NC(=O)[C@H]1CC[C@H](C1)C(N)=O)C=2C=C(Cl)C=C(Cl)C2F |&1:5,8,r|",Z2961761609
CC=1C(Br)=CC=CC1CCNC(=O)C=2N=COC2C3CC3,Z2961799999
O=C(N1C2CCC1CC(CC(F)F)C2)C3(CC3)N4C=NN=N4,Z2962520920
CC=1C=CC=CC1NCCC(=O)N2CCC3(CC2)CC(O)CNC3=O,Z2962556968
CC1(C)CC(CN1C(=O)C2=NN=C(O2)C3CC3)C=4C=CC=CC4,Z2962676928
NS(=O)(=O)CC1CCN(C1)C(=O)C2=CC=NN2C=3C=CC=CC3,Z2962714199
CCO[C@H]1CCN(C1)C(=O)C2=CC=C3NC(=O)N(CC)C3=C2,Z2962725906
CN1N=C(C=C1C2CC2)CNC(=O)CN3CCCCC(O)C3=O,Z2963029194
"CN1N=C(C=C1C2CC2)CNC(=O)[C@H]3COCC[C@H]3C=4C=CC=CC4 |&1:13,18,r|",Z2963029284
COC=1C=CC=2ON=C(CC(=O)NCC=3C=C(C4CC4)N(C)N3)C2C1,Z2963029287
O=C(C=1N=CN=C2NC=CC12)N3CCOCC3CC4CC4,Z2963313559
CC[C@H]1C(=O)NCCCN1C(=O)C=2C=NC=C(C2)COC,Z2963343170
CN1C=C(C(=O)NC(CO)C2=CC=CC=C2C(F)(F)F)N(C)C1=O,Z2963399906
CC(C)CC1CN(C)CCN1C(=O)C=2C=CN=C3NC=NC23,Z2963413225
O=C(NC1(COC1)C=2C=CC=CC2F)C3=CN=C4CCCN34,Z2963435649
CC(NC(=O)CC1(O)CCOCC1)C=2C=C(Cl)C=C3CCOC23,Z2963462983
"CC(C)CN1N=CC2=CC(=CN=C21)C(=O)NCC[C@H]3CCCC[C@H]3O |&1:18,23,r|",Z2964089018
CC1=CC=CC(C)=C1CN(C)C(=O)C2CC(=O)N(C2)C=3C=NNC3,Z2964328633
CCC1(CN2C=C(N=N2)C(=O)NC3=CNC=4C=CC=CC34)COC1,Z2964450567
CC1=CC(C)=NN1C=2C=CC(=CN2)C(=O)N3CCC(=O)N4CCCC34,Z2964511831
O=C(CC1CCCO1)NC2=CC=NN2CC3=CC=C(Cl)S3,Z2964543903
O=C(NCC=1C=NN(C1)CCF)C2(CCCO2)C=3C=CC=CC3,Z2964618218
CC1=NN(C(C)=C1CC(=O)NC2(COC2)C=3C=CC=CC3)C(F)F,Z2964723821
"O=C(CCOC1CCOCC1)N2CC[C@H]3CC[C@]32C4=CC=CN=C4 |&1:14,17,r|",Z2964914528
"O=C(N[C@H]1CCC[C@H]1N2C=CN=C2)C3=CC(=O)NC=4C=C(F)C=CC34 |&1:3,7,r|",Z2965020734
COC1(CN(C1)C(=O)C=2OC(=NC2C)C=3C=CC=CC3)C(F)(F)F,Z2965055559
CN(C(=O)C1=CC=2COCCC2NC1=O)C3CCC=4C=CC=CC4C3,Z2965121272
CN(C(=O)C1=CNN=C1C=2C=CC=CN2)C3CCC4=CC=CC=C4C3,Z2965123293
O=C(NC1CCCC=2C=NC=CC21)C3=CC=4OC=CC4S3,Z2965180779
CC(=O)N1CCC(C)(C1)C(=O)NC=2C=CC=C(N2)OC=3C=CC=CC3,Z2965284734
CC1CCCC2=NC=C(C(=O)NC3=NN(C)C=4C=CC=CC34)N21,Z2965296372
CC(NC(=O)C=1C=CC2=C(C1)CCC(=O)N2C)C3=CN=CS3,Z2965317273
"CC1=CC(O)=CC(=O)N1CCC(=O)NC[C@]23C[C@H]2COC43CCC4 |&1:15,17,r|",Z2965693640
"O=C(NC[C@]12C[C@H]1COC32CCC3)C=4C=C(NN4)C5=CC=CO5 |&1:4,6,r|",Z2965696815
CN1C=C(C=N1)C2=NC=CC=C2C(=O)N3C[C@H]4CCC[C@H]4C3,Z2965744695
CC=1C=C(ON1)C2(CC2)C(=O)NC3CCOC43CCOCC4,Z2965855239
"CC1=NN(CC(=O)N2C[C@@H](O)[C@H](CC=3C=CC=CC3)C2)C(=O)N1C |&1:9,11,r|",Z2965924982
CC=1C=C2N=C(C)C=C(C(=O)N3CCOCC3(C)C4CC4)N2N1,Z2966015566
CC1(COCCN1C(=O)C2=CN=C(NC2=O)C3CC3)C4CC4,Z2966021199
"CC1=CC(=NN1CC(=O)N[C@@H]2CC=3C=CC=CC3[C@H]2O)C(F)(F)F |&1:10,18,r|",Z2966498343
"COCC=1SC=CC1C(=O)N[C@@]23CC(=O)N[C@H]3CCCC2 |&1:11,16,r|",Z2966655876
CC(C)CN1C=CC=C(C(=O)NC2=NC=3CCN(C)CC3S2)C1=O,Z2967775493
O=C(C=1C=CC=CC1)N2CCCN(CC2)C3=CC=CC4=NN=CN34,Z2967941590
"CN(C)CCN1CCC(CC1)NC(=O)N[C@H]2CCC[C@H]2N3C=CN=C3 |&1:15,19,r|",Z2968083766
CC=1C=CC=C(N1)NCC2CCN(CC3=CN=C4COCCN34)C2,Z2968242888
OC=1C=CC=2CCN(CCC2C1)C3=NC=CN4N=C(C=C34)C(F)(F)F,Z2969080113
O=C1CCCCN1C2CCCN(C2)C=3N=CC=C4NC=NC34,Z2969605930
CN1CCCC(C1)N2CCN(CC2)C=3C=NC(=CN3)CO,Z2969714393
O=S1(=O)CCC(CC1)NC=2C=CC3=NN=C(C=4C=CSC4)N3N2,Z2970185014
C=C1CCN(CC1)C(=O)NCC=2C=C(C=CC2OC(F)F)OC,Z2971816676
CCC1=CNC=2N=CN=C(C12)N3CCC=4C(=CC=CC4C3)CC(N)=O,Z2973888268
C1=NN2C(NCCN3C=NC=C3C=4C=CC=CC4)=C5CCCC5=NC2=N1,Z2973937161
CN1N=CC(CNC2CC=3C=CC=CC3NC2=O)=C1C4CC4,Z2974858514
CC(CC=1C=CC=NC1)NC(=O)NC2CCC3(COC3)CC2,Z2975965226
C=1C=CC=2OC3(C=CC2C1)CCCN(C3)C=4C=CC5=NC=CN=C5N4,Z2976508610
CC1(C)CC(CCS1(=O)=O)NC=2N=CN=C3C=4C=CC=CC4OC23,Z2976709674
CC(C)[C@H](C(=O)NC=1C=CN=CC1F)N2CC=3C=CC=CC3C2=O,Z2976877887
C[C@@H]1COCCN1CC2=CN(N=N2)C=3C=CC=C4C=NC=CC34,Z2982733124
COC=1C=CC=CC1C2=CN(CC3CN(CC(C)C)CCO3)N=N2,Z2982738523
COC=1C=CC=2OCC[C@H](C2C1)N3C=C(N=N3)C=4C=CC=CC4OC,Z2982744583
CC1=NC=2C=C(C=CC2S1)N3C=C(CN4CCOC[C@H]4C)N=N3,Z2982756456
CC1=CN(C)N=C1CS(=O)(=O)CC=2C(C)=CC(=CC2C)C(C)(C)C,Z2983229022
CC(C(=O)N1CCC(C)CC1)N2C=C(CNC3CCN(C)CC3)N=N2,Z2984365573
COC=1C=CC(=CC1OC)C2=CN(N=N2)C(C)C3=NN=C(C)S3,Z2984445647
O=C1CCC=2C=CC(=CC2N1)NS(=O)(=O)C3=CC=NN3C4CCC4,Z2992169027
"COC=1C=C(N=CN1)C2=NOC(=N2)[C@@H]3C[C@H]3C=4C=CC(F)=CC4F |&1:13,15,r|",Z2992322608
NC(=O)CN1C=CC(=N1)NC(=O)C=2C(Cl)=CC=CC2OCC3CC3,Z2993901449
O=C(NCCN1CC2CCC(C1)O2)C3=NN=C(O3)C=4C=CC(F)=CN4,Z2994271521
CN1CCN(CC1C(C)(C)C)C(=O)C2=NN=C(O2)C3=CSC=N3,Z2994551363
CC=1C=CC(=NN1)N(C)C(=O)C2=COC=3CCCNC(=O)C23,Z2996183312
CC(F)(F)C(C)(C)NS(=O)(=O)C=1C=CC=2NC(=O)COC2C1,Z2996190058
O=S(=O)(NC=1C=NC=2C(F)=CC=CC2C1)C3=CC=NN3C4CCC4,Z2996192516
CC=1C=C(C=NC1C)NS(=O)(=O)C=2C=C(F)C=CC2OC(C)C,Z2996205988
O=S(=O)(NC1=CC=NN1C2CCCOC2)C=3C=C(F)C=C(F)C3,Z2996290839
CC1=CN(C)N=C1CN2CCCC(C2)N3CCNCC3=O,Z2996399862
CCN(CC1=NOC=2CCOCC12)C=3C=CC=C(C3)C(=O)O,Z2996644270
CC1(CCNC(=O)C1)C2=NC(=NO2)C=3C=CN=C4NC=CC34,Z2997236597
FC(F)(F)CN1C=CC(CC2=NC(=NO2)C=3C=CSC3Cl)=N1,Z2997243453
CC=1C=CC(=CC1C)CC2=NOC(CC3CC(=O)NC=4C=CC=CC43)=N2,Z2997296979
CN1C=CC(=N1)C2=NC(=CS2)C3=NOC(=N3)C4(CC4)N5C=CC=N5,Z2997347699
CN1N=C(C=C1C(F)F)C(=O)N2CCNC(=O)C3=CC=CC=C32,Z2997740134
CN1CCN(CC1)C(=O)C=2C=CC(=CC2)C=3C=CC=C(C3)C(N)=O,Z2998311520
CN(C(=O)C1=CC=NN1C2CCC2)C3=NC=4C=C(Cl)C=CC4S3,Z2998320820
COC=1C=CC(C=2C=CN=C(C2)N3CCOCC3)=C(F)C1,Z2998322355
CC(=O)N1CCC(CNC[C@H](O)C=2C=CC(Cl)=C(Cl)C2)CC1,Z2998598527
COC=1C=C(N=CN1)C(=O)N2CCCC=3C=CN=C(C32)N(C)C,Z3000192040
CCN1C=CC(CC(=O)N2CC(=O)NC=3C=C(F)C(F)=CC32)=N1,Z3000833219
CCOC(CS(=O)(=O)N1CCCN(CC1)C2=CC=C(F)C(F)=C2)C3CC3,Z2703470276
"CC(C)(C)OC(=O)N[C@@H]1CCCC[C@H]1NC2CCN(C2=O)C3CCCCC3 |&1:8,13,r|",Z2704759379
CCOC=1C=CC=C(N1)NC(=O)C=2C=CC(=CC2)C(=O)N3CCOCC3,Z2707026054
CC1=C(C=NN1C)C=2C=C(CN3CCN(C)C=4C=C(Cl)C=CC43)ON2,Z2708024757
O=C(NC=1C=CC(=C(F)C1)C(F)(F)F)N2CCOC(C2)C=3C=CSC3,Z2710779120
COC1=CC=CC(NC(=O)N2CCC(C)C(C2)N3C=CN=C3)=C1C,Z2711509174
COC=1C=CC=CC1[C@H](O)CNC(=O)C2(CCCC2)C=3C=C(F)C=C(F)C3,Z2715856545
CC=1C=CC(=NC1)C(C)(C)CNC(=O)C=2C=CN(C)C2C=3C=CC=CC3,Z2718626009
CCCOC=1C=NC=C(C1)NC(=O)C=2C=CC(=CC2)C(=O)N(CC)CCC,Z2718893691
"O=C(CNS(=O)(=O)C=1C=CC=CC1F)N2C[C@H]3C[C@H](C=4C=CC=CC4)[C@H]3C2 |&1:16,18,25,r|",Z2720484380
O=C(NCC=1C=CN=C(C1)C=2C=CC=CC2)C=3N=NN(C3C(F)(F)F)C4CC4,Z2722150198
"C[C@@H]1C[C@H](CO)CCN1C(=O)C2=COC=3C=CC(Cl)=CC23 |&1:1,3,r|",Z2722806323
COC(=O)C(C)(C)C1=CN(N=N1)C=2C=CC=C(C2)C(F)(F)F,Z2734563713
NC(=O)C1(CCN(CC1)C(=O)C=2C=CC=CC2Cl)N3CCCCC3,Z2736097184
CC(C)(C(=O)N1CCCC(C1)C(=O)O)C=2C=CC=C(N2)C(F)(F)F,Z2755248258
O=C(O)C1CCCN(C1)C(=O)C=2C=CC(=CC2)C3=CSN=N3,Z2755248414
CC(CC=1C=CC(=CC1)NC(=O)C=2C=NN(C2)C3CC3)C(=O)O,Z2755384554
CCC(C)C=1C=CC(=CC1)NC(=O)CN2C(=O)NC3(CC(O)C3)C2=O,Z2755771351
O=S(=O)(NC[C@H]1CC[C@H](O1)C2=NC=NN2)C=3C=CC=CC3Cl,Z2761791271
CC=1N=C(OC1C(=O)N(C)CC2=NNC(=N2)[C@H]3C[C@H](F)CN3)C4CC4,Z2762414223
CC1=CC(O)=CC(=O)N1CCC(=O)N[C@@H]2CN(C)C[C@H]2C3=CN=CN3C,Z2763727596
CO[C@H]1C[C@@H](CN(C)C)N(C1)C=2C=C(N=CN2)OC3=CC=CC(F)=C3,Z2764303105
CCCN1C(=NC2=CC=CC=C21)NC(=O)[C@H]3CC[C@H](N3)C(=O)O,Z2764435973
NC(=O)C=1C=CC(=CC1)N2CCN(CC2)C(=O)C3=NC=C4CCCCN34,Z2770993038
CN1N=CC=2C(=NC=NC21)N3CC=4C=CC=CC4C5(CCN(C)CC5)C3,Z2771324076
CC(C)(C)OC(=O)NC1(CC1(F)F)C(=O)NC2CCCSC2,Z2772199127
CN1C=C(NC(=O)C=2C=NN(C2)CC3CC3)C(=N1)C4=CC=CO4,Z2780761668
CCOC=1C=CC(=CC1)N(CC2CC2)C(=O)C=3C=CC(=CN3)N4C=NN=N4,Z2781494137
CN1C=C(C=N1)C2=CSC(=N2)NC(=O)C3=CSC(=N3)C4CCNCC4,Z2784116813
CC=1C=C(CC2=NN=C(N2CC3CCCCO3)N4CCOC5(CCC5)C4)NN1,Z2784951287
O=C(O)C(C1CC1)N2CCN(CC3=NC=4C=CC=CC4C(=O)N3)CC2,Z2795227759
CC1=NOC(C)=C1CN2CCN(CC2)C(C(=O)O)C3CC3,Z2795227974
CC(C(=O)NC1=CC=CC(F)=C1)N2CCN(CC2)C(C(=O)O)C3CC3,Z2795227975
O=C(C=1OC=NC1C(F)(F)F)N2CCN(CCC=3C=CC=CC3)CC2,Z2796160220
CN1CCC(C)(C(=O)NOCC=2C=CC(F)=CC2Br)C1=O,Z2801066036
CC=1C=CC(=CC1C(=O)N2CCOCC2)NC(=O)C3=COC(=N3)C(F)(F)F,Z2801168722
CC1=CC=CC(CN(C)C(=O)CCN2C=C(C#N)C(=O)NC2=O)=C1C,Z2801477789
NC1=NN=NN1C2=CC=CC(=C2)C(=O)NC3CCC(CC3)C(F)F,Z2801632162
CNC=1C=CC(=CC1F)C(=O)NC2CCN(C2)C=3C=CC4=NN=CN4N3,Z2802414871
CC(C)(C)C=1C=CC(Cl)=CC1NC(=O)C=2C=CN(N2)C3CCOCC3,Z2815035965
CC1=NN(CC(=O)NC2=CC=C3CNCCOC3=C2)C(=O)N1C,Z2827092865
CC=1N=C(SC1C(=O)NCC2=CC=CC=C2CC(F)(F)F)C3CCNCC3,Z2827430292
O=C(CC=CC1=CC=CC(F)=C1)NC23CCCC3NCC2,Z2828372049
CC(C)(CNS(N)(=O)=O)NC(=O)C=1C=CC(=CC1)N2C=CN=N2,Z2832180421
COC1=CC(=CC(OC)=C1C)C(=O)N2CCCCC2C=3N=CC=CN3,Z2832180439
CC=1C=CC=CC1C2CN(CCO2)C(=O)C=3N=NNC3C4CCCN4,Z2832190769
OC[C@@H](NC[C@@H](O)C=1C=CC(Cl)=C(Cl)C1)C=2C=CC=CC2,Z2835103327
"O=C(NCC=1C=CC(=NC1)OC=2C=CC=CC2)[C@H]3OC[C@H]4CCC[C@@H]34 |&1:17,20,24,r|",Z2835896659
COC(=O)CC1CN(C(=O)C=2C=C(C=CN2)C(F)(F)F)C=3C=CC=CC31,Z2837396110
CNC(=O)CN1CCC(C=2C=CC=CC2)C=3C=CC=CC31,Z2839040036
CC1(CCCOC1)NC(=O)NC=2C=CC=3C=CC=CC3N2,Z2843257524
"CS[C@@H]1CCCC[C@H]1NC(=O)C=2C=CC=3C(=O)NC=NC3C2 |&1:2,7,r|",Z2843331748
N#CC(C=1C=CC=CC1)C2CCCN2C(=O)NC=3C=CC=4NC(=O)CSC4C3,Z2844298719
CC1=NC(=CS1)C2=CN(CC(=O)N3C=4C=CC=CC4CC3C)N=N2,Z2844882919
OC1CCCCC1C2=CN(CC=3C=CC(=CC3)OCC=4C=CN=CC4)N=N2,Z2846074267
CC(C)N1CCC(C1=O)N2C=C(COC=3C=CC=CC3Cl)N=N2,Z2846215239
CC(C1=NC=C(O1)C(C)(C)C)N2C=C(CN3CCCCC3)N=N2,Z2846488608
OC(CN1C=C(N=N1)C2=CN=CC(F)=C2)CN3CCOCC3,Z2847009429
CN1C=C(C=N1)C2=CN(CC(O)C=3C=CC=CC3C(F)(F)F)N=N2,Z2847044083
CC=1C=CC=CC1C(O)CN2C=C(CN3CCCC3)N=N2,Z2847065259
CC1=CN=C(S1)C2CCN(CC2)C=3C=C(N=CN3)C4CC4,Z2851248861
CCCOC=1C=CC=C(C1)C2=CN(CCCN3CCCC3=O)N=N2,Z2863937394
CC1=NC=2C=C(C=CC2C(=O)N1)C(=O)N3CCC(CC3)C4=CNC=5C=CC=CC45,Z2877665446
CC=1OC(C#N)=CC1C2=NC(=NO2)C34OCCCC3C4(F)F,Z2879286361
COC(C1=NC(=NO1)C2=CC=3CCCCC3NC2=O)C4CC4,Z2879659010
O=C(C1=CC=CN2N=NN=C12)N3CCC(C(F)(F)F)C4(CCOCC4)C3,Z2881024265
CC1=NN(C(C)=C1CC(=O)N2CCN(CC2)C=3N=CNN3)C=4C=CC(Cl)=CC4,Z2881981205
"C[C@H]1CS(=O)(=O)C[C@H]1NC(=O)C=2C=C(NN2)C=3C=CC=4C=CC=CC4C3 |&1:1,7,r|",Z2884236226
CC(C)(C)C1=COC(CN2CCC(CC2)C3=CNC=N3)=N1,Z2891271940
CC=1C=CC=2C(=COC2C1)CC(=O)N3CCC(O)(CC3)C4CCC4,Z2895950265
CC(CC=1C=CC(=CC1)NC(C)C2CCS(=O)(=O)CC2)C(=O)O,Z2897389711
COCC1=CC=C(O1)C2COCCN2C(=O)NC=3C=CN=CC3,Z2898600630
CN1CC(C(=O)O)N(CC1=O)C(=O)C=2C=CC=3COCC3C2,Z2899602586
CC=1SC=2N=CN=C(NCCC3=NN=C4C(=O)NC=CN34)C2C1C,Z2900717266
CCOC(=O)C=1C=NC(=NC1C)NC2CC(O)(C2)C(F)(F)F,Z2900717617
O=C(NC1=CN=C2NC=CC2=C1)C3(CCC3)C(=O)NC4CC4,Z2900718545
O=C(C=1C=CC(=CC1)CN2C=CN=N2)N(CC(F)F)CC(F)F,Z2900718591
O=C(NC1CCN(CC2=CCCCC2)CC1)C3=CC=CC(=O)N3,Z2900719180
CCCS(=O)(=O)N1CCCCC1C2=NC(=NO2)C3(CCOCC3)OC,Z2903452157
CC=1C=CC(=CC1)OCC2=NC(=CS2)CC(=O)NC(CO)C=3C=CC=CN3,Z2909231650
O=C(O)C(F)C1CN(C1)C(=O)C=2C=NN(C2)C3=CC=C(Cl)C=C3Cl,Z2911408881
"CCC1=C(N=NN1CC)C(=O)N2CC[C@@]3(CCC[C@H]23)C(=O)O |&1:14,18,r|",Z2911617288
CN(CC(O)C(F)(F)F)C(=O)C=1NC=2C=CC=CC2C1CC(=O)O,Z2912819608
O=C(C=1C=C(F)C(F)=C(O)C1F)N2CCC(C2)C=3C=C(O)NN3,Z2913229421
O=C(CCC=1C=CC=CC1N2CCOCC2)N3CCCCCC3CO,Z2913445774
"CS(=O)(=O)C=1C=CC(=CC1)CN[C@]23C[C@H]2COC43CCC4 |&1:12,14,r|",Z2922445600
O=C(CNS(=O)(=O)C=1C=CC=CC1F)N2CCC(C2)C3OCCO3,Z2931623793
CN(C)S(=O)(=O)N1CCCC(C1)NC(=O)C=2C=CC(Cl)=CC2,Z2934444254
O=C(C=1C=CC=CC1)N2CCC(CC2)NC3CCC4CCC3C4,Z2936885191
CCC1=NC(=CN1)CNC(=O)C=2C=CC(=CC2)N3N=C(C)C=C3C,Z2936895352
"CN1C=CN=C1[C@@H]2OCCC[C@H]2NC(=O)CC(C3CCC3)C4CCC4 |&1:6,11,r|",Z2936895879
"CSCC=1C=CC=CC1NC(=O)CN(C)[C@@H]2CCC[C@H]2O |&1:15,19,r|",Z2936904295
CN1N=C(O)C=2CCN(CC21)C(=O)NC=3C=CC=NC3N4CCCC4,Z2947087634
O=C(NC=1C=CC(=CC1)C(=O)N2CCOCC2)C3CC43C(=O)NC5=CC=CC=C54,Z2948876063
COC=1C=CC(NC(=O)N2CC=3C=CC=CC3NC(=O)C2C)=C(C)N1,Z2949582223
CCC=1ON=C(C)C1NC(=O)N2CC=3C=CC=NC3N4CCC[C@@H]4C2,Z2949968785
CC1=CC(CN2CCCN(CC2)C(=O)C3=CC(=NN3C)C4CC4)=NO1,Z2951652029
CCN1C=C(CC(=O)NC2=C3CCCC3=NN2C=4C=CC=CC4)N=N1,Z2952351341
CC(=O)N(C)C=1C=CC(=CN1)NC(=O)N2CCOCCC2C,Z2952399039
O=C(NC=1C=NN2C=CC=CC12)N3CCOCC3CC4CC4,Z2952761954
O=C(NC=1C=NC=C(Cl)C1)N2CCCC(C2)C3=CC=NN3,Z2953006224
CC[C@@H]1C(=O)NCCCN1CC2=NC(=NO2)C3=CC=CC(Cl)=C3,Z2955020923
O=C(C=1C=CC=2OCCNC(=O)C2C1)N3CC4(CC4)C=5C=CC=CC53,Z2955167913
COC=1C=CC2=C(C1)OCCC2NC(=O)C=3C=C(C)C(C)=CN3,Z2955524993
CCC1=NC(=NO1)C2CCCN2C(=O)C3=CC4=CC=CN4C=N3,Z2955857535
CCCC1=NNC(=N1)C2CN(CCO2)C(=O)C3(COC3)C(C)C,Z2955899449
CN(C(=O)C=1C=NC(=NC1)C=2C=CC=CN2)C3CCOCC3,Z2956262969
O=C(NC1=CC(=NN1)C(F)(F)F)C=2C=C(C=CN2)N3CCOCC3,Z2957493119
COC=1C=CC=C2C1CCCCN2C(=O)C3=CC=4N=CC=CC4O3,Z2958006248
CC=1C(=O)NC=2C=CC=CC2C1C(=O)NCCC=3C=NC(=NC3)C4CC4,Z2958030557
O=C(NCCC1=CC=CN1)[C@@H]2CC[C@H](CC2)NC=3C=NC=CN3,Z2958127663
O=C(C=1C=CC=CC1C2CCC2)N3CCOC(C3)C=4N=CON4,Z2958378532
CN1N=C(C=C1C(F)F)C(=O)N2CC(=O)N(C)C2C=3C=CC=CC3,Z2958841450
CCN1C=C(N=N1)C(=O)NC2=C(C=CC=3CCCC23)OC,Z2958940423
CC=1C(=O)N(C)C=2C=CC=CC2C1C(=O)N3CC(=O)N(C3)C4CC4,Z2959200723
COC1=CC(=O)NC=C1C(=O)N2CC=C(CC2)C3=CC=NN3C,Z2959677660
O=C(NCCC1(O)CCOCC1)[C@@H]2CC[C@H](CC2)NC=3N=CC=CN3,Z2959690087
O=C(C=1C=CC=C2CCOC12)N3CCC(C3)NC=4C=CC5=NC=CN5N4,Z2959905198
CC=1C=CC(=CC1C)CC2CCN(CC2)C(=O)CC3CC(=O)NC3=O,Z2959958724
CC=1C=NC(=CC1C)C(=O)N2CCCNC(=O)C2CC=3C=CC=CC3,Z2960031843
COC1=CC=CN2N=CC(C(=O)NC(C)C3=NOC(=N3)C(F)F)=C12,Z2960306764
"C[C@H]1OCCO[C@H]1C(=O)NC=2C=NN(C2C(F)F)C=3C=CC=CC3 |&1:1,6,r|",Z2960690380
"O=C(C=1C=C(N=CN1)C(F)F)N2CC[C@H](C=3C=CC=CC3)[C@H](CO)C2 |&1:14,21,r|",Z2960845420
"CC(C)N1N=NN=C1C2=CC=CC(=C2)NC(=O)[C@H]3OCCO[C@H]3C |&1:17,22,r|",Z2961055416
CN1C=C(C=N1)C2CN(CCN2)C(=O)C=3C=CC(=C(F)C3)C(F)F,Z2961208844
O=C(NCC=1C=CC(O)=C(Cl)C1)C2(CCCO2)C=3C=CC=CC3,Z2961442679
CN1N=CN=C1C2(O)CN(C2)C(=O)C=3C=CN=C(C3)C4=CC=CO4,Z2961546172
CC1=NC(CC2CCN(CC2)C(=O)CC=3C=CC(C)=C(Cl)C3)=NO1,Z2961704350
O=C(CN1C=CC=2C=CC(F)=CC21)NCC3CCC4(CCOCC4)O3,Z2962133472
CCS(=O)(=O)N1CCN(CC1)C(=O)C=2C=NN(C2)C=3C=CN=CC3,Z2962237454
CC=1C=NC=C(C(=O)N2C3CCC2CC(CC(F)(F)F)C3)C1O,Z2962516480
"O=C(C=1C=CC(=CC1)CN2C=NC=N2)N3C[C@H](C[C@H]3C4CC4)C5CC5 |&1:16,18,r|",Z2962675695
CC1(C)CC(CN1C(=O)C=2C=NNC(=O)C2)C=3C=CC=CC3,Z2962677293
CC=1C=CN2N=CC(C(=O)N3CCC(CS(N)(=O)=O)C3)=C2C1,Z2962714931
O=C(NCC1CCN1C2CCOCC2)C3=CSC(=N3)C=4C=COC4,Z2963019576
"O=C(NCC=1C=NC=C(O)C1)[C@H]2CCCC[C@H]2C=3C=CC=CC3 |&1:11,16,r|",Z2963185907
O=C(C=1C=NN(C1)C2=CC=CN=C2)N3CCOCC3CC4CC4,Z2963310358
CC[C@H]1C(=O)NCCCN1C(=O)CCCN2C=CN=C2C,Z2963340361
CC[C@H]1C(=O)NCCCN1C(=O)C2=COC(=N2)C3=CC=CN=C3,Z2963345809
CCC1(CC)CNC(=O)C1NC(=O)C2=NNC=3CCCC23,Z2963477837
COCC1COCCN1C(=O)C2=NC=C3C(F)=CC=CN23,Z2963614157
COC=1C=C(C=C2CC(C)OC12)C(=O)N(C)CC3=CC=CC(=O)N3,Z2963799640
COC=1C=CC(=CC1C)[C@@H](C)NC(=O)C2=CN3CCOCC3=N2,Z2963950451
O=C(CN1CC=2C=CC=CC2C1=O)NCC=3C=NN(C3)CC4CCC4,Z2963988185
O=C(NCC1(CC1)C2(O)CCC2)C3CCCN4N=CC=C34,Z2964071338
"O=C(NCC1(CC1)C2(O)CCC2)[C@@H]3CCO[C@H]3C=4C=CN=CC4 |&1:12,16,r|",Z2964071508
CN1C=C(C(=O)N2C[C@H]3CS(=O)(=O)C[C@H]3C2)C=4C=CC=CC4C1=O,Z2964297285
CC=1C=C(C=CC1N2C=NN=N2)C(=O)N3CCC(=O)N4CCCC34,Z2964511991
O=C(C=1ON=C2CCCCC12)N3COCCC3C=4C=CC=CC4,Z2964518564
"O=C(COC=1C=CC(=CC1)CO)N2CC[C@H]3CC[C@]32C4=CC=CN=C4 |&1:15,18,r|",Z2964916519
"O=C(C=1C=CC=C2OCC(=O)NC12)N3CC[C@H]4CC[C@]43C5=CC=CN=C5 |&1:16,19,r|",Z2964917534
"CC=1N=C(NC(=O)[C@@H]2C[C@H](C)CC(=O)N2)N(N1)C=3C=CC(F)=CC3C |&1:7,9,r|",Z2964944446
"O=C(N[C@H]1CCC[C@H]1N2C=CN=C2)C=3C=CC=C(C3)N4C=NN=N4 |&1:3,7,r|",Z2965023724
"CN1N=C(C(=O)N[C@H]2CCC[C@H]2N3C=CN=C3)C=4C=CC=CC4C1=O |&1:7,11,r|",Z2965023994
CCN1N=CC=2C=C(C(=O)NC=3C=NN(C3)C4CCC4)C(C)=NC21,Z2965043953
COC1(CN(C1)C(=O)C=2C=NN3C=C(C)C=NC23)C(F)(F)F,Z2965051357
CNC=1SN=C(C)C1C(=O)N[C@@H]2C[C@H](C2)C=3C=CC(F)=CC3F,Z2965058418
CC1=CSC2=NC(=CN12)CC(=O)NC3CCCC=4C=NC=CC43,Z2965186185
O=C(C1=CNC=C1CC=2C=CC=CC2)N3CCCCCNC(=O)CC3,Z2965246727
O=C(NC1=CC=NN1C2CC2)C3CC(=O)N(C3)C4CCCCC4,Z2965416086
CN1C=C(C=N1)C2(CNC(=O)C=3C=CNC(=O)C3)CCCO2,Z2965682996
"O=C(C=1C=CC(=CC1)NCCN2C=CN=C2)N3CC[C@H]4CCC[C@H]43 |&1:19,23,r|",Z2965725056
COC=1C=CC(=CC1)CC(=O)N2CCCC2C=3C=CC(=CN3)OC,Z2965741128
CN(CC=1C=C(NN1)C=2C=CC=CC2)C(=O)CC3CCC(=O)N3,Z2965871663
"CN1C=C(C=N1)[C@@H]2CN(C[C@H]2CO)C(=O)CCCC3=NC=CS3 |&1:6,10,r|",Z2966113880
O=C(NC(C=1C=CN=CC1)C2CC2)C=3C=CC=C(N3)OCC(F)F,Z2966419023
"O=C(N[C@@H]1CC=2C=CC=CC2[C@H]1O)C=3N=C4NCCCN4N3 |&1:3,11,r|",Z2966498480
"CN1N=C2CCCC2=C1C(=O)N[C@@H]3CC=4C=CC=CC4[C@H]3O |&1:12,20,r|",Z2966500425
"CC(C)CN1C=C(C=N1)C(=O)N[C@@]23CC(=O)N[C@H]3CCCC2 |&1:12,17,r|",Z2966658496
O=C(NCC(F)(F)C1(O)CCCCC1)C2=CN=C3CCCN23,Z2966828769
CNC(=O)C=1C=C(C=CN1)N2CCCC(C2)C3=NN=CN3C,Z2968007658
CC(=O)NCC1CN(CC2=C3CCCC3=NN2C)CCO1,Z2968661152
CC1=NC=2C=CC=CC2C31CCN(CC3)C(=O)NCC=4C=CC=C(O)C4,Z2968923984
CCC1=CNC=2N=CN=C(C12)N3CCCC(C3)N4C=C(C)C=N4,Z2969357072
CC1=NOC(C)=C1CN(C)C(=O)C=2C=CC=C3C2NC(=O)N3CC(C)(C)C,Z2969538623
CCC=1C=C(N=CN1)N2CCCC(C2)NC3=NC=CN4C=CN=C34,Z2969619590
"CC1=NOC(CCNC(=O)N2CC(C)(C)[C@H]3CCC[C@H]32)=N1 |&1:15,19,r|",Z2969845720
OCC1(CCCC=2C=CC=CC21)NCC=3C=C(O)C=C(Cl)C3,Z2972822793
CCOCC=1N=C(C)C=C(N1)N2CC(O)(C2)C3=CC=CC4=CC=CC=C34,Z2973178158
CC1=CC=CC(C)=C1CN(C)C(=O)NCC2=NC=NN2C=3C=CC=CC3,Z2973270830
OCC(F)(F)CN1CCN(CC1)C2=NC=3C=CC=CC3N4C=NC=C24,Z2974168461
CC(C)(C)N1N=CC=2C(=NC=NC21)N3CCCC(CC3)N4C=CN=N4,Z2974176082
CCC=1C=CC2=C(C1)CCN2C(=O)NCC3=NNC(=N3)C(C)(C)C,Z2974444793
CC1=NC(=NN1)C2CN(C2)C3=NC=4C=CC=CC4N5C=NC=C35,Z2974471187
COC=1C=CN=C(N1)N2CC=3C=CC=CC3OC4(CCOCC4)C2,Z2974802498
ClC=1C=CC(=CC1)NCC2CCCN(C2)C=3N=CN=C4N=CNC34,Z2975176669
"C1=NN(C=2C=CC=CC2)C3=NC=NC(NC[C@H]4C=C[C@@H]5C[C@H]4CO5)=C13 |&1:16,19,21,r|",Z2975422474
CC1=NOC(CC=2C=CC(=CC2)NC3=CC(=NC4=NC=NN34)C(C)C)=N1,Z2975921027
COC1=CN=C(NC1=O)C2CCCN2C=3N=CN=C4C=CC=CC34,Z2977024422
"O=C1C[C@]2(CCCC[C@H]2N1)NCC=3C=CC=4NC=NC4C3 |&1:3,8,r|",Z2978890208
CNC(=O)C=1SC=2N=C(NC(=O)C2C1C)C=3C=NN(C3)CCF,Z2981775380
CC(=O)N(C)CC1=CN(CC=2C=C(ON2)C3=CC=CO3)N=N1,Z2982738490
CC=1C=C(F)C=CC1[C@H](C)N2C=C(N=N2)C3COCCN3,Z2982761949
[Na+].CC(C)CC(CC([O-])=O)C(=O)NC1=CC=C2N=CC=CC2=C1,Z3681718640
O=C(NC1CN(C1)C=2C=CN=CN2)C=3C=CC=4NCCCC4N3,Z2982905022
CC=1C=CC(=CC1)N2N=CC=3C(=O)N(C=NC32)CC(O)C4(O)CCC4,Z2983022447
CN(C)C(=O)NCC1=CN(CCC=2C=C(Cl)C=C(Cl)C2)N=N1,Z2984444731
COC=1C=CC=CC1C2=CN(N=N2)C(C)C=3C=NC(C)=CN3,Z2984450782
COC=1C=CC=CC1C2=CN(CC3=NOC=4CCC(C)(C)CC34)N=N2,Z2984453051
CN1N=C(C=C1CN2C=C(N=N2)C3(O)CCOC3)C(F)(F)F,Z2984498314
O=C(NC1CC1)C(NCC2=CN=C3COCCN23)C=4C=CC(F)=CC4,Z2991828996
CCC=1C=CC2=C(C1)CCN2S(=O)(=O)C=3C=CC=CC3S(N)(=O)=O,Z2992428537
CC1=NN(C(C)=C1CNC=2C=CC(C(N)=O)=C(F)C2)C(C)C,Z2992550156
CCC=1C=CC(=CC1S(N)(=O)=O)NCC2=NC(C)=C(C)S2,Z2993132893
CNC(=O)C=1C=CC=C(C1)COC=2C=CC(=CC2)C3CCC(=O)N3,Z2993888413
"O=S1(=O)C[C@H]2CC[C@H](C2)N1CC3=CN(N=N3)C=4C=CC=CC4 |&1:4,7,r|",Z2994076227
COC=1C=CC(Cl)=C2C1CCCC2NCC3=NN=C(N3)C(C)C,Z2995273334
C=1NC=2N=CC=CC2C1C3=CCN(CC4=CN(CC=5C=CC=CC5)N=C4C=6C=CC=NC6)CC3,Z1562881124
CC1=CC(=CC(=C1)NS(=O)(=O)C=2C=CC(C)=C(C2)C(N)=O)C(=O)O,Z2067638674
CC1=NN=C2C=CC(=CN12)C(=O)N3CCC4(CCOC4)C3,Z1401650915
CNC(=O)NC=1C=CC=C(C1)NC(=O)C2CCCN2C(=O)CC3=CC=CS3,Z808825604
CNC=1C=CC(=CN1)C(=O)N2CCC(CC2)N3CCC=4C=CC=CC4C3,Z2068618739
O=C(CNC(=O)C1=CC=CS1)NCC=2C=CC=CC2N3C=CN=C3,Z809594260
CCC(C)C(NC(=O)CSC1=NN=NN1C=2C=CC(C)=CC2)C(=O)OC,Z96549947
CN1N=NC=2C=C(C=CC21)C(=O)NC=3C=NN(C3)CC4CCCO4,Z1124110340
O=C(CCCC(=O)N1CCNC(=O)CC1C=2C=CC=CC2)N3CCNC(=O)CC3C=4C=CC=CC4,Z817479896
COCCN1C=C(C(=O)NC=2C=CC(=NC2)N3CCN(C)CC3)C=4C=CC=CC41,Z819353396
CC1=NC(=CC(=O)N1)C=2C=CC(=CC2)NC(=O)N3CC(C=4C=CC=CC4)C5CCCC53,Z2071462070
CCN1C=C(C(=O)NCC=2C=CN=CN2)C(=O)C3=CC(Cl)=CC=C31,Z2226668403
COC=1C=CC(=CC1)C2=NNC=C2CN3CCOC4(CCC4)C3,Z1569346280
CC1=NN=C(NC(=O)C2CCCN2C(=O)CC=3C=CC=CC3)S1,Z825892710
CC=1N=C(SC1C(=O)N2CCC(CC2)C(=O)NC=3C=CC=4OCOC4C3)C5=NN=CN5,Z1127044395
COCCOC1=CC=C(Cl)C=C1S(=O)(=O)NC(=O)C2=CSC(C)=C2,Z2072760342
COC=1C=CC(=CC1OCC(N)=O)NC(=O)C2CC3=CC=CC=C3CN2C(C)=O,Z1128170655
CC1=NOC(CNC(=O)C2CC(=O)N(CC=3C=CC=CC3)C2)=N1,Z1128315468
CC1=NN=C(CCNC(=O)C=2C=C(C)C(F)=C(C)C2)N1C,Z1915612498
ClC=1C=CC(CNC=2C=CC=C(C2)C3=NN=CN3)=C(Cl)C1,Z1480758254
CC1=CC(=CS1)C(=O)NC[C@@H]2CC(=O)N([C@H]2C=3C=NN(C)C3)C(C)(C)C,Z2075902655
CC1=CN=C(O1)C(C)NC=2C=CC=3NC(=O)CCCC3C2,Z1575412214
CNS(=O)(=O)C=1C=CC=C2CN(CCC12)C(=O)C3(CCC3)C=4C=CC=CC4C,Z2078455692
COC=1C=CC(=CC1CC=2C=CC=CC2)NC(=O)CC=3C(C)=NC4=NC(=NN4C3C)SC,Z160790436
O=C(NCC1=CN=C2CCCCN12)C=3C=CC=CC3OC=4C=CC=CC4,Z2079800248
CC=1C=CC=C(C1)OC(C)C(=O)N2CCCC2C3=NC=CN3,Z1578629612
CCN1C=NN=C1C2CCCN(CCC(=O)N(C)C=3C=CC=CC3)C2,Z1492804196
N#CC=1C=CC(CNC(=O)NCC(O)COC=2C=CC=C(C2)C(F)(F)F)=C(F)C1,Z1138196210
CC=1C=CC=C(C1)C2=NN=C(O2)C(C)N(C)CC3=CSC=N3,Z840386634
CN1C=C(C(=O)NCC2CCN(CC2)C=3C=CN=CC3)C=4C=CC=CC41,Z1579200769
CC(C)(O)CN1CCN(CC1)C(=O)NCC2CCN(CC2)C=3C=CN=CC3,Z1581201659
CC1=NN(C)C(C)=C1NC(=O)N2CCN(CC2)C3=CC=CC=C3C,Z1580566800
COC=1C=CC(=CC1C(=O)N2CCN(CC3CC3)CC2)S(N)(=O)=O,Z845601414
CC(NC1CCN(CC1)S(=O)(=O)C2CCOCC2)C=3C=CN=CC3,Z1281985236
CC(C)C1=NC=CN1CCNC(=O)C=2C=CC(=CC2F)C=3C=CC(F)=CC3,Z1141474654
O=C(C1=CC=C(O1)C2=NC=3C=CC=CC3S2)N4CCCC(C4)N5CCNC5=O,Z851037410
NC(=O)C=1C=C(C=CC1F)NC(=O)NC(C=2C=CC(F)=CC2)C=3C=NC=CC3,Z1143624543
O=C(COC=1C=CC=CC1)NC2CCN(C2)C=3C=CC=CC3,Z1144303537
CS(=O)(=O)C=1C=CC(NC2CCN(C2)C=3C=CC=CC3)=C(C1)S(C)(=O)=O,Z1143472797
CC1=CC=C(C(=O)NC2=CC=C(C=C2C)C(=O)NC3CCCC3)C(=O)N1,Z856167178
O=C(CCC(=O)N1CCC(O)CC1)NCC=2C=CC=CC2N3C=CN=C3,Z1585677967
CCN1N=C(C)C=C1C(=O)NC=2C=CC=3C(Cl)=CC=CC3N2,Z2087195165
CC(C)C(CNC=1C=NN(CC(N)=O)C(=O)C1Cl)NC=2C=CC=CC2,Z1587163958
O=C(NCC(O)C=1C=CC=C(Cl)C1)C2=CNN=C2C=3C=NC=CC3,Z1147319524
COCC1=CN=C(NC(=O)C=2N=CC=CC2OCC(F)(F)F)S1,Z2088159570
COC=1C=CC=CC1C(=O)NC=2C=CC(=CC2)OC=3N=CN=CC3C=4C=CC=CC4,Z1587597394
NC(=O)C1=CN(CC(=O)N2CCC=3C=CC=CC3C2C(N)=O)C4=CC=CC=C14,Z1151990819
CC=1C=C2CCN(C(=O)COC=3C=CC=NC3)C2=CC1C,Z2088433325
O=C(NCC1CCN(C1)C=2C=CC(F)=C(F)C2)C=3C=CC(=CC3)N4C=NN=N4,Z872745062
CNC=1C=CC=CC1C(=O)N2CCN(CC2)C(=O)CN3C=NN=N3,Z2228690281
NC(=O)C1=CC=C(S1)C(=O)N2CC(C=3C=CC=CC3)C4CCCC42,Z2089237535
[O-][N+](=O)C=1C=CC=C(C1)C2=NC(=CN2)C(=O)NC3=NC=4CCSCC4S3,Z2089540402
CNC=1C=CC(Cl)=C(C1)C(=O)NCC=2C=CN=C(C2)N3CCN(C)CC3,Z2228785884
CN(CC(=O)NC=1C=CC=CC1)C(=O)C2=CC=C3C=CC=CC3=C2,Z374047730
CC1CCOCCN1C(=O)C2=CC(=NO2)C=3C=CC=C(Cl)C3,Z1590940200
CC1=C(N=NN1C=2C=CC(F)=C(Cl)C2)C(=O)NC3(C)CCS(=O)(=O)C3,Z1157897332
C1=CN(C=N1)CCCN2CCN(CC2)C=3C=C(N=CN3)N4CCOCC4,Z1592575183
CC=1C=NC(=NC1C(=O)N2CCOCC2CC(C)C)S(C)(=O)=O,Z2229050509
O=C(NC1CC1)C=2C=CC(=CC2)CN(CC3=CC=CO3)S(=O)(=O)C=4C=CC(F)=CC4F,Z301916296
CN1C=CC=C1C2=CSC(=N2)NC(=O)CCC3=NC=4SC=5CCCC5C4C(=O)N3,Z384260174
CC1=NC=2C=C(C=CC2O1)NS(=O)(=O)C=3C=NC4=C(C3)C(C)=NN4C,Z997762794
CC=1C(=CC=CC1C(=O)N2CCCC2)NC(=O)CC=3C=CC(F)=CN3,Z1982216947
O=C(CNC(=O)C1=CC=2CCCC2S1)NC3=CC(F)=C(F)C=C3N4CCOCC4,Z2093657761
O=C(NC=1C=C2CCCCN2N1)C=3C=CC=C(C3)C4CCOC4,Z2093988923
COC=1C=CC=CC1OC2CCCN(C2)C=3N=CN=C4C3C=NN4C,Z2094602639
CC=1C=C(N=C(N1)C(C)C)N2CCN(CC2)C(=O)C3=CC=C(N=C3)C(N)=O,Z906052212
CC=1C=CC=2NC(=CC2C1C)C(=O)N[C@@H]3CCCN(C3)S(=O)(=O)C4CC4,Z2095227489
CC1=NOC(CSC2=NN=C3N(C(=O)C4=CC=CC=C4N23)C=5C=CC(C)=CC5C)=N1,Z237667606
CC(=O)N(C1=NN=C(SCCOC=2C=CC(Cl)=CC2)S1)C3CC3,Z241701094
CC(=O)NC=1C=CC(=CC1)C(=O)NC=2C=CC(=CC2)NC(N)=O,Z242985982
CN1C=NC(CCNCC2=CN(N=C2C=3C=CC=CC3)C=4C=CC=CC4)=N1,Z1396710108
OC[C@@H]1CC[C@H](CC1)NCC2=CC=3C=CC=CC3N=C2O,Z1414400426
O=C(NC=1C=CC=C2C(=O)NCC12)C=3C=NN4C=CC=CC34,Z2099000501
CCOC=1C=C(C)N=C(N1)N2CCN(CC2)C(=O)C=3C=CN(N3)C=4C=CC=CC4,Z1170609617
CN(CCC(=O)O)C(=O)C1=CSC(=N1)C=2C=CC=C(C2)C(F)(F)F,Z1455272450
O=C(O)C1(CCOC1)NC(=O)C2=CC=C(S2)C=3C=CC(Br)=CC3,Z1603711943
CN1N=C(CC(=O)OCC=2C=NC=C(F)C2)C=3C=CC=CC3C1=O,Z1959047974
COC(=O)C(C)(C)N(C)CC(=O)NC=1C=CC=2C(=O)N(C)C(=O)C2C1,Z1171369943
COC(=O)C=1C=CC(=CC1)C2=NOC(=N2)C=3CCC(=O)N(N3)C4=CC(C)=CC=C4C,Z1170239671
CC1=NC(=NO1)C=2C=CC=C(C2)NC(=O)C=3C=NC(C)=NC3C,Z1607404684
CC=1N=CC(C(=O)NCCC2=CSC(=N2)C=3C=CC=CC3)=C(C)N1,Z1608425447
COC=1C=CC(=CC1NC(=O)C(C)N2CCC(CC2)C=3C=CC(O)=CC3)S(=O)(=O)N(C)C,Z271720512
CC(C(=O)N1CCCN(CC1)C(N)=O)N2CCC(CC=3C=CC=CC3)CC2,Z1174380188
CN(C)C(=O)N1CCN(C(=O)C=2C=CC(=O)N(C)N2)C(C)(C)C1,Z1608829016
O=C(O)CCC1CCCCN1C(=O)C=2C=CC=3SC=CC3C2,Z1609741451
O=C(CC1SC=2C=CC(=CC2NC1=O)C(F)(F)F)N3CCCS(=O)(=O)CC3,Z1175211521
O=C(NCC1CCC=2C=CC=CC21)C=3C=CN=C(C3)N4C=CN=C4,Z1175442203
CN1C(=O)CCC=2C=C(C=CC21)NCC=3C=CC(=CC3)OC(F)F,Z1462743963
O=C(CN1C=CC=N1)NCCC2=NC(=CS2)C3CCCCC3,Z1175805491
CC=1N=C(CN2CCC(CNC(=O)C3=C(C)OC=4N=CNC(=O)C34)CC2)OC1C,Z1176083889
COC=1C=CC=C(C1)C(O)CNC(=O)COC=2C=CC=3C=CC=CC3C2,Z1178254169
O=C1NC2(CCCCCC2)C(=O)N1CC3=CC=C4COCC4=C3,Z1614765253
CC=1C=CC2=C(C1)CCC2NS(=O)(=O)C=3C=NN(C3)CC=4C=CC=CC4,Z940614316
COC=1C=CC=CC1CC2CCCN2C(=O)C3CCN(CC3)C4=CN=CC=N4,Z943254202
CC1=NC(=C(S1)C(=O)NC=2C=CC(F)=C(C2)C(N)=O)C=3C=CC=CC3,Z364617522
O=C(NC1CCN(C1=O)C=2C=CC(Cl)=C(Cl)C2)C=3C=NC=4NC=NC4C3,Z1616880520
CN(CC=1C=CNN1)C(=O)C2=CC=CN=C2N3CCCC3,Z1183557997
CC=1C=CC(=CC1NS(C)(=O)=O)C(=O)NC2CCC3=CC=CC=C3C2,Z300731886
CN1CCC(CC1)N2CCC(C2)NC(=O)C=3C=C(Br)C=C4C=CC=CC34,Z1185670267
COC=1C=CC=C(CNC(=O)NC23CC4CC(CC(O)(C4)C3)C2)N1,Z2112621278
O=C(CNC(=O)C1=CN(N=C1C=2C=CC=NC2)C=3C=CC=CC3)NC=4C=CC(F)=CC4,Z955327398
CCNC(=O)C=1C=CC(=NC1)N2CCC(CC2)NC(=O)C3=CC=C(C)S3,Z1188112425
CC(C)(C)CC(=O)N1CCCC1C(=O)N2CCCN(CC(F)(F)F)CC2,Z966505564
CN1N=CC=C1C2CCN(CC2)C(=O)CC3=CC=C4C=NNC4=C3,Z1873524802
CN(CCC(=O)N1CCN(CC1)C(=O)C2=CC=3SC=CC3S2)C=4C=CN=CC4,Z1625548352
CCN1CCN(CC1)C(=O)CC=2C=CC(=CC2)NC(=O)CC=3C=CC(=CN3)OC,Z1927340589
COC=1C=CC(=CC1)CCCC(=O)N2CC(C2)N3C=C(N=N3)C(C)O,Z1625748350
CCOC=1C=CC(=CC1OC)NC(=O)NC2CCC3=NN=C(C)N3C2,Z1625956436
O=C(NCCN1C(=O)CNC1=O)N2CCCC2CC=3C=CC=CC3,Z1193847674
O=C(NCCN1C(=O)CNC1=O)N2CCC=3NC=4C=CC(F)=CC4C3C2,Z1193847097
CC1=NC(=NO1)C2COCCN2C(=O)NC=3C=C(C=CC3C)C(=O)NC4CC4,Z1626053931
O=C(NC=1C=CC(=CC1)OCCN2CCCCC2)C3=CC=CC(=C3)CN4C=CN=C4,Z1449152795
COC=1C=CC=CC1N2CCN(CC2)C3=CC(C)=NC4=NC(=NN34)C(F)(F)F,Z354262448
CN1C=C(NC(=O)N2CCC(C2)S(N)(=O)=O)C(=N1)C=3C=CC=CC3,Z1626392576
COC(=O)C1=CSC(=C1)S(=O)(=O)N(C)CC=2C=CC=CC2,Z977574448
CCOC(C)C1=NC(=NO1)C(NC(=O)OC(C)(C)C)C=2C=CC=CC2,Z1197837742
O=C(CCC1CCOCC1)N2CCCNC(=O)C2CC=3C=CC=CC3,Z2231658324
CN(C)C=1N=CN(N1)C=2C=CC=C(C2)NC(=O)C3=CC=CN(C)C3=O,Z1997457291
O=C(NCCN1C(=O)CCC1=O)N2CCN(CC2)C=3N=CC=CN3,Z1199583511
CCN1C=NC=2C(=NC=NC21)NCC=3C=CC(=CC3)NC(=O)C(C)C,Z990858724
COC=1C=CC=CC1C2=NN(C)C=C2C(=O)N[C@@H](C)C=3C=CC(=C(F)C3)N4C=CC=N4,Z2231905773
CCN1CCN(CC1)C=2C=CC(=CC2)C(=O)NCC3=CC=CN=C3N(C)C,Z1203529775
CCOC=1C=C(C=CC1OC)CNC(=O)C2CCN(CC2)C(=O)N3CCCC3,Z1204242783
CCN1C=C(C=N1)C(=O)N2CCC(COC=3C=CC=CC3)CC2,Z1204495523
CCN1CC(CC1=O)C(=O)N(CC2CCCO2)C=3C=CN=CC3,Z1204710963
CC(C)C=1C=C(CNC(=O)C2=CN=C3C(=C2)C(=O)NC(=O)N3C4CC4)ON1,Z1205117409
CC1=NN(C=C1CNC(=O)C=2C=C(N=C3C=CC=CC23)C=4C=CN=CC4)C=5C=CC=CC5,Z1635681596
CCOC=1C=C(C=CC1OC)CNC(=O)N2CCCC2C=3C=NN(C)C3,Z1205583955
O=C(NCC=1C=CC=C2OCOC12)N3CCCC4(CC=CCC4)C3,Z1205526471
CC1NC(=NN(C=2C=CC=CC2)C1=O)C(=O)NC=3C=CC=C(C3)S(C)(=O)=O,Z395155480
CC1=CC=CN2C=C(COC=3C=CC=CC3C(=O)NC=4C=CC=C(C4)C(=O)NCC(N)=O)N=C12,Z397344864
CC=1NC=2C(=CC=CC2C1C)C(=O)N3CCC(CC3)NC(=O)C4CC4,Z397567622
COC=1C=CC(C)=CC1NC(=O)CNC=2C=CC=C(C2)N3N=NN=C3C,Z397994856
O=C(C1CCCC1)N2CC(C2)S(=O)(=O)NC3CC3C=4C(F)=CC=CC4F,Z1638324442
COC=1C=CC(=CC1OC)C2CCCN2CCC(=O)NC=3C=CC(=CC3)C(N)=O,Z1207985137
CC=1C=CC=CC1C(=O)NC2CCN(CC2)C(=O)C=3C=NN4C=CC=NC34,Z407256870
CC1=NOC(C)=C1CC(C)NC(=O)C=2C=C3CCCOC3=CN2,Z1642754627
O=C(NC=1C=CN=CC1F)C=2C=CC=3C(=O)N(C(=O)C3C2)C4CCCCC4,Z1642987724
O=C(NC=1C=NC=2CCCCC2C1)C=3C=CC=C(C3)CN4C=CN=C4,Z1643419277
CC(C)(C)OC(=O)N1CCC(CC1)N2C=C(N=N2)C(=O)NC=3C=CC=C4C=CC(O)=CC34,Z1644622869
CC=1C=CC=2CCC[C@H](NC(=O)CC=3C=CC(=CC3)N4C=NN=N4)C2C1,Z2141828032
CC(C)C(NC(=O)NC1CCC2=NC=NN2C1)C3=CC=CC=C3Cl,Z1215550348
CC=1C=CC(=CN1)C2CCN(CC(=O)NC=3C=CC=C(F)C3)CC2,Z1646706305
CCC=1C=C(NC(=O)C=2OC=3C=CC=CC3C2CS(C)(=O)=O)N(C)N1,Z1217421130
CC=1C=CC2=C(C1)C(=O)N(C)C3=NN=C(CN4C(=O)C(=O)N(C4=O)C56CC7CC(CC(C7)C6)C5)N32,Z441154816
CC(C)(C)C(=O)NCC=1C=CC(=CC1)C(=O)N2C3CC2COC3,Z2143069409
CC(C)C=1N=CC=C(N1)N2CCC(CO)(CC=3C=CC(F)=CC3)C2,Z2143995650
CC=1C=CN2C=C(N=C2C1)C=3C=CC(=CC3)NS(=O)(=O)C4=CC=CS4,Z1219596903
CN1CCC=2C=CC(=CC2C1=O)NC(=O)N3CCC(O)C3,Z1650365240
CC1=NOC(=N1)C2CCCN(C2)C(=O)C=3C=NN(C3)CCC(F)(F)F,Z1651292507
CNC(=O)CN(CC=1C=CC=C(C1)C(F)(F)F)C(=O)C(C)NC(=O)C2CCC2,Z1220415752
CC(C)N1C=CC(CS(=O)(=O)C2CCCC=3C=CC=CC32)=N1,Z1221587760
O=C(CSC1=NNC(=N1)C=2C=CC=CN2)NC(C3=CC=CS3)C=4C=CC=CC4,Z1222481578
CC1=C(C)C2=NN=C(N2N=C1NCC3=NN=C(C(C)C)N3C)C(F)(F)F,Z1652274196
CC=1C=C(C=CC1NC(=O)C2CCCN2C(=O)C(C)C)C3=NC(=NO3)C4CC4,Z1653830104
CCN1N=C(C(=O)N2CCC3=C(C2)N=CN3C)C(=O)C=4C=CC=CC41,Z1227893240
CN(C)C(=O)C1=CN=C(NCCOC2CCCCCC2)C(Cl)=C1,Z1228442944
COC(=O)C(O)CNC(=O)C(C=1C=CC=CC1)N2CCC(O)CC2,Z1656718598
CN(C)C(=O)C=1C=C(C=CN1)NC(=O)N[C@H]2C=3C=CC=CC3C[C@H]2O,Z1230584338
COC=1C=CC=C(C1)C2CC(C)CN2C(=O)NCCNC(=O)C3=CC=CN=C3,Z1657642993
CC1=NN=C2C(=NC=CN12)N3CCN(CC(=O)NC=4C=CC(F)=CC4)CC3,Z1230722474
O=C(C1=CNC=C1C=2C=CC=CC2)N3CCC(CN4CCCCC4=O)CC3,Z1232031077
COC=1C=C(ON1)C(=O)NC=2C=CC(=CC2)CC=3C=CN=CC3,Z1662892437
COC=1C=CC(F)=CC1C(=O)NC=2C=CC(=CC2)C=3N=CN(C)N3,Z1663086918
CCCC(=O)NC1=NC=2C=CC(=CC2S1)NC(=O)C3=CC=NC=C3N4CCCC4,Z1663070140
CC1(NC(=O)NC1=O)C=2C=CC=C(C2)C3=NOC(=N3)C=4N=NNC4C=5C=CC=CC5,Z2157917872
COC1CN(CCO1)C(=O)C2=CSC(CC=3C=CC(F)=CC3)=N2,Z2233036830
COCCN1C=C(C=N1)NC(=O)N2CC(CC2C)C=3C=CC(F)=CC3,Z1234140208
COCC(C)C1=NC(=NO1)C2(CCOCC2)C=3C=CC(C)=CC3,Z2160677732
CC=1C=CC2=NC=C(C3=NOC(=N3)C=4C=CC=C(C4)NC(=O)C5CCCO5)N2C1,Z2160721187
CC1CC(C=2C=CC=NC2)N(C1)C=3N=C(N=C4C=CC=CC34)C=5C=CN=CC5,Z1665964751
CN1C=C(C=N1)C2CCCN2C=3C=CC(=NN3)C(=O)NC=4C=CC=CC4,Z1238974611
CC(=O)N1CCC2=CC(=CC=C21)C(=O)NC3(CO)CCOC3,Z1667355427
COC=1C=CC=CC1N2CCC(CC2)NC(=O)C=3C=CC=4N=CNC4N3,Z1668637090
CCC1=NN(C)C(CC)=C1CN2CCCC2C=3C=CC=NC3,Z2164528926
NC(=O)C1CCCC(C1)NC(=O)CC2=CC=C3CCCCC3=C2,Z1240737258
CN1N=NC=2C=CC(=CC21)C(=O)NC3=CC(CC4CCCCC4)=NN3,Z1671913368
COC=1C=CC(=CC1)S(=O)(=O)N2CCN(CC2)C(=O)C3=CC(=O)NC=4C=C(F)C=CC34,Z1245858064
O=C(NCC=1C=CC(=NC1)N2CCCC2)N3CCOCC3CCO,Z1673103693
CCC1=CC(=NO1)NC(=O)C2CCCN(C2)C(=O)C=3C=CC=CC3,Z1247138137
CN(CC1=NN=CN1)C(=O)C=2NC=3C=CC(Br)=CC3C2Cl,Z1250723417
C=1C=C2OCOC2=CC1C3=NOC(CC=4C=NC=NC4)=N3,Z2171937705
CC1(CO)CCCN1C(=O)C=2C=CC=C(C2)COC3=CC=CC(F)=C3,Z1678192714
CC=1C=CSC1CNC(=O)N2CCC(CC2)N(C)CCCO,Z1254587155
CNC(=O)C=1C=CC(=CC1)NC(=O)NCC(O)C=2C=CC=CC2Cl,Z1254246961
CC(C)CNC(=O)N1CCCC(C1)C2=NC(=NO2)C3=CC=CS3,Z1258513542
CCC(C)NC(=O)CN1CCN(CC1)C(=O)C=2C=CN=CC2F,Z1256108479
CC(C)CNC(=O)N1CCCC(C1)C(=O)N(C)CC=2C=CNN2,Z1255885026
CC1(C)COC=2C=CC(=CC21)C(=O)N3CCCC(C)(O)C3,Z2174924012
CC=1C=NN(C1)C2CCN(C2)C(=O)C3=CC=C4OC(=O)NC4=C3,Z2175454988
CC1=NNC(C)=C1CNC(=O)C=2C=CC(=NC2)OC=3C=CC(=CC3)C(C)C,Z1257049482
C#CCNS(=O)(=O)C=1C=CC=C(C1)C2=NC(=NO2)C=3C=CC=4NC=CC4C3,Z1683367872
CC(OC=1C=CC=CC1)C2=NC(=NO2)C=3C=CC=CC3OC(F)(F)F,Z1683395553
COC=1C=CC(=CC1)C2=NC(CNC(=O)N3CCCC3C=4C=CN=CC4)=NN2,Z1258117416
CC=1C=CC=2OC(=CC2N1)C(=O)N(C)C3CCCCC3S(C)(=O)=O,Z1260111799
FC=1C=C(C=CC1CN2C=NC=N2)C3=NOC(=N3)C=4C=CC=C5NN=CC45,Z1684535919
CN1C=NC(=N1)C=2C=CC(=CC2)C(=O)N3CCCC(C3)C4CC4,Z2177489306
CN1N=NC=2CCC(CC21)C(=O)NCC3CCCCC3NS(C)(=O)=O,Z2177415891
CN1C=NC=2C=C(C=CC21)C(=O)N3CC=4C=CC=CC4OC(C)(C)C3,Z2177744193
C1=NC=2C=C(C=CC2N1)C3=NOC(CN4N=NC(=N4)C=5C=CC=CC5)=N3,Z1685091412
CC=1C=NC=C(C1)C2=NC(CCC=3C=CC(=CC3)OC(F)F)=NO2,Z1685127120
CC(C)N(C)CC1=NC(=NO1)C=2C=CC=3CCCCC3N2,Z1685429412
CCS(=O)(=O)C=1C=CC=C(C1)C2=NC(=NO2)C3CCCO3,Z1685525132
NC(=O)C=1C=CC(=CC1Cl)NCC2=NC=NN2C=3C=CC=CC3,Z2179108510
CCN1CCN(CC1=O)C=2C=C(COC)N=C3C=CC(F)=CC23,Z2179665556
O=C(NC1=CC(=CNC1=O)C(F)(F)F)C2CCN(CC2)C(=O)C=3C=CC=CC3,Z1264301142
CN(C)C1=NOC(CNC(=O)N2CCC(CC2)NC(=O)C=3C=CC=CC3)=N1,Z2183808685
OCC12CC(CNC3CCCC=4N=C(SC43)C=5C=CC=CC5F)(C1)OC2,Z2995426005
"O=S(=O)(N[C@@]12CCC[C@H]2CNC1)C=3ON=C(C3Cl)C4CC4 |&1:4,8,r|",Z2996115467
"COCC=1C=C(Cl)C=C(C1)S(=O)(=O)N[C@@]23CCC[C@H]3CNC2 |&1:14,18,r|",Z2996116253
"CC=1C=C(NC(=O)[C@@H]2CCO[C@H]2C3CC3)N(N1)C4=CC=C(C)N=N4 |&1:7,11,r|",Z2996455179
O=C(O)C1C=2C=CC=CC2OCCN1CCC3CCOCC3,Z2996682714
CC(C)(C)CC1=NC=C(S1)C2=NC(=NO2)C=3C=CC=C(C3)C(N)=O,Z2996856177
C1=CC=2C=CC(=NC2N1)C3=NOC(=N3)C45CCCN(CCC4)C5,Z2997117447
"CNS(=O)(=O)CC1=NOC(=N1)[C@@H]2C[C@H]2C=3C=CC(F)=CC3F |&1:11,13,r|",Z2997234026
CC(=O)N1CCCC1C2=NOC(CN3N=CC4=CC(C)=CN=C43)=N2,Z2997349879
CP(C)(=O)C=1C=CC(=CC1)C2=NC(=NO2)C3CCOC4(CCC4)C3,Z2997393717
"CCOC=1C=NC(=CN1)C2=NOC(=N2)[C@@]34CNC[C@H]4CCOC3 |&1:14,18,r|",Z2997994233
O=C1NC=2C=C(C=CC2C31CC3)C=4C=CC(=NC4)C(F)F,Z2998217185
CC(O)(CNC1CCN(CC1)C(=O)C2=CC(Cl)=CN2)C(F)F,Z2998726115
COC=1C=C(C=CC1S(=O)(=O)N2CCN3C=CC=C3C2)C(=O)O,Z3008837564
C[C@@H]1CN(C[C@H](C)O1)C(=O)NCC=2C=CC3=C(C2)CC(=O)N3C,Z3009939166
CCC=1C=CN=C(C1)C(=O)N2CCCCC2C3=CC(C)=NN3,Z3016311759
CC1=NN(C)C=2N=CC(=CC12)NC(=O)N3CCSC4CCC43,Z3016333494
CC=1C=CC(=CC1NC(=O)N(C)C2(CC2)C(F)(F)F)C(=O)N(C)C,Z3016335017
CC(C)(C)OC(=O)N1C[C@@H]2CCCN(C(=O)NC=3C=CN=CC3)[C@@H]2C1,Z3016335128
CCCCN(C)C=1C=CC(=CC1)NC(=O)N2CCN(CC2)C(N)=O,Z3016335743
O=C(O)C=1C=C(O)C=C(C1)NS(=O)(=O)C2=CC=NN2C3CCC3,Z3016338237
CC=1C=CC(=CC1)C2=NN=C(O2)SCCN3CCC(F)(F)CC3,Z3016339723
O=C(C=1C=CC(F)=C(O)C1)N2CCN(CC2)C3CCCC3O,Z3026725929
O=S(=O)(C=1C=CC(=CC1)C2(N=N2)C(F)(F)F)N3CCOCC3,Z3027211248
CON(C)C1CCN(CC1)C2CCN(C2=O)C=3C(C)=CC(C)=CC3C,Z3027267556
COCC12CCCN2C(=O)N(C1=O)C3CCN(C3=O)C(C)C,Z3027326698
CN1C(=O)C=2C=3CCCC3SC2N=C1SCCC4=NN=NN4,Z3027329800
"CN1C(=O)COC21CCN(CC2)C(=O)[C@@H]3C[C@H]3C4=CC=CC(Br)=C4 |&1:14,16,r|",Z3041602673
"O=C(NCCOC=1C=CC=2NC(=O)CCC2C1)[C@H]3C[C@H]4OCC[C@H]4N3 |&1:17,19,23,r|",Z3042258968
"O=C(NC1CC(=O)N(C1)C=2C=CC=CC2)N[C@H]3CNC[C@H]3F |&1:16,20,r|",Z3044525433
"CCC1(C)CN(C1)C(=O)NC[C@@]23C[C@]3(CNC2)C(F)(F)F |&1:11,13,r|",Z3047222123
O=C(N1CCC=2N=CNC(=O)C2C1)C3(CC=4C=CC=CC4)CCC=5C=CC=CC53,Z3049835284
CN1C=NC(=C1)CCNC(=O)C=2C=CC3=C(C2)N=C(CO)N3C,Z3052538761
CN1C=C(Cl)C(=N1)C(=O)N2CCC=3N=CNC3C2C=4C=NC=CC4,Z3052904732
O=C(NCC1=NNC(=O)N1C2CC2)C=3C=CC(F)=C4C=CC=NC34,Z3053098730
CN1C=CC(=N1)C2=CC(=NO2)C(=O)NC=3C=NC=C4CCCCC34,Z3053196034
CC1=CNN=C1C(=O)N2CCC(CC2)C=3C=CC=4NC=CC4C3,Z3054894016
COC=1C=CC(C(=O)N2C[C@@H](CNC(C)=O)[C@@H](C2)C3=CN=CN3C)=C(Cl)C1,Z3062852254
CCCC1=CC(=NO1)C(=O)NC=2C=CC(=CC2)C(=O)N=S(C)(C)=O,Z3063544937
CC=1C=C2C(=NC=CN2N1)N3CC(C3)NS(=O)(=O)N4CCC4,Z3063546894
C=CCN1N=CC=2C(=O)NC(=NC21)NCCC=3N=CC=NC3C,Z3063561963
C1=NC(=CN1)CC2CCN(CC3=NC=4C=CC=CC4S3)CC2,Z3063574898
"COC(=O)[C@H]1CC[C@H](C1)C(=O)NCCN2C=C(N=N2)C=3C=CC=CC3 |&1:4,7,r|",Z3068691813
O=C1NCC(CC=2C=CC=CC2)C(=O)N1CC=3C=CC=CC3,Z3070061786
"CCN1N=CC(C(=O)N[C@@H]2CC(=O)N(C)[C@H]2C3=CC=CN=C3)=C1C |&1:9,15,r|",Z3071537261
CCCC(NCC1=CN(CCOC)C(=O)NC1=O)C2CCC2,Z3071573306
CC=1C=NC(=NC1)N2CCCC3C=4N=CN(C)C4CCC32,Z3071580788
COC(=O)C=1C=CN=C(N1)N2CCCCC2CC3CCC3,Z3077614365
"O[C@H]1CCN(C=2N=CC=3COCC3N2)[C@H]1C=4C=CC(Br)=CC4 |&1:1,14,r|",Z3077693379
CCOC=1C=CC=NC1N2CCN(CC2)C=3N=C(C)C=C(C)N3,Z3077896214
CN(C)C=1C=CC2=NN=C(CNC=3N=CC=C(N3)C(F)(F)F)N2N1,Z3077964822
O=C(NC=1C=CC(=CC1)C=2C=NC=NC2)[C@H]3C[C@H]4[C@@H](C3)C4(F)F,Z3081222584
O=C(NC(C=1C=CC=CN1)C2CCC2)C=3N=NNC3C=4C=CC=CC4,Z3086383709
CN(C(=O)C1CCCCO1)C2=NC(=NS2)C=3C=CC=CC3,Z3091862390
O=C(C=1N=NC=2C=CC=CC2N1)N3CCOC(CC3)C=4C=CC=CC4,Z3092527167
CS(=O)(=O)NC=1C=CC=C(C1)CNC(=O)N2CCC[C@H]2C(F)F,Z3099371868
CC1=NC=CN1C=2C=CC(=CN2)NC(=O)C3=CN=C(O3)C4CCNCC4,Z3102746441
"CC=1C=C(CNC(=O)NC[C@@H]2C[C@H]2C3CCCCC3)N(C)N1 |&1:10,12,r|",Z3104057378
CN(CCC=1C=CN=CC1)C(=O)C2NCCOC=3C=CC=CC32,Z3104092617
CC=1C=CC=NC1CCNC(=O)N2CCC(CC2)C3=CN=CN3C,Z3104798979
CN(CC(F)(F)F)C1CCN(CC1)C(=O)C2(F)CCCNC2,Z3131812066
COCCN1C(=NN=C1N2CCC=3C=CSC3C2)C4=CC=NN4C,Z3139613877
"CC1=CC(=NC=N1)N2C[C@@H]3CN(C[C@]3(C)C2)C(=O)C4=CN=C(C)C=N4 |&1:9,13,r|",Z3177922398
C[C@H](O)C=1C=CC=C(C1)C=2C=C(F)C=C(C2)CN3C=CN=C3,Z3182043698
C1=CC(=CC(=C1)C2CCOC2)C3=NN=C(O3)C4=CC=CC(=C4)C5CCOC5,Z3210330665
COC=1C=C(C=CC1Cl)S(=O)(=O)N2CCN(CC2)C=3C=CC(C)=CC3,Z3243746237
CC=1N=CC=C(N1)NC(=O)N2CCCC(CC3=NN=NN3)C2,Z3215926840
"CCOC(=O)[C@H]1CCC[C@H]1NC(=O)C2=NNC=3N=CNC(=O)C23 |&1:5,9,r|",Z3216005299
COC=1N=CC=CC1NC(=O)C2=COC=3CCCC(O)C23,Z3216005315
"C[C@H]1C=2C=CC=CC2C[C@H]1NC(=O)N3CCC4(C3)NC(=O)NC4=O |&1:1,9,r|",Z3216017533
"COC=1C=CC(=CC1O)CN[C@H]2CN(C[C@H]2O)C(=O)OC(C)(C)C |&1:11,15,r|",Z3216018714
CN1C=NC=C1C2=CN(CC(O)CC=3C=CC=C(F)C3)N=N2,Z3254711994
CC[C@H](C=1C=CC(F)=CC1)N2C=C(N=N2)C3CC4(C3)OCCO4,Z3254796104
CC(C)(C1=NC(=NO1)C=2C=NC=CN2)C=3C=C(C=CN3)C(F)(F)F,Z3268495277
CN(CC1=NN=C2C=CC=CN12)S(=O)(=O)C3CC43CCC4,Z3268502601
CCC1CCC(CNC(=O)C2(CC3=CN=NN3)CCOCC2)CC1,Z3268542704
CCN1C=C(NC(=O)NCCNC=2C=CC=CC2)C(=N1)C(N)=O,Z3268551692
NC(=O)C1CN(C1)C(=O)NCC=2C=CC=CC2CN3C=CC=N3,Z3268555673
O=C(NC=1C=CC=C(C1)C2CCC(=O)N2)C=3C=C(C=CN3)C=4C=CC=CC4,Z3289059272
CC=1C=CC=CC1NC(=O)NC(C)C2(O)CN(C2)C(=O)OC(C)(C)C,Z3290576703
CN(CCN(C)C(=O)C1=CC=2CCCCC2S1)C(=O)CCCCNC(N)=O,Z3299507769
CCC=1N=NC(=NC1CC)N2CCC(CC2)C3(CC3)NC(=O)CNC(=O)OC,Z3299536474
"CCC=1N=COC1C(=O)N2C[C@H](NC(=O)CCC(C)(C)C)[C@H](C2)C(F)(F)F |&1:11,21,r|",Z3299546809
CC(NC(=O)C=1N=CN=C2NC=CC12)C=3C=CC=C(C3)SC(F)(F)F,Z3303387673
CCOCCC1=NN=C(N1)C=2C=C(C)N=C3C=CC=CC23,Z3307785276
CC1CN(CC2=NN=C3CCCCN23)CCN1C=4C=NC=CN4,Z3317065211
O=C(C=1C=CC(=CN1)CC=2C=CC=CC2)N3CCCC4(CCOCC4)C3,Z3324607184
CC=1C=NC2=C(C=NN2C1)C(=O)NC3CCC4=NC(=CN4C3)C5=CC=C(F)C=C5F,Z3325175700
CCOC=1C=CC(OCC)=C(C1)S(=O)(=O)NC=2C=C(Cl)C=CC2OC,Z3389120560
O=C1NC(=O)C2=C(C=CC=C12)C3=CC=CC=4C(=O)NC(=O)C34,Z3333985525
C[C@@H](C=1C=CC=C(F)C1)N2C=C(CC3(C#N)CCCCC3)N=N2,Z3337928404
COC=1C=C(C=CC1OC(F)F)NCC2(CC2)C3CCCCO3,Z3340908901
O=C1NCCC1CCN2C=C(N=N2)C=3C=CC=4C=NC=CC4C3,Z3342960202
CN1CCCC(C1=O)N2C=C(N=N2)C3CCN3C(=O)OC(C)(C)C,Z3343510745
O=C1C2CCCCN2S(=O)(=O)N1CCC3CCC4=CC=CC=C43,Z3343618957
"O[C@H]1C=2C=CC=CC2CC1N3C=C(CCN4CCC(O)CC4)N=N3 |&1:1,r|",Z3343810221
CCN1N=CC=C1C2=CN(CC=3C=CC=CC3S(C)(=O)=O)N=N2,Z3344087918
CC1=CN2CCN(CC2=N1)C(=O)NC=3C=CC(=CC3)N4CCNCC4,Z3347428762
CCC(C)N1N=CC(NC(=O)C=2C(N)=NN3C=CC=CC23)=C1C,Z3353319675
C[C@@H](NC(=O)C1CCCC2=CC=NN21)C=3C=CC(Cl)=CC3,Z3356619893
CC(NC=1C=NN(C1)CC2=CN3C=CC=CC3=N2)C4=NC=NN4C,Z3359735500
O=C(NC1CC(=O)N(CC2CC2)C1)C=3C=CC(Cl)=C(O)C3,Z3365241441
"CC1=CC2=C(C=C(C(=O)N[C@H]3COC[C@H]3N4C=CC=N4)N2CC(F)(F)F)S1 |&1:10,14,r|",Z3370550967
CC(C(=O)N1CCCCC1CC=2N=NNN2)C3CCOCC3,Z3370715234
CN1CCC(CC2=NC(=NO2)C=3C=CC(=CC3)OC4=NC=C(C=C4Cl)C(F)(F)F)C1,Z3377781785
O=C(CC1CCCNC1)NC=2C=CC(=CC2)C3=NNC=4CCOCC34,Z3385852749
O=C(COC1CCNCC1)NC=2C=CC(=CC2)C=3C=NNC3,Z3386022383
CC(C)[C@@H](CCNC(=O)[C@H]1C[C@@H]1C(F)F)NC(=O)C=2C=CC=3NC(=O)OC3C2,Z3388126957
CC=1N=C(NC(CO)C=2C=CC=C(C2)C(F)(F)F)C=3C=NNC3N1,Z3393210777
CC1CCN(C=2C=C(N=CN2)C3=CC=CS3)C(C1)C(N)=O,Z3393951732
CC(C=1C=CC=CN1)N(C)CCNC=2C(C#N)=NN=C3C=CC=CC23,Z3395779868
CC1(C)CN(C1C=2C=CC=CC2)S(=O)(=O)CCN3C=NN=N3,Z3404271709
CCC1=NN=C(N1)C2CN(CC3=CNN=C32)C(=O)C4=CC(=NN4CC)C5CC5,Z3414193048
CC(NC(=O)C=1C=CC=CC1)C(=O)N2CCOC3(CCS(=N)(=O)CC3)C2,Z3416608837
CC1=NOC(C)=C1C2=NC(C)=C(S2)C(=O)NC=3C=CC=C(C3)C=4C=NNC4,Z3464156135
CC1=CN(C)N=C1C(=O)NC=2C=CC(=CC2)C3=CSC(=N3)C(F)(F)F,Z3465306269
O=C(C=1C=CN(N1)C=2C=C(F)C=C(F)C2)N3CCCC=4C=CC=CC43,Z3476327833
CN(C(=O)CCC1=NC=C(O1)C2=CC=CC=C2F)C=3C=CC(F)=CN3,Z3476327910
CCN1C(=O)N(CC)C=2N=C(C=CC21)NC(=O)CCC(=O)NC3=CC=CC(=C3)C4=NNC(C)=N4,Z3477891228
CC=1C=C(OC1C(=O)NC(C)C=2C=C(Cl)C=C3CCOC23)S(N)(=O)=O,Z3486644447
CC(C)(C)OC(=O)N1CCN(CC1)C=2C=NC(=CN2)C(=O)N[C@H]3CCC=4C(F)=CC=CC43,Z3491766259
CC(F)(F)CN1C=C2C(=NC=NC2=N1)NCCC(C)(C)S(C)(=O)=O,Z3493113693
CN1CCN(CC2=CN(CC3=CC(=NN3)C=4C=CC=CC4)N=N2)CC1,Z3493586684
FC1=CC=C(C2=NOC(=N2)C3=CN(C[C@@H]4CCCN4)N=N3)C(Cl)=C1,Z3495814625
O=S1(=O)CCC(CNC2=CC=CC=C2OCC3CCCCC3)C1,Z3495969567
O=C1OCCC1CCN2C=C(N=N2)C=3C=NC=4NC=CC4C3,Z3497430932
CC(C)(C)OC(=O)C1=CC=C(S1)C2=CN(CC3(O)CCC3)N=N2,Z3497475027
CC1CCCCC1NC(=O)CN2C=CN3N=C(C=C3C2=O)C(C)(C)C,Z3500202722
CC(C)(C)C1(CNC(=O)C=2C=CC=C(Br)C2Cl)CCNC1,Z3506720613
CC1=C(C=NN1C=2C=CC(F)=CC2F)NC(=O)C3=CN(C[C@@H]4CCCN4)N=N3,Z3517171343
O=C(CC1CC(=O)NC(=O)C1)NC(CCC=2C=CC=CC2)CCC=3C=CC=CC3,Z3540221126
O=C1CCN(CC2=CN=CS2)C(=O)N1CC3CCCC43CCOCC4,Z3540550360
CN1C(=CC=2C(=O)N(C)C(=O)N(C)C21)C(=O)NC3=NNC4=CC(O)=CC=C34,Z3548928130
"COC(=O)C1N(CC21CCOCC2)C(=O)[C@@H]3C[C@H]3C4=CC=NC5=CC=CC=C45 |&1:15,17,r|",Z3574963684
CCOCC1CN(CCO1)C(=O)C2=CC=CN3C=NN=C23,Z3576053312
C[C@@H](NC(=O)C=1C=C(ON1)C2=CN(C)N=N2)C=3C=CC(=NC3)C(F)(F)F,Z3578628559
COC=1C=CC(OC(F)(F)F)=C(C1)C(=O)NC=2C=C3OCOC3=CC2C,Z3590543332
O=C(NC=1NN=NC1C(=O)N2CCCC2)N3CC4(C3)CC=CC4,Z3595849030
COC(=O)CC1CC(NC(=O)C2=CC=CN3N=CC=C23)C1(C)C,Z3608922803
CCOC(=O)C=1C=C2CN(C(=O)C3CCN(C3=O)C=4C=C(C)C=C(C)C4)C(C)CN2N1,Z3614384653
O=C(NC1CCC21CCC2)C=3C=C(C=CN3)C=4C=NC=5NC=CC5C4,Z3627210199
COC=1C=CC=CC1C2CN(CCN2)C(=O)C=3C=CC(=CC3)CCF,Z3669606449
CC1=CN2C=C(C=CC2=N1)C(=O)N(C)C3CCC(F)(F)CC3,Z3669981797
CNC=1C(F)=CC=CC1C(=O)N2CCOC3(CCS(=O)(CC3)=NC(C)=O)C2,Z3672315920
O=C(NCC(O)COC1=CC=CC=C1Br)C=2C=C3C(O)CCCN3N2,Z3675437767
CCN1N=C(C)C(=N1)C(C)NC[C@H]2C[C@@H](O)CN2C=3C=C(N=CN3)N(C)C,Z3686106056
C[C@@H]1COC[C@@](CO)(CNS(=O)(=O)C=2C=NN3CCCCC23)N1C,Z3686252831
C[C@@H]1COC[C@@](CO)(CNC=2N=CN=C3C=NN(C)C23)N1C,Z3686367741
CN(C)C[C@H]1C[C@@H](O)CN1C2=CC(=NC=N2)N3CC(CC=4C=COC4)C3,Z3686690226
"CCC1=NC(=NN1)[C@H]2COC[C@H]2NC(=O)CC=3C=NC=CC3C(F)(F)F |&1:7,11,r|",Z4122610401
"O=C(N[C@@H]1CC(CN2C=CC=N2)C[C@H]1O)C=3C=NC(=NC3)C4CC4 |&1:3,13,r|",Z3687017666
"CN1CC=2C=C(C=CC2NC1=O)C(=O)N[C@@H]3CC(CN4C=CN=C4)C[C@H]3O |&1:15,25,r|",Z3687066804
"CC1=CNC=2N=CC(=CC12)C(=O)N[C@@H]3CC(CN4C=CN=C4)C[C@H]3O |&1:13,23,r|",Z3687067833
"CCC1=NNC(CC)=C1CC(=O)N[C@@H]2CC(CN3C=CN=C3)C[C@H]2O |&1:13,23,r|",Z3687068038
"CNC(=O)C[C@@H]1CN(C[C@H]1O)C(=O)NCC2=CC=NN2CC(C)C |&1:5,9,r|",Z3687085500
C[C@@H]1COC[C@@](CO)(CNC(=O)C=2C=NC=C3CCCCC23)N1C,Z3687119160
"CNC(=O)C[C@@H]1CN(C[C@H]1O)C(=O)C=2C=CN=C(C2)OC=3C=CC(=CC3)C(C)C |&1:5,9,r|",Z3687141115
"CNC(=O)C[C@@H]1CN(C[C@H]1O)C(=O)CCC2=CC=C(C#N)C=C2Br |&1:5,9,r|",Z3687143668
O=C(NC=1C=NC=2C(F)=CC=CC2C1)C=3C=CC(=CC3)N4C=NN=C4,Z3689333060
CC(C)CC1=CNC(=C1)C(=O)N2CC(C2)N(C)C(=O)C3(CC3)NC(N)=O,Z3694519712
CNC(=O)NC=1C=CC=C(C1)C(=O)NC=2C=CC=3NC(=NC3C2)C=4C=CN=CC4,Z3709602992
Cl.O=C1C=2C=CC=C(C2C(=O)N1C3CCC(=O)NC3=O)N4CCNCC4,Z4985952072
CCN(CC)C(=O)C=1C=CC=CC1CN2C=C(N=N2)C=3C=NC(F)=CC3C,Z3741084332
CC(C)(NC(=O)C=1C=CN=C2NC=CC12)C=3C=CC(=CC3)C(F)(F)F,Z3765590877
CC(C)C(=O)N1CC(F)(CNC(C)C=2C=C3CCCCN3N2)C1,Z3781219137
CC(=O)NC=1C=CC(=CC1)C=2C=CC(=CC2)S(=O)(=O)NCC=3C=C4OCCCN4N3,Z3782166575
CC(CCC1CCCO1)NC(=O)C=2C=C3CNCCC3=CC2F,Z3790765813
CC(C)C=1C=CC=C(C1)NC2=NC(=CS2)C3COCCO3,Z3795624017
"COCC1=NN=C(O1)[C@]23CC[C@H]2CCN3C(=O)C=4C=C(O)C=5C=CSC5C4 |&1:8,11,r|",Z3799772277
C[C@@H](NC(=O)C1CCN(C1)C(=O)OCC=2C=CC=CC2)C=3C=CC(F)=CC3,Z3825287270
O=C(NC[C@H]1CCCCN1)C=2SC=CC2S(=O)(=O)N3CCC4=CC=CC=C43,Z3827524855
O=C(NC=1C=NC=2NN=CC2C1)C3CCN(CC3)C=4C=CC5=NN=CN5N4,Z4002438000
CC1=NN2C=C(C=C(C)C2=N1)C(=O)NC=3C=CC(=CC3)OC4CCNCC4,Z4004975515
CCN1C=CC(CN(C)C(=O)C(=O)N[C@@H](C)C=2C=CC(=NC2)C(F)(F)F)=N1,Z4015828039
NC=1N=CN=C2CCN(CC12)C(=O)C3CC(C3)C4=CC=CC(F)=C4,Z4026076017
CCN1C(=O)C=2C=CC(=CC2S1(=O)=O)C(=O)N3CC(CC4=CC(=CC=C43)OC)C(C)C,Z4034625960
COC=1C=CC2=C(C1)CCN(C3=NN=C(O3)C(C)(F)F)C2C,Z4074569017
NC(=O)C=1C=CC(=CC1)CN2C=NC=3C(=CC=CC3C2=O)C(F)(F)F,Z4081386003
CCNC(=O)NC=1C(C)=CC=CC1NC(=O)C2=CC(=NC3=CC=CC=C23)OC,Z4085118337
[K+].[O-]C(=O)C1CC(O)CN1C(=O)CCC2=C(NC=3C=CC=CC23)C=4C=CC=CC4,Z4689392022
CC(=O)N1CCCC=2C=CC(=CC21)NC(=O)C(NC(=O)CC(C)C)C(C)C,Z4087097187
CON1CCC(CC1)C(=O)NS(=O)(=O)C(C)C=2C=CC=CC2,Z4097985174
O=C(CC[C@@H]1CCCO1)NC(C=2C=CC=CC2)C=3C=CN=CC3,Z4108129500
CC1=NC(=CS1)C2=CNC(=C2)C(=O)N3CCC=4NN=C(C)C4C3,Z4112124077
CNC=1N=CC=CC1C(=O)NCCC2=CNC3=C(F)C=C(Cl)C=C23,Z4119326791
CCC=1CC(CNC(=O)C=2NN=CC2C=3C=CN=CC3)ON1,Z4130101422
O=C(NCC1CCN1C2CCCC2)C3=CNN=C3OCC(F)(F)F,Z4165830706
"CCC1=NN=C(CN2C[C@H](C)CC[C@H]2C=3C=CC=C(C)C3)O1 |&1:9,13,r|",Z4171263737
CC(C)=CCCC(C)CC(=O)NC=1C=CC=CC1C2CNC(=O)C2,Z4179089797
CN1CCC[C@@H]1C(=O)NC/C=C/CNC(=O)C2=CC=C(N2)C(N)=O,Z4180049443
CC=1C=C(C)C=C(C1)OCC(=O)N2CCN(CC3=NC(COC=4C=CC(F)=CC4)=NO3)CC2,Z4188962582
"O=S(=O)(N[C@@H]1C[C@H]1C=2C=CC(Cl)=C(F)C2)C=3C=NN4CCNCC34 |&1:4,6,r|",Z4205943852
ClC=1C=CC(=CC1)OCC2=CN(CCC3CNCCO3)N=N2,Z4212724656
COC=1C=CC=CC1[C@@H]2C[C@H](C2)NC(=O)C3(CCNC3)OC,Z4212868819
COC(=O)C1=CC2=C(N=CN=C2N1)N3CC(C)C=4C=CC(=CC43)OC,Z4216464146
O=C1N(CC2OCCO2)C=3C=CC=NC3N1C=4C=CC(Cl)=CC4,Z4216743648
O=C(CC=1C=CC=C(C1)OCC=2C=CC=CC2)N3CCCC(C3)C4(O)CC4,Z4232575418
CN1C=C(C=N1)OC2CN(C2)C=3C=C(Br)C=C(F)C3C#N,Z4232735813
COC=1C=CC(=CC1OC)CCNC(=O)CC2=NC3=CSN=C3C(=O)N2,Z4238487922
O=C(NC1=NNC=2C=CN=CC12)C=3C=CC=C4NC(=O)COC34,Z4252262326
O=S(=O)(NCCCC(F)(F)F)C1=NN=C(S1)C=2C=CC=CC2,Z4266148123
O=C(NC(CO)C1CCC1)C=2N=NC=3C(F)=CC=CC3C2O,Z4307839765
CC(=O)N[C@@H](CC=1C=CC(O)=CC1)C(=O)NC23C=CC(CC2)C3,Z4308991727
CN1N=C(N=C1NC(=O)NCCC2=CC=3C=CC=CC3O2)C4CCN(CC4)C(=O)OC(C)(C)C,Z4310357441
CCN1CCC(C1)NC(=O)C2=NN3C(=O)C=C(NC3=N2)C=4C=CC=CC4,Z4311531287
CCC=1N=CC(Br)=CC1C(=O)NC=2C=C(ON2)C(C)(C)F,Z4335404679
CC=1N=CN(C1C)C=2C=CC(=CC2)NC(=O)C=3C=C(NN3)C=4C=CN=CC4,Z4335748180
C1=CC=C(C=C1)NC2=NOC(=N2)C=3C=CN=C(N3)C4CCCC4,Z1689130953
C[C@@H](NC(=O)N1CCOCC(F)(F)C1)C=2C=CC=C(O)C2,Z2183612074
O=C(NC1=NN=CN1)C2CCCN(C2)C(=O)C=3C=CN=CC3,Z1265994504
CC=1C=C(C=CC1N2C=NC=N2)C(=O)N3CCC(CC3)NC(=O)C4CCCCC4,Z1266177721
CCS(=O)(=O)C=1C=CC=C(C1)CC(=O)N2CCCC2CSC,Z1690405004
CC(C)C[C@@H](NS(=O)(=O)C1=CC=C(S1)C(F)(F)F)C(=O)O,Z2185533219
O=C(C1=CN2C=CC=CC2=N1)N3CCCC(C3)C=4C=C(NN4)C(F)(F)F,Z1269688035
CCN1CCOC(C1)C(=O)NC=2C=CC=C(C2)C(=O)NC=3C=CN=CC3,Z1270004831
CC=1C=C(N=C(C)N1)C(=O)NCC2=C3CCCCC3=NN2C,Z2187540335
CN(C=1C=CC=NN1)C2CCN(CC2)C(=O)C=3C=NN4N=CC=CC34,Z1695778890
O=C(NCCC1=NC(=NN1)C=2C=CC=CC2)C3(CC3)C=4C=CC(Cl)=CC4,Z1695741240
CC=1SC(=NC1C=2C=CC=3CCCC3C2)NC(=O)C=4C=C(C(N)=O)N(N4)C=5C=CC=CC5,Z1275190274
CC(C1=NC=CS1)N2CCN(CC2)C(=O)C=3C=CC(=NN3)N4CCCC4,Z1697283346
COC(=O)C=1C=CC(=CC1F)CSC2=NN=C(C3=CNC4=CC=CC=C34)N2C5CC5,Z1401013255
N#CC=1C=CC(=CC1)CC(=O)N2CCC(CC2)OCC3CC3,Z1286546247
CN(C=1C=CC=CC1)S(=O)(=O)C=2C=CC=C(C2)C(=O)NC3=CNC(=C3)C(N)=O,Z1401215641
COC=1C=CC=CC1N2CCC(C2)NC(=O)C3CC3(Cl)Cl,Z1401942250
COC=1C=CC=2CCCCN(C(=O)C=3C=CC=NC3)C2C1,Z1401965490
COC=1C=CC=2CCCCN(C(=O)C3CC(=O)N(C3)C=4C=CC(F)=C(C4)[N+]([O-])=O)C2C1,Z1404527611
CNC(=O)NC1CCN(C1)C2=NC(=NO2)C=3C=CC(=CC3)[N+]([O-])=O,Z1699292571
COC(CNC(=O)NC=1C=NN(C1)CC2CCCO2)C(C)C,Z1309160469
CC=1N=C(C)N(CC2CCCN(C2)C(=O)NC3=CC=CC(F)=C3C)N1,Z1311917809
O=C(NC=1C=NN(C1)C=2C=CC=CC2)NC(C3=NN=CN3)C=4C=CC=CC4,Z1700426088
CCN1CCOC(C1)C(=O)NCC2(CCOCC2)N3CCCCC3,Z1311461985
CN1CCC(CC1)C(=O)NCC2(CCOCC2)N3CCCCC3,Z1311462014
COC=1C=CC(=CC1)C2=NC(C)=C(S2)C(C)NC(=O)NCC3=CNN=C3C,Z1701548262
O=C(C=1C=CC=CC1)N2CCC(CC2)C(=O)N3CCCC4=NNC=C43,Z1928104322
O=C(NC1CCC=2C=NNC2C1)C3CC3C=4C=CC=5OCCOC5C4,Z1411962596
NC(=O)NC=1C=CC=C(C1)C(=O)NC2CCC=3C=NNC3C2,Z1411960771
O=C(NC1CCC=2C=NNC2C1)C=3SC=4C=C(C=CC4C3Cl)C(F)(F)F,Z1411967205
CN1CCN(CC1)C(=O)C=2C=CC(=CC2)NC(=O)C3=CC=4CC(=O)NC4C=C3Cl,Z1313420041
COCCC1=NOC(CN(C)C(=O)C=2C=CC=C(C2)N3CCNC3=O)=N1,Z1412034574
CC1CCN(C(=O)C2CC32CCC=4C=CC=CC43)C=5C(O)=CC=CC51,Z1704442392
CCOC=1C=CC(=CC1)C(=O)N(C)C2CCN(CC2)C=3C=NC=CN3,Z1929146667
CC(NC(=O)C=1C=NN(C)C1CC=2C=CC=CC2)C3=CC=CC(=C3)NS(C)(=O)=O,Z1888651768
CC(C)N1C=C(C=N1)C(=O)N2CCOC(C2)C3=CC=CC(O)=C3,Z1816909612
O=C(NCCC=1C=CN(N1)C=2C=CC(F)=CC2)C=3C=CC(=NC3)NCC4CC4,Z1916260127
COC=1C=CC(=CN1)C(=O)NC2CCCN(C2)C3=CC(C)=NN3C,Z1883079305
CC(C)N1N=CC=2C=C(C=NC21)C(=O)N3CCOCC=4C=CC=CC43,Z1940732346
CC=1C=CC(Cl)=CC1NC(=O)C(C)N2CCOC3(CCOC3C)C2,Z1939900847
CN1C(=CC=2C=C(C=CC21)C(F)(F)F)C(=O)NC3(CCC3)C4=NN=CN4,Z1820685044
CC1(CC1)C(=O)NCC(=O)NC=2C=NC=3C=CC=CC3C2,Z1420064038
CCN1CCN(CC1)C=2C=CC=C(C2)NC(=O)CN3C=CC(=O)C=4C=CC=CC43,Z1716409941
O=C(C=1C=CC=2NN=CC2C1)N3CCN(CC3)C(=O)C=4C=CC(Cl)=CC4F,Z1319446674
CC[C@@H](CO)N(CC=1C=CC=CC1)C(=O)C2CCC(O)CC2,Z1942578410
CC1=CC(O)=CC(=O)N1CC(=O)NC=2C=CC=C(C2)N3C(=O)CCCC3=O,Z1944302834
CC(C)C=1C=CC(=CC1)OCC(=O)NC=2C=CC(=CC2)OC3COC3,Z1767546063
O=C(CN1C=NC=2SC=CC2C1=O)N3CCCN(CC3)C(=O)C4CC4,Z1767654908
O=C(C1=CC(=O)NC(=C1)C2CC2)N3CCC=4C=CC(O)=CC4C3,Z1720083354
CN1N=CC=2C=C(C=NC21)C(=O)NC=3C=CC=C(C3)CN4N=C5C=CC=CN5C4=O,Z1324394981
CC(=O)N1C[C@H](O)C[C@@H]1C(=O)NCC=2C(C)=NN(CC=3C=CC=CC3)C2C,Z1948930257
O=C(C=1C=CC(=NC1)OCC=2C=CC=CC2)N3CCN(CC3)C4CCOCC4,Z1324799768
O=C(C=1C=CC=CC1)N2CCCC2C(=O)N3CCC(C3)OC=4C=CC=NC4,Z1427021589
CN1C=C(C#N)C(=N1)NC(=O)C=2C=C(C3CC3)N(N2)C(C)(C)C,Z1325812954
CN(C)C=1C=CC=C(C1)C2CCCN2C(=O)NCC=3C=CON3,Z1326339221
COCC1=NC(=CC(=N1)OC)N2CCC(CC2)(C(N)=O)C=3C=CC=CC3,Z1724467957
CN1CCN(CC2CCN(CC2)C(=O)[C@@H](O)CC=3C=CC=CC3)CC1,Z1952013582
COC=1C=CC(=NC1)N(C)C(=O)C=2SC(CC3CC3)=NC2C,Z1832810818
O=C1OCCN1C=2C=C(C=CC2F)NS(=O)(=O)C=3C=C(F)C=C(F)C3,Z1955279940
CC(C)(C(=O)NC=1C=C(NN1)C2CCOCC2)C=3C=CC=C(Cl)C3F,Z1726540076
CC=1N=C(CNC(=O)C=2C=CNC(=O)C2)OC1C=3C=CC(Cl)=CC3,Z1430945771
CC=1C=CC(C)=C(C1)N2C=NC=3C=C(C=CC32)C(=O)N4CC(O)(C4)C5CC5,Z1834971156
O=C(C=1C=CN(N1)C2CCCC2)N3CCC(CC3)C(=O)N4CCCCC4,Z1431547956
CC=1N=C(OC1C(=O)N(CC2CC2)C=3C=CC=NC3)C=4C=NN(C)C4,Z1727115449
CC=1C=CC(=CC1)C=2C=C(NN2)C(=O)N3CCNC(C)(C)C3,Z1330147057
CN1C(=O)C=C(CNC(=O)C(CC=2C=CC=CC2)NC(=O)C=3C=CC=NC3)N(C)C1=O,Z1330080025
O=C1C=2C=CC=CC2N3C(=NN=C3N1CC=4C=CC=CC4)SCC5CC5,Z1431523883
CC(C)N1CCN(CC1)C2CCN(CC2)C(=O)C3(O)CCC3,Z1727402081
CN1C=NC=2CN(CCC2C1=O)C(=O)C=3C=CC(=CC3)COC=4C=CC=CC4,Z1757127570
CCNS(=O)(=O)C=1C=CC(=CC1)CC(=O)N[C@@H]2C[C@H](C2)C=3C=CC(Cl)=CC3,Z1954840057
CN1CC=2C=C(C=CC2NC1=O)NC(=O)C=3C=CC(=CC3)N4C=NN=C4,Z1729362041
CC(C)CC1COCCN1C(=O)NC=2C=CC(=NN2)C3CC3,Z1434676102
O=C(CC=1C=CC=CC1)NCCC(=O)N2CCCC2CC(O)C=3C=CC=CC3,Z1276197706
O=C(CNC(=O)C1CC1)NC2=NC=3C=CC=CC3N2CCC=4C=CC=CN4,Z1334430399
CC(C)C(C)(NCC1=CN(N=N1)C(C)(C)C)C=2C=CC(Br)=CC2,Z1841200567
O=C(C1=CC=2C=CC=CC2N1CC3CC3)N4CCC(CC4)C=5C=CC=CC5CO,Z1840987070
NC(=O)[C@@H]1CC=2C=CC=CC2CN1C(=O)CN3C=C4C=CC=CC4=N3,Z1334893999
O=C(C1CC(=O)N(C1)C=2C=NNC2)N3CCC(O)(C3)C(F)(F)F,Z1335000362
CNS(=O)(=O)C=1C=CC=C(C1)CNC(C)C=2N=NN(C2C)C=3C=CC(C)=CC3,Z1438390213
CC1(C)CN(CC2(CCOC2)O1)C3=CC(=NC4=NC=NN34)C=5C=CC=CC5,Z1958802554
CN(CC1=NC(=CS1)C=2C(F)=CC=CC2F)CC3(O)CCC3,Z1731897759
COC=1C=CC(F)=CC1CC(=O)NC(C)C2(CCCC2)N3CCOCC3,Z1732646296
COC=1C=C(F)C(=CC1OC)S(=O)(=O)N2C=3C=CC(C)=CC3[C@H]4CN(C)CC[C@H]42,Z1959636805
CC=1C=CC(=CC1C2=NC=CO2)NC(=O)C=3C=CC4=C(C3)N=NN4C,Z1439392670
CC=1C=CN=C(C1)N2CCN(CC2)C(=O)C3CCN(C)C(=O)C3,Z1439777524
CCC1=NC(=NO1)C2(CCCC2)NC(=O)C3=CC=NN3C(C)C,Z1440114731
COC=1C=CC(=CC1)C2=NC(=NO2)C=3N=CC=CC3N4C=CC=N4,Z1960665851
CCC1(CC)C(CC1OC)NC(=O)N(C)CC2=CSC=N2,Z1440497034
CC1=CC(=NO1)NC(=O)CN2CCN(CC2)C3CCC4=CC=C(F)C=C43,Z1337743937
CN1C=CN=C1CC2CCCN(C2)C(=O)NC=3C=CC(=NC3)N4N=CC=N4,Z1440674527
CC1=NN(C)C(C)=C1S(=O)(=O)NC(=O)C2=CC=NN2C3CCCC3,Z1441738424
CC=1C=CC2=C(C1)C3CN(C)CCC3N2C(=O)C=4C=NC=C(C4)C=5C=CC=6OCCC6C5,Z1462140008
COC1=C(C)C=NC(CN(C)C(=O)NC2CCCOC2CC(C)C)=C1C,Z1735924463
O=C(NCCC1=CCCCC1)NC=2C=CC(=NN2)C(F)(F)F,Z1736558569
COC=1C=CC(=CC1NS(=O)(=O)C2=CN(C=N2)CC(C)C)C(=O)O,Z1347715691
CC(=O)NC=1C=C(C)C(=CC1Br)S(=O)(=O)NCCC(=O)O,Z1738000314
CC1=NN(C)C(C)=C1C(C)C(=O)N(C)CC=2C=CC(=CC2)C(=O)O,Z1445025813
CN(CC(=O)N1CCC(CC1)C(=O)O)C(=O)C=2C=CC=C3OCOC23,Z1445212200
C=1N=CN(N1)C2CCN(C2)C=3N=CN=C4SC(=CC34)C=5C=CC=CC5,Z1739567088
CC1=NC(=CS1)C=2C=CC=C(C2)C(=O)NC=3C=CC=CC3CC(=O)O,Z1444785525
O=C(O)COC=1C=CC(NC(=O)CC2C=CCC2)=C3C=CC=CC13,Z1444807226
CC=1C=CN(N1)C=2C=CC(=NN2)N3CCCC3C=4C=CC=NC4,Z1343168935
C[C@@H](NC(=O)NC=1C=CC=2NN=CC2C1)C=3C=CC=C(Cl)C3,Z1849315819
CC1=CC(C)=C(O1)C(=O)NC=2C=CC=C(C2)C3=NN=CN3,Z1344113709
COC=1C=CC(=CC1)CC2CCN(CC2)C(=O)NCCCF,Z1447731642
COC=1C=CC=C(C1F)C2(CCOCC2)NC(=O)CCC3CCCO3,Z1894817314
C[C@H]1CN(CCN1C(=O)C=2C=CC(=O)N(C2)C=3C=NN(C)C3)C4CCOCC4,Z1902777064
CC1=CC(CC(C)NC(=O)C2CCCN(C2)C(=O)CC=3C=CC=CC3)=NN1,Z1449267004
CC1=CC=CC(CC(=O)NC2CCN(C2=O)C3CCCCC3)=C1Cl,Z1851681156
O=C(NCCC=1C=CC=CC1OC(F)F)N2CCOCC(C2)C3CCC3,Z2200953279
CCC(CNC(=O)N1CCC(CC1)N(C)C(C)=O)OC2=CC=CC=C2C,Z1373086087
CC(C1CC1)N2C=C(C=N2)NC(=O)C3=CC(=O)NC=4C=C(F)C=CC34,Z1744295189
CC(C)C1=NC(=NN1C=2C=CC=C(F)C2)C(=O)NC3=CC=CC=C3C(=O)O,Z1744286711
CC(C)NC=1C=CC(=CN1)C(=O)N2CCC=3NC=4C=CC=CC4C3C2,Z1371209851
CN1CCOC(CN(CC2CC2)S(=O)(=O)C=3C=CC=4OCCCC4C3)C1,Z1856016117
COCCC1(CNC(=O)NC=2C=CC(=CC2)N3C=CN=N3)CC1,Z1451820610
CC(=O)N1C[C@@H](O)C[C@@H]1C(=O)NC2COC=3C=CC(F)=CC3C2,Z2203551067
CCS(=O)(=O)NC1=CC=CC=C1C(=O)NC=2C=C(C3CC3)N(C)N2,Z2204228902
O=C(NC=1C=CC(NCC2CCCO2)=C(F)C1)C3CCN(CC3)C4CC4,Z1906219730
CN1C=C(C=N1)C2=NC(=CS2)C(=O)N3CCN(C=4C=NN(C)C4)C(=O)C3,Z1348756730
CC=1OC=NC1C(=O)NCC2(CCCC2)C=3C=CC=C(F)C3F,Z1862281087
CC(CC=1C=CC(O)=CC1)NC(=O)C2CCCN(C2)C(=O)NC3CCCC3,Z1454742070
O=C(CCC=1C=CN=CN1)N2CCCC=3C=CC=C(O)C32,Z1862605838
O=C(C=1C=CC=2NC(=O)CCCC2C1)N(CC=3C=CC(F)=CC3)C4CCOCC4,Z1862307129
CC(C)N1CCC(CC1)C(=O)NCCCC2=NC(=O)NN2,Z1863082837
O=C(O)[C@@H](CC=1C=CC=CC1)NC(=O)C2CCN(CC2)C=3C=CC4=NN=CN4N3,Z1455310433
O=C(N1CCC(CN2C=NC=N2)CC1)C3(CCCC3)C4=CC=CC=C4F,Z1748526120
COC=1C=CC(=CC1)CN2C=CC(=N2)NC(=O)C3C4CCCC34,Z1748241840
COC=1C=CC=CC1NC(=O)COC=2C=CC(=CC2OC)C(=O)N3CCC4CCCC43,Z1748866399
CC=1N=CN(C1C)C=2C=CC(=CC2)NC(=O)C=3C=CC=C(C3)NC(N)=O,Z2207547631
O=C(C=1N=CC(F)=CC1F)N2CCN(CC2)C=3N=CN=C4C=CSC34,Z1864394111
CN(C)CC1=CC(=NO1)C(=O)NC(CC2CC2)C=3C=C(F)C=C(Br)C3,Z1749126117
O=C(NC1CC(F)(F)C1)NC2CCCOC=3C=C(Cl)C=CC32,Z1864828171
CC(C)N(C(=O)C1=CC=NN1C(C)C)C=2C=CC(Br)=CN2,Z1456757935
CC1=NC(CC(=O)NC=2SC=3CCCCCCC3C2C#N)=C(C)S1,Z1456753558
CCN1N=C(C=C1C2CC2)NC(=O)N(CC3CCCCC3)C4CC4,Z1352791941
CC(NC(=O)NC1CC(=O)N(C1)C2CC2)C3=CC=CC4=CC=CC=C34,Z1352809028
CN(C(=O)C=1C=CC=CC1SCC(=O)N2CCC=3C=CC=CC32)C4CCNC4,Z2446755358
CC1=C(C=NN1C)CC(=O)NS(=O)(=O)CC2CCCCC2,Z2208842267
COC=1C=CC(=CC1)N(CC2=CC=CS2)C(=O)CC3CCNCC3,Z2447571852
O=C(CC1CCN(CC1)C(=O)CC2CC3CCC(C2)N3)N4CCOCC4,Z2436160437
CC=1C=CC=C(C1)COC2=CC=C(NC(=O)CC3CCCN3)C(C)=C2,Z2437059463
CC(O)(CN1C(=O)C(C)(C)C=2C=CC=CC21)C(=O)NOC3CCOC3,Z1866709721
C[C@H](NC(=O)N1CCCC1C2=NN=CN2C)C3=CC(Cl)=CC=C3Cl,Z1752815670
CC(NC(=O)N1CCCC1CCO)C=2C=CC=CC2OC=3C=CC=CC3,Z1752326321
CCC1=NOC(=N1)C=2C=CC(C)=C(C2)NC(=O)CS(C)(=O)=O,Z1355047760
O=C1NC(CC=2C=CC=CN2)C(=O)N1CCC3=CC=CC4=CC=CN=C34,Z1868564577
O=C(O)C(F)(F)F.CC=1C=C(C(=O)N2CCC3(CC3C(=O)O)CC2)C4=CC(Br)=CC=C4N1,Z8526717058
CC=1N=CC(C(=O)NC=2C=CC(=CC2C)OCC(=O)O)=C(C)N1,Z1869845613
CC1=NN(C)C(=O)C(C(=O)NC=2C=CC(OCC(=O)O)=C(Cl)C2)=C1C,Z1870006977
CC1=NC(=NC(C)=C1CC(C)C)N2CCN3C(=NN=C3C2)C=4C=CC=CC4,Z1357236592
FC1=CC=C(OC2CCN(CC2)C3=NN=C(O3)C(F)F)C(F)=C1,Z2213912519
CC=1N=C2C=CC=CN2C1CSC3=NN=C4N(C)C5=CC=CC=C5N34,Z1357367285
CCNC1=NC=C(S1)C(=O)N2CCC2C=3C=CC=C(F)C3,Z1464281899
CN1N=C(C=C1NC(=O)NC=2C=CN(CCO)N2)C=3C=CC(F)=CC3F,Z1919356630
CC1CN(CCN1CCO)C=2N=CN=C3C=CC(=CC23)S(C)(=O)=O,Z1874265202
CC1=C(Br)C=C(C(=O)NC(CC(C)C)CN(C)C)C(=O)N1C,Z1874378756
CCC=1C=CC=C(C1)S(=O)(=O)NCCC=2N=C(C)C=C(C)N2,Z1359649507
O=C(C1=CNN=C1C=2C=CC=C(Cl)C2)N3CCCC(O)(C3)C(F)(F)F,Z1390985275
CCC1=NNC(=N1)C=2C=CC=CC2NC(=O)C=3C=CC(NC(C)=O)=C(F)C3,Z1875186242
COC=1C=CC(=CC1OC)CN(C)C(=O)N[C@@H]2C[C@H]2C=3C=CC(F)=CC3,Z1921107414
O=C(CC=1C=CC(=CC1)OC(F)(F)F)N2CCC(CC2)C3=NN=CN3,Z1361022029
CC1C(CCN1C(=O)C=2C=CC(=CC2)NS(C)(=O)=O)C=3C=CC=CC3,Z1361004509
O=C(C=1C=CC=2C=CC=CC2N1)N3CCC(CC3)C4=NN=CN4,Z1361018172
O=C(C=1C=CC(=CC1)N2C=NC=3C=CC=CC32)N4CCCC(C4)OCCO,Z1468345650
COC=1C=CC(=CC1C2CC2)C(=O)NC=3C=CC=CC3Cl,Z1881547105
CN(CC(=O)O)CC1CN(CCO1)C(=O)CCN2C(=O)C=3C=CC=CC3C2=O,Z1762709375
CC1=CON=C1NC(=O)CCC2=C(NC=3C=CC=CC23)C=4C=CC(F)=CC4,Z1473068941
O=C(O)C1C2CCCC2CN1S(=O)(=O)CC3=NOC=4C=CC=CC34,Z1763618031
O=C(NC1CCC(=O)NC1=O)C=2C=3C=CC=CC3N=C4CCCCC24,Z1474301129
CC1=CC(C)=CC(=C1)OCCNC(=O)N2CCN(CC(C)(C)O)CC2C,Z1763983962
CC=1C=CC(=CC1C(N)=O)NCC2=CNN=C2C=3C=CSC3,Z1765016344
COC=1C=CC=C(C(=O)NC2=NN=C3CCCCN23)C1O,Z1631739302
CN(C)C=1C=CC(=CC1)C(=O)N2CCN(CC2)C(=O)C=3C=CC(O)=CC3,Z358336510
O=C(CN1C=CC=N1)N2CCN(CC2)C(=O)C=3C=CC=CC3O,Z648251130
CNC(=O)C(NC(=O)C=1C=C(C)C=CC1O)C=2C=CC=CC2,Z737682794
CN(C)C(=O)C(OC(=O)C=1C(F)=CC(O)=CC1F)C=2C=CC=CC2,Z1230956421
CCOC1CC(NC(=O)C=2C=CN=C(C2)N3C=CC=N3)C41CCCC4,Z1276042367
CCC=1N=CC(=CN1)NC(=O)N2CCN(CC2)C=3C=NC=CN3,Z1482176222
CCC=1N=CC(=CN1)NC(=O)NC=2C(C)=NN(CC)C2C,Z1482173214
N#CC=1C=CC=CC1COC=2C=CC(=CC2)C(=O)NCC3CN4CCN3CC4,Z1482068504
COC=1C=CC(=C(C)C1)S(=O)(=O)NC=2N=CN(N2)C=3C=CC(C#N)=CC3,Z1483239922
CC1(C)CCCC(O)(CNC(=O)C2(CCCC2)S(C)(=O)=O)C1,Z1784527364
CC1=NNC(=C1C(=O)NC2CCC(CC=3C=CC=CC3)C2)C(C)C,Z1784592663
CC(=O)N1CCN(CC1)C=2C=CC=C(C2)NC(=O)C=3C=C(F)C=CC3O,Z1767902274
OCCC1(CNC2CCCC3=CC=C(O)C=C32)CCOC1,Z1979732546
CC(=O)NC(C)(C)C1=NOC(=N1)C(C)N2CCC3=CC=CC=C3C2,Z1797183941
CC1=CC(C)=C2N=C(C=C(C(=O)N3CCN4C(=O)NCC4C3)C2=C1)C5CC5,Z1370795512
CC(=O)N1CCC(CC1)NC(=O)COC=2C=CC(=CC2C)C(F)(F)F,Z1981110440
CC1=NN(C)C(=C1C(=O)NC=2C=C(C=CC2C)C(=O)NCC3CC3)N4C=CC=N4,Z1786435595
CC1=CC(=NN1C)NC(=O)NCCN2CCOC(C)(C)C2,Z1487741938
CC(C)C=1C=CC=C(N1)C(=O)N2CCC(CC2)N3CCCNC3=O,Z1488123233
CC=1C=C(C)N2N=C(N=C2N1)C(=O)N(C)C3CCCC4=C3C=NN4C,Z1488478749
O=C(C1CCN(CC1)C2=NC=3C=CC=CC3O2)N4CCCC5(CCCC=6C=CC=CC65)C4,Z1374245548
CNC(=O)C=1C=CC(=CC1)S(=O)(=O)N2CCC(CC2)C3=NC(=NO3)N(C)C,Z1788001269
O=C(NCC=1C=CC=C(C1)C=2C=CC=CN2)N3CC(=O)NC4CCCCC43,Z1489508571
CCCCN1CCC(CC1)NC(=O)C(=O)NC2=CC=C(Cl)C=C2C,Z1290268012
CN1CCC(C(=O)NC2=NC(=CS2)C3=CNC(=C3)C(N)=O)C=4C=CC=CC41,Z1495025688
O=C(NC1CCN(CC(F)(F)F)C1=O)C2=CC=3OC=CC3N2,Z1495292321
CC1=NOC=2N=CN=C(NCC3CCOC=4C=CC=CC43)C12,Z1999968677
OC=1C=CC=2CC(CCC2C1)NCC3=CNN=C3C=4C=CC=CC4,Z1884114927
CCC(C)NC(=O)C=1C=CC=C(C1)CNC(=O)N2CCOC[C@H]2C,Z1884239502
CC=1OC(=C(C(=O)N2CCN(CC2)C=3C=NN(C)C3)C1C)C=4C=CC=CC4,Z1766040622
CCC1=CN=C(CNC(=O)N2CCC(CC2)S(=O)(=O)CC)S1,Z1884375119
COCC1=NOC(CN2CCN(CC2)C(=O)C=3C=CC=C(C3)N(C)C)=N1,Z1772408963
O=C(NC=1C=CC(=CC1)NC=2N=CC=CN2)C3=CSC(=N3)C=4C=COC4,Z1886379719
CC(C)(NS(C)(=O)=O)C1=NOC(=N1)C2CC32CCOC4=CC=CC=C43,Z1890228122
O=C(NCCC1CCCOC1)C2=CC(=CS2)C=3N=NNN3,Z4385456754
O=C1NCC2(CCN(CC(O)C=3C=CC=CC3C(F)(F)F)CC2)OC=4C=CC=CC14,Z4415377430
CN(C)S(=O)(=O)C=1C=C(C=CC1F)C(=O)NC(CC=2C=CC=CC2)C(=O)NC=3C=CC=CC3,Z4426574536
CC(CNC(=O)C=1C=CC=C2CCNCC12)C=3C=CC(F)=CN3,Z4430006981
COC=1C=CC=2CCC[C@@H](NS(=O)(=O)C=3C=C(F)C=CC3OC(F)F)C2C1,Z4439010956
NC(=O)CCOC=1C=CC=CC1NCC2=CNN=C2C3=CC=C(Br)S3,Z4439098054
OC1(CC[C@H]2CO[C@@H]1O2)C3=CN(N=N3)C=4C=CC(Br)=CN4,Z4445354208
CC=1C=C(C=CC1C=2C=CN=CC2)NC(=O)NCC3=CC=CC(=C3)C4(C)NC(=O)NC4=O,Z4457797238
CC1=CC=CN2C=C(N=C12)C=3C=CC(=CC3)NC(C)C=4C=NN(C)N4,Z4461652160
CCC(C)NC(=O)C=1C=CC(=CC1)NC(=O)NC=2C=CN(CC3=CC=CC=C3C)N2,Z4493169186
CC(C(=O)NC1C=CS(=O)(=O)C1)C2=CC=3C=CC=CC3N=C2O,Z4493577820
O=C(CN1C=C(N=N1)C=2C=NC=C(F)C2)N3CC4CCCCC43C=5C=CC=CC5,Z4493824065
CC1=CC(=O)OC=2C=C(C=CC12)OCC(=O)NC=3C=CC(=CC3)OCC=4C=NC=CN4,Z4503396861
COC=1C=C(N=CN1)NC2=CC=C3NC(=O)C4(CCCCC4)C3=C2,Z4511729734
CC1(CNC(=O)C=2C=CON2)CCCN1C(=O)C=3N=NN4C=CC=CC34,Z4515313747
CN(C(=O)CN1C(=NC=2C=CC=CC21)C=3C=CC=CC3)C=4C=CC=NC4,Z4522270151
O=C(NCC1CCN(CC(O)C=2C=CC=CC2)CC1)NC(CO)C=3C=CC(=CC3)C(F)(F)F,Z4574658772
CC(C)C[C@H](NC(=O)C=1C=CN=CC1OC(C)C)C(=O)O,Z4582149539
O=C(NC=1C=CC(F)=CC1)NC2CCN(CC2)C=3C=C(N=C(N3)C=4C=CN=CC4)C(F)(F)F,Z4605071344
CS(=O)(=O)C1CCN(C1)S(=O)(=O)C=2C=C3NC(=O)CCCC3=CC2Cl,Z4607590224
CC=1C=CC(O)=CC1C(=O)N2CCCC(C)(C2)NC(=O)C3=COC(=O)N3,Z4622705955
CC(CNC(=O)C=1C=CC=CC1CN2C=C(N=N2)C3=CC=CC(Cl)=C3)C(=O)OC(C)(C)C,Z4635112762
CC1(CCC=2C=CC=CC2C1)C(=O)NC=3C=CC=4CCCC(=O)NC4C3,Z4635112825
CC1CC=2C=C(C=CC2O1)CNC(=O)NCC3=NC(=NN3)C4=CC=CO4,Z4636551775
COC=1C=CC=C(C1)C(CNC=2N=C(C)C=3C=CC=CC3N2)N(C)C,Z4638533407
CC=1OC=NC1C(=O)N2CCC3(C2)CN(CCO3)C(=O)C4C5CCCC45,Z4644054222
CC1=CC(=NN1)OC=2C=CC(=CC2)NC(=O)C3=CNC=4N=CN=CC34,Z4661213744
COC=1C=CC(=CC1NC(=O)NCC2=C(C)N=C3C=CC=CN23)S(=O)(=O)N4CCCCC4,Z4767388944
CN(C)S(=O)(=O)C1(CN2C(=O)NC=3C=C4CCCCC4=CC3C2=O)CC1,Z4867098007
COCCNC(=O)C1(CC1)NC(=O)CC2SC=3C=CC=CC3NC2=O,Z4872562682
N#CC=1C=CC=C(C1)N2N=C(CCCO)N=C2C=3C=CC(=CC3)CC=4C=CC=CC4,Z4873983664
CN1C(=O)N(CC=2C=CC=CN2)N=C1C=3C=CC(Cl)=CC3,Z4877951560
O=C(NCC=1C=CNC1)C=2C=CC=C(C2)CN3C=C(N=N3)C=4C=CC=C5C=NC=CC45,Z4879346698
C[C@H](C=1C=CC=C(F)C1)N2C=C(N=N2)C=3C=CC=4C=NNC4C3,Z4879347019
O=C(CC=1C=CN=CC1Cl)NC=2C=NC=C3C=CC=CC23,Z4897371038
COC(=O)C=1C=CC=2CCN(CC2N1)C(=O)C(=O)NCC=3C=CC(=CC3)C4=CC=NN4,Z4898005777
CNC(=O)C(F)(F)C1(O)CCN(CC1)C(=O)C=2C=NC=C(N2)N3C=CC=N3,Z4898819362
CN1C(=NC=2C=CC=CC21)C3=CN(N=N3)C=4C=CC=C5C(=O)N(CC45)C6CCC(=O)NC6=O,Z4910988072
NC1=C(SC=2C=CC=NC12)C(=O)N3CCCC4=NNC=C43,Z4917879784
O=C(NCC1CC2(CN1C(=O)C=3C=CC=4CCC(=O)NC4C3)CCOCC2)C=5C=CC=NC5,Z4921676953
C=1C=CC(=NC1)NC=2C=C(C=CN2)C=3C=CC(=CC3)OCC4CCOC4,Z4931450549
CN1CC2(CCN(CC2)S(=O)(=O)C=3C=CN=C(O)C3)OC1=O,Z4952342478
COC(=O)C1CN(CC=2C=CC=CC21)C(=O)NC=3C=CN4C=NN=C4C3,Z4952412505
CCSC=1N=CC=NC1C2=NOC(=N2)C=3C=NC4=CC=NN4C3C,Z4982081445
CC(C=1C=CC=CC1)N2CC(CC2=O)C(=O)NS(=O)(=O)C3=CC=C4CCCCC4=C3,Z4982101200
CC(NC=1N=CN=C2C=NN(C)C12)C=3C=CC(F)=C4C=CC=CC34,Z4988769099
COC=1C=CC(=CC1)N(C(=O)C=2C=CC=CC2)C(C(=O)NC3CCCCC3)C=4C=CC=CN4,Z4996443517
CC=1C=C(NC(=O)COC=2C=CC=3C(=O)N(C(=O)C3C2)C4CCC(=O)NC4=O)N(C)N1,Z5000456027
O=C(NS(=O)(=O)C1CS(=O)(=O)C=2C=CC=CC21)C3CCC3C=4C=CC(F)=CC4,Z5004075627
CN(CC=1C=CC=CC1C=2C=CC=CC2)C(=O)C=3C=NN(N3)C4CCNCC4,Z5004219763
"COC=1C=CC=2CCC[C@H](NC(=O)N[C@@H]3CCCC[C@H]3NS(=O)(=O)C4CC4)C2C1 |&1:14,19,r|",Z5015110221
"COC(=O)C=1C=CC(Cl)=CC1C2=CN(N=N2)[C@H]3CC[C@H]3F |&1:16,19,r|",Z5020732603
CC=1C=CC=2C=CC=NC2C1C(=O)NC=3C=CC=4C(=O)N(C)C=NC4C3,Z5021346303
OCC(NC=1N=CC(Br)=C2N=CC=CC12)C=3C=CC(=CC3)C(F)(F)F,Z5023886452
CN1C=C(C=C1C(=O)NCCC2=NC(CC=3C=CC=CC3)=NO2)C4=NOC(=O)N4,Z5036190519
CC1=NC=2C=C(C=CC2N1)N(C)C(=O)C3=CC(=NN3CC4CC4)C=5C=CC(Cl)=CC5,Z5057725931
CP(C)(=O)C1CCN(CC1)C=2N=CC(=CC2S(=O)(=O)N3CCCC3C4CC4)C(F)(F)F,Z5069787900
CS(=O)(=O)NC=1C=CC(=CC1)C2=CSC(=N2)NC=3C=CC(=CC3)CN4C=NC=N4,Z5086825355
"CC(=O)NC=1C=C(C=CN1)C2=CN(N=N2)[C@@H]3C=4C=CC=CC4CC[C@H]3O |&1:15,24,r|",Z5087102371
CC(C)(C(=O)N1CCCC=2OC=CC2C1)C=3C=CC(F)=C(Cl)C3,Z5095375469
COC=1C=C(Br)C=CC1NC(=O)C(C)C2=CN(C)C3=CC=CC=C23,Z5101997346
CC1=NC(=C(S1)C(=O)N2C[C@@H]3C[C@H]2CN3C(=O)C4CCCC5(CCC5)O4)C=6C=CC=CC6,Z5129500645
CCN(CC1=CN(N=N1)C2=CN=NN2C)C=3C=CC=C(C3)CO,Z5135308864
COC(=O)C=1SC=CC1C2=CN(CC3(O)CCNCC3)N=N2,Z5187561855
N#CC=1N=CNC1C(=O)NC2CCN(CC2)C(=O)C=3C=CC=4CCC4C3,Z5222772071
O=C(NC1=NC=C(CC=2C=CC(Cl)=CC2F)S1)C3CCCC=4NC=NC43,Z5267664615
"COC=1C=CC(=CC1C)C(=O)N[C@H]2CC[C@H](C2)NC(=O)C3=CN=CS3 |&1:12,15,r|",Z5282908565
O=C(NCC=1C=CC=C(C1)NC(=O)C=2C=CC=CN2)C3=CC=4CNCCCC4N3,Z5292430177
O=C(NCC=1C=CC(=CC1)C=2C=CN=CC2)C3=CC=C4N3CCNC54CCC5,Z5292449076
COC=1C=CC(=CC1)C=2C=CC(C(=O)NCC=3C=NN4CCNCC34)=C(F)C2,Z5292470039
COC=1C=CC(=CC1Cl)C2=CN(CC=3C=C(O)N4N=CC=C4N3)N=N2,Z5295184909
O=C(NC=1C=CC(F)=NN1)C=2C=C(N=C3C=CC=CC23)C4=CC=CC=C4Cl,Z5308955718
O=C(O)C1(CCC1)C2=CN(CC3=CC(=NO3)C4CC4)N=N2,Z5314474873
C1=CN2C=CN=C(C2=N1)N3CCCCC4(CCCCC4)C3,Z5356927301
CC=1C=CC(=CC1Br)C=2N=C(C=3C=CC=NN3)N(CC(F)F)N2,Z5370420776
COC=1C=C(C=CC1O)CC2NC(=O)[C@@H]3C[C@H](CN3C2=O)OC(F)F,Z5397887078
CN1C=CN=C1CN2C=C(N=N2)C=3C=CC=4C=NC=CC4C3,Z5470719333
CC(C)(O)C1=NN=C2CN(CCN12)C(=O)C=3C=CC=CC3NCCO,Z5477208318
C[C@@H](C(=O)NCC1(F)CN(C1)C(=O)C2=CC=C3C=CC=NC3=C2)N(C)C,Z5521367508
O=C(C=1C=CC=C2COCCC12)N3C(CO)CCC3C=4C=CC=CC4,Z5540271382
CC=1N=CC=CC1N2N=C(N=C2C=3C=CC4=C(C3)C(C)(C)C(=O)N4C)C5CCCO5,Z5605978652
NC(=O)C=1N=CN2CC(CC(=O)NC=3C=CC(=CC3)C4=NC=5C=C(F)C=CC5N4)C(=O)NC12,Z5608826572
CC1=NNN=C1C(=O)N(C)C2CCCN(C2)C(=O)C=3C=CC=C4CCCCCC34,Z5861717659
COC=1C=CC(=CC1)C2=CC=3N=CN=C(N[C@H]4CCOC4)C3S2,Z6001257106
COC1=CC(=NC(=N1)C2=CN(N=N2)C3CCC(=O)NC3=O)OC,Z6032284737
C1=NN=NN1C=2C=CC=C(C2)C=3C=CN=C(C3)NC=4C=CC=CN4,Z6047178562
CN1CCCCC1C(=O)NC=2C=CC(=CC2)C3=CSC(N)=N3,Z6214256170
COC(=O)CC1=NN(C)C(C)=C1C2=CC=CC(OC)=C2OC,Z6214401071
COC=1C=C2C(=O)N(C=NC2=CC1F)CC(=O)NC=3C=CC=CC3Cl,Z6240279127
COC(=O)C=1C(CNS(=O)(=O)C=2C=CC(F)=C(C2)C(=O)N3CCCC3)=NN4CCCCC14,Z6309450074
CC=1C=C(N=CC1S(=O)(=O)N2CC3CCC3(C)C2)NCCC=4C=CC=CC4S(N)(=O)=O,Z6318939429
OC=1C=C2C(=NC=NC2=CC1F)NCCC3=CC=C4NC=CC4=C3,Z6334641728
CC1(C)CC2=NN=C(CCN3C=CN=C3)N2CC1C=4C=CC=CC4,Z6346592742
N#CC1(CCCCC1)C(=O)NC=2C=CC=3C(F)=NNC3C2,Z6374654416
CC1C(=O)NCCN1C(=O)C2=CN(C)N=C2C=3C(F)=CC=CC3F,Z6375136262
CC(C)(C)C(O)CC1=CN(N=N1)C=2C=CC=3OCOC3C2,Z6472350764
O=C(CC=1C=CC=2NC=NC2C1)NC=3C=C(C=CC3F)N4C(=O)CCC4=O,Z6480520300
CC(C)(O)CC1=CN(CC2=CN3C(=CC=CC3=N2)C(=O)O)N=N1,Z6619778191
C=CCCC=1C=CC(=CC1)S(=O)(=O)NC=2C=CC=3OC(=O)C=C(O)C3C2,Z6644627561
CC(=O)N1C[C@@H]2C[C@H]1CN2C(=O)C(OCC3CCCC3)C=4C=CC=CC4,Z6739521813
OCC=1C=CC=C(N1)C2=CN(CC3=CN=C(S3)C(F)(F)F)N=N2,Z6739657719
FC=1C=CC(=CC1)C(CNC2CCN(CC2)C=3C=CC=4OCOC4C3)N5CCCC5,Z6755098904
CCN1C=C2N=C(CC3=CN(C)C=4C=CC=CC34)NC(=O)C2=N1,Z6977988498
CC=1C=C(N=CC1S(=O)(=O)N2CC3(C2)CC=CC3)NCC4=CC=C(N=C4)C(C)(C)C,Z7151894528
FC(F)(F)C=1C=CC(=CC1)CCNC=2C=CN(N2)C=3N=CC=CN3,Z7158541115
C=1N=CN(CC2=CN(CC3=CN=CN3CC=4C=CC=CC4)N=N2)N1,Z7219195935
COCC=1N=CC=C(N1)N(CC2=NC(C)=CN2C)CC3CCCCC3,Z7226653818
CN(C)C1=NC=2N=CN(CC3=CC=CC4=CC=NN34)C(=O)C2S1,Z7230020111
FC(F)(F)C=1C=CC=C(C1Cl)N2C=C(CC3COC3)N=N2,Z7265117289
CC1=C(C(=O)N(C=2C=CC=CC2)N1C)N3N=NN=C3SC4CCCN(CC(C)(C)C)C4=O,Z7351035435
O=C(C=1N=CC=2CNCCC2N1)N3CCC=4C=CC=CC43,Z7412196092
O[C@]1(C[C@H](C1)C2=NC(=NO2)N3CCCC3)C=4C=CC=C(Cl)C4,Z7415815360
O=C1NC2=C3C=CC=CC3=NN2CC1CC4=NC(=NO4)N5CCCC5,Z7420227497
CN1N=CC=C1C2NC(=O)C(NC2=O)C=3C=CC(=CC3)C=4C=CC=CC4,Z7442332492
COC=1C=C(F)C=C(C1)CNC(=O)NCC2=CC3=NC(F)=CC=C3O2,Z7910856975
"FC=1C=CC2=C(C1)NC3=NC=NC(N[C@H]4CCC[C@H]4N5C=CC=N5)=C32 |&1:14,18,r|",Z7990597647
O=C1CC(CC#CC=2C=CC=CN2)C(=O)N1C3CCC(=O)NC3=O,Z8097606380
O=C(C=1C=C(C=CC1F)CC2=NNC(=O)C=3C=CC=CC23)N4CCN(CC4)C=5C=CN=CN5,Z8174639856
CCC=1C=NC(=NC1)N(CC=2C=CN(C)N2)CC3CCCC(C)(C)O3,Z8253222094
"O=C(N[C@H]1[C@@H]2C[C@H]1N(C2)C(=O)C=3C=CC=C(C3)C4=NOC(O)=N4)C=5C=CC=6CCCC6N5 |&1:3,4,6,r|",Z8346604358
COC=1C=CC(NC2=NC(=CS2)C3=CN(CC4CCNCC4)N=N3)=C(C)C1,Z8458599979
O=C(CC=1C=CC=CC1)NCCC2=NC(=NO2)C=3C=CC=4OC(=O)NC4C3,Z8458616518
CN1C=C(C=N1)CN(CC2CCC=3C=CC=CC32)C=4N=CC=C(C#N)N4,Z8478030567
Cl.CC(C)(C)OC(=O)N1CC2(CCNCC2)C=3C=CC=CC31,Z3235030427
CCC=1C=CC(=CC1)C(=O)NCCC2=NC(=CS2)C(=O)O,Z2296036336
CC(C)(C)C=1C=CC(=CC1)OCC(O)CN2CCOCC2,Z31371832
COC=1C=CC=C(C1)C2CCCN2S(=O)(=O)CCCC(=O)O,Z608686532
CC=1C=C(C=C(C(=O)NC2(C)CCCOC2)C1C)S(N)(=O)=O,Z1581857423
Cl.CN(CC1COC=2C=CC=CC2O1)C(=O)C3(CN)CCOCC3,Z2052905524
CN1C=C(C=C1C(N)=O)S(=O)(=O)N[C@H](C(=O)O)C=2C=CC=CC2,Z1531934871
CN1CC(=O)N(CC(=O)N2CCCC(O)(CC2)C(F)(F)F)C1=O,Z2039695922
O=C(O)C1C=2C=CC=CC2CCN1C(=O)CN3C=CC(=N3)C(F)(F)F,Z852307860
CN1C(=NC=2C=C(C=CC21)C(=O)N3CC[C@H](O)C3)C(F)F,Z1987099276
CC(C)OC1=CC=C(NC(=O)C=2C=CC=3NC(=O)N(C)C3C2)C(F)=C1,Z1497995482
CCN1C(=NC=2C=CC=CC21)NC(=O)C=3C=CC=4NC(=O)N(C)C4C3,Z1497540536
C1=CC=2C(=NC=NC2S1)NCC=3C=CN(N3)C4CCCC4,Z1462132708
CC1=CC(=NO1)N2C(C)=CC(C(=O)NC3(CC=4C=CC(Cl)=CC4)CCOC3)=C2C,Z2005168456
CS(=O)(=O)NCC1CCCCN1C(=O)[C@H]2CCCC(=O)N2,Z1996214800
CCC(NC=1N=CN=C2C1C=NN2C)C3=NC(=CS3)C(F)(F)F,Z1309575470
NC(=O)CCN(C(=O)CN1C(=O)C=2C=CC(Cl)=CC2S1(=O)=O)C=3C=CC(F)=CC3,Z2010402057
CCOC=1C=CC=CC1CN(C)S(=O)(=O)CC2CCCO2,Z1003298494
CN1C=NC=2C=C(C=CC21)C(=O)NC=3C=NN(C3)C=4C=CC=CC4,Z1505959284
NS(=O)(=O)C=1C=CC(=CC1)C2=NOC(=N2)C3CCSC=4C=CC=CC43,Z2011560478
COC=1C=C(C=CC1OC(F)F)C2=NOC(CN3CCOC4(CCC=5C=CC=CC54)C3)=N2,Z1506282417
CC1=NC(=NN1)C2CCCCN2S(=O)(=O)C=3C=CC=CC3CN4C=NC=N4,Z2011523160
CC=1C=CN2N=CC(C(=O)NC3CCC=4C=CC=CC4OC3)=C2N1,Z2012016688
CCCC1=NC=C(S1)C(=O)NC2CCC=3C=CC=CC3OC2,Z2012009298
CC1=NC(=NN1)C=2C=CC=C(C2)NC(=O)C=3C=CC=C(C3)NC(N)=O,Z605926952
COC=1C=C(C=CC1C(=O)O)CNC(=O)C2=CC=C3C=CC=CC3=C2,Z1507491982
CC1=NN(C)C(C)=C1CC(C)C2=NC(=NO2)C=3C=CC=4OCCC4C3,Z1507608833
O=C(CN1C(=O)NC=2C=CC=CC2C1=O)NC3CCC4=C(F)C=CC=C43,Z809582514
O=C(CC1=CNC2=NC=CC=C12)N3CC4COCC(C3)O4,Z2013351387
COC=1C=CC=CC1CNC(=O)CN2CCC(CCN3CCOCC3)CC2,Z1010984594
CCCN(C(=O)C1CCC(F)(F)CC1)C2CC(=O)N(C)C2=O,Z2015068492
O=C(CCN1C=CN=N1)N2CCCC2CCC=3C=CC=CC3,Z737556690
O=C(NCC=1C=CC(=NC1)N2C=CN=C2)C3=NNC(=O)C4=CC=CC=C34,Z395603708
NC(=O)C=1C=CC=C(C1)C(=O)N2CCCCC2C3=NC=CN3,Z968614410
CC(NC(=O)C1=CN=C(S1)C=2C=NC=CN2)C=3C=CC=C(C3)OCC=4C=CC=CN4,Z1022084196
CN1C=C(C(=O)N2CCCC(C2)C3=NC(=NO3)C=4C=CC(F)=CC4)C(=O)NC1=O,Z1023502036
CN1C=C(C=N1)C2C(CCC(=O)N2C)C(=O)NC=3C=CC=C(C3)C4=NN=NN4C,Z1211453922
CC1(C)CC(CC(C)(C)N1)NC(=O)C=2OC=CC2COC=3C=CC=C(C#N)C3,Z1025442314
CN1C=CN=C1CN2CCC(CC2)C3=CNC=4C=CC=CC34,Z990473040
O=C(NC(CO)C=1C=CC(=CC1)C(F)(F)F)C2=CNC(=O)C=3C=CC=CC23,Z1816991158
CC=1C=C(C=C(C1)N2CCN(CC2)C(C)C)NC(=O)C=3N=NNC3C=4C=CC=CC4,Z1972808925
CC1=NC(=CS1)CN2CCC(CC2)C(=O)NCC3=CC=CN=C3,Z1033224684
CC(=O)NC=1C=C(C=CC1C)C(=O)NC=2C=NN(C2)CCN(C)C,Z953171614
C1=CSC(=C1)CN2CCN(CC2)C=3N=CN=C4NC=CC34,Z1039063230
CC(=O)NC=1C=CC(=CC1)C(=O)NC=2C=CC=3NC(=O)NC3C2,Z26794385
O=C(NCC=1C=CC=CC1Cl)N2CCN(CC2)C(=O)C3=CC=CS3,Z446367762
CCOC=1C=CC(=CC1)C(=O)NCC(=O)N2CCC(CN3CCOCC3)CC2,Z653631716
O=C(NCC1=NC(=NN1)C=2C=CC=CC2)C=3C=CN=NC3,Z1519904841
CCCOC1=CC=C(NC(=O)N2CCC(C2)N3CCCC3)C(C)=C1,Z1055057504
CS(=O)(=O)C=1C=C(C=CC1F)C(=O)NC=2C=CC(=CC2)C3=NC4=CC=CC=C4N3,Z2032387995
CN1CCN(C(=O)CCC2=NC=3C=CC=CC3O2)C(C1)C=4C=CC=CC4,Z167222664
CC=1OC=CC1C(=O)NC2CCN(CC2)C(=O)C3CCCN(C3)C(=O)CC=4C=CC(F)=CC4,Z1067536026
COC=1C=CC=CC1OCC(=O)N2CCC(CC2)NC(=O)C=3C=C(C)OC3C,Z1067531628
C=1C(CNC(C=2C=CC=NC2)C3CC3)=NNC1C=4C=CC=CC4,Z1527566336
CC(C)NS(=O)(=O)N1CCN(CC(O)CC2CCCC2)CC1,Z2036959954
CCC=1C=CC(=CC1C(=O)NCC2C3CC=4C=CC=CC4C23)S(C)(=O)=O,Z1529449175
O=C(COC=1C=CC=C(Cl)C1)NC=2C=NC=C3C=CC=CC23,Z1530718787
CCC1=CC=C(S1)S(=O)(=O)N2CCN(CC2)C=3C=NC=CN3,Z740562064
CC=1NN=C(C1C(=O)NC=2C=CN(N2)C=3N=CC=CC3F)C(F)(F)F,Z1531825445
CC=1C=C(C(=O)NC=2C=CC(=CN2)N3CCOCC3)C=4C(=O)NN(C)C4N1,Z744702282
COC=1C=CC(=CC1)N2N=NC(C(=O)NC=3C=CC(=CN3)N4CCOCC4)=C2C,Z383166456
O=C(NCCC=1C=CC=NC1)C2CCN(CC2)C(=O)N3CCCC3,Z422483362
O=C(NCC=1C=CC=C(C1)CO)N2CCCC2CC=3C=CC(F)=CC3,Z1133455763
CS(=O)(=O)C=1C=CC(=CC1)CN2N=C(C=CC2=O)C=3C=CC(F)=CC3,Z2040813848
CC(C)C(NC(=O)C=1C=CC=C(C1)S(N)(=O)=O)C2=NC=3C=CC=CC3N2,Z239947802
CC=1C=C(C)N(N1)C=2C=CC(=CN2)C(=O)NC=3C=CC=4NN=C(C(N)=O)C4C3,Z1533640169
CC(CNC(=O)N[C@H]1C=2C=CC=CC2C[C@H]1O)C3=NC(=NO3)C=4C=CC=CC4,Z1534803601
COC1(CCOCC1)C2=NC(=NO2)C=3C=CC(C)=C(F)C3,Z2041371917
I.CC1(CCCN(C1)C(=O)C=2C=CC=CC2)C(=O)NC3=NC4=CN=CC=C4N3,Z8876224585
COC=1C=CC=CC1NC=2N=CC=CC2C(=O)NCC3(CCOCC3)C(N)=O,Z647915726
O=C(NC=1C=NNC1)C2=CC=3C(=CC=CC3N2)OC(F)F,Z402775438
COC=1C=CC(=CC1)C=2C=C(C(=O)NC=3C=NNC3)C=4C=CC=CC4N2,Z358339048
CC1=CC=2C=CC=CC2N1CC(=O)NC=3C=CC=C(C3)N4C(=O)CN(C)C4=O,Z453933624
CCCCN(C)C(=O)C(=O)NC=1C=CC(=CC1)CC(=O)N(C)C,Z754983710
O=C1CC=2C=C(C(Cl)=CC2N1)S(=O)(=O)NC=3C=CC(=CC3)N4C=NC=N4,Z1090849896
CN1C=C(C(=O)N2CCC=3NN=CC3C2)C=4C=CC=CC41,Z908364690
CNC(=O)COC1=CC=CC(=C1)CNC(=O)CNC(=O)C2=CC=CS2,Z757760280
CC=1SC=2N=CN(NC(=O)COC=3C=CC(=CC3)C(N)=O)C(=O)C2C1C=4C=CC=CC4,Z1095475108
N#CC=1C=C(C=CC1F)NC(=O)C2=CNC=3C=CC=CC3C2=O,Z1096804563
O=C1NC=2C=CC(=CC2N1)S(=O)(=O)NC=3C=CC=4C=NNC4C3,Z56128889
CC(C)(CNC(=O)C=1C=CNC(=O)C1)SC=2C=CC(Br)=CC2,Z1420525919
COC=1C=CC(C)=CC1S(=O)(=O)NC=2C=C(Cl)C=C(Cl)C2,Z57611491
NC(=O)C=1C=CC(F)=C(C1)NC(=O)C2=NN(CC=3C=CC=CC3)C(=O)C=4C=CC=CC24,Z425512816
CNC(=O)C=1C=CC(OC)=C(C1)NC(=O)C2CC3=CC(Cl)=CC=C3O2,Z454019104
COC=1C=CC=CC1C(C)CC(=O)N2CCCC(C2)C3=NC=CN3,Z1102479080
CC1=NC=2C=CC=CC2C(=O)N1CC(=O)N3CCN(CC3)C=4C=CC=C(F)C4,Z771176780
CC(NC(=O)C1CCCN1C(=O)CC=2C=CC=CC2)C3=NC=4C=CC=CC4N3C,Z1232332405
CC(NC(=O)NCC1=CN(N=N1)C=2C=CC=CC2)C=3C=CC(C#N)=CC3,Z1389370537
CN(C(=O)C1=NOC=2CCCCCC12)C=3C=CC(=NN3)C=4C=CC=CC4,Z1779291009
CC(C)CC1C(=O)NCCN1S(=O)(=O)C2=CNC3=NC=CC=C23,Z1779136471
CC=1C=CC(=CC1F)C(C)NC(=O)N2CCCC(CC(N)=O)C2,Z1390243132
COC(=O)CC[C@H]1NC(=O)N(C1=O)C=2C=CC(Cl)=C(F)C2,Z1891844566
CN(C)C(=O)C=1C=CC=C(C1)CNC(=O)N[C@H](CO)CC=2C=CC=CC2,Z1779462125
O=C(NCCCC1=NC=2C=CC=CC2N1)N3CCCC(C3)N4C=CN=C4,Z1781538054
CC1(CCN(C1)C(=O)C(CC=2C=CC=CC2)NC(N)=O)C=3C=CC=CC3,Z1392288108
CC=1C=CC(CNC(=O)NC2=NN=C(S2)C=3C=CC=CN3)=C(C1)OC(C)C,Z1393499300
CCC=1N=C2C(CCCN2N1)NC(=O)N3CCC(CC3)C4=NC=CS4,Z1396740020
[O-][N+](=O)C=1C=CC=2CCN(CC2C1)C(=O)C=3C=CC=C4NC=CC34,Z1393332074
O=C(NCC=1C=CC(=CN1)OC(F)F)N2CC(=O)NC3CCCCC32,Z1898489643
CCN1N=CC=2C(=O)N(C=NC21)CC3CCC(CC3)C=4C=CC=CC4,Z1899860512
CC(=O)N1CCCN(CC1)C2=CC=C(F)C=C2NC(=O)NCCC(C)(C)O,Z1931146952
CC1=CSC=C1C(=O)NC=2C=CC=C(C2)C3=NN=C(C)N3C,Z1478847378
COCCC1(CC1)C(=O)N2CCN(CC2)S(=O)(=O)CC=3C=CC=CC3,Z1478517671
CC1CC(C1)(C(=O)NC=2C=CC(F)=C(C2)C(N)=O)C=3C=CC=C(Cl)C3,Z2254635781
CC1=NN=NN1C=2C=CC(C(=O)N3CC(C)CC4=CC=CC=C43)=C(F)C2,Z2255527707
CC1=NOC(=N1)C=2C=CC(=CC2)C(=O)NC(C)(CC(=O)O)C(C)C,Z2256353732
CC=1N=CSC1CNC(=O)C2CCC3=NN=C(C4=CC=CC(C)=C4)N3C2,Z2268581442
CCOC(=O)C(CC=1C=CC=CC1)N(C(=O)C=2C=NC=C(Cl)C2)C3CC3,Z2268727545
COC=1C=CC=CC1C2CCCN2C=3C=CC4=NN=CN4N3,Z2271645104
CC=1C=C(N=C(C)N1)N2CCC(CC2)NC=3N=CC=C(N3)C4=CN=CC=N4,Z2272003276
CC(C)(CC1CCCN(C1)C=2N=C3CCOCC3=CC2C#N)C(N)=O,Z2273327573
CC1(C)OCCC1NC2CCN(C2=O)C=3C=CC(Cl)=CC3Cl,Z2276679182
CC1(C)C(C=2C=C(NC(=O)C=3C=C4OCCCN4N3)NN2)C1(C)C,Z2282380246
CC=1C=CC(=CC1Cl)C2=NOC(=N2)C3(C#N)CCOCC3,Z2286072141
CC=1C=CC=C2CC(OC12)C(=O)NS(=O)(=O)C=3C=CC=4CCCCC4C3,Z2287310793
O=C(NC=1C=CC=NC1N2CCOCC2)N3CCCC=4C=CC=CC4CC3,Z2291644733
"CCN1C=C(C=N1)CNC(=O)N2CC(C)(C)[C@H]3COC[C@H]32 |&1:16,20,r|",Z2292634637
CC(NC(=O)N1CCN([C@@H](C)C1)S(C)(=O)=O)C=2C=CC=C(C2)C3CC3,Z2293233427
COC=1C=CC(C)=NC1NC(=O)N2CCCC=3C=CC=CC3CC2,Z2293376451
CC1=NN2C=C(C=CC2=N1)NC(=O)N3CC(OC(C)(C)C3)C(F)(F)F,Z2294104008
O=C(NCC1CCCC1(F)F)N2CCC(C2)N3C=CC=N3,Z2294264435
CCC1=NC=2C=CC=CC2N1C3CCN(CC3)C(CC)C(=O)O,Z2295231890
CC1C(CCN1C(=O)NC2=CN(C)N=C2C3CCCCC3)C=4C=CC=CC4,Z2295448907
CC1=CC(=NN1)C(=O)N2CCN(C(=O)C3=CC=C(C)O3)[C@H](C)C2,Z2299603223
COCCN1N=NC=2CN(CCC21)C(=O)C3=CN=C4C=CC=CC4=C3,Z2303756560
CCC(NC(=O)N1CCCOC(C1)C(C)C)C(=O)N2CCOCC2,Z2306844817
CC(NC(=O)N1CCNC(=O)CC1)C=2C=CC(=CC2)N3CCCOC3=O,Z2308091426
COC1CCC(CC1)NC(=O)N2CCNC(=O)C2C=3C=CC=CC3,Z2311346376
CC=1C=CN=C2C1CCN2C(=O)CC3=CSC(=N3)NC(=O)C(C)(C)C,Z2325332854
CC1=CN(C)N=C1C(=O)NC2=CC(=NN2C(C)C)C3=CC=CO3,Z2331940753
O=C(CC=1C=CC=C(Cl)C1Cl)N2CCCC(C2)C3=NC(=O)NN3,Z2332191373
CCNC=1C=CC(Cl)=CC1C(=O)N2CCOC(C2)C(C)O,Z2335522106
CC=1C=C(C=CC1F)C=2N=NN(CCN3CCOC(C)C3)N2,Z2345721451
CC=1C=C(F)C=CC1C2CCN(CC2)C=3C=CC(=NN3)C(=O)N(C)C,Z2347656494
CC1=CC(=NN1C=2C=C(C)C=C(C)C2)C(=O)NC(C)(C)CN3CCOCC3,Z2350125195
CC=1C=NN(C1)C=2C=CC(=CC2)OCC(O)CN3C=CC=N3,Z2351209682
CC(NC(=O)NCCC(=O)O)C=1C=CC(=CC1)S(=O)(=O)N(C)C,Z2353302878
O=C(NC=1C=CC=C(C1)C=2C=CC=CC2)N3CCCC(CC3)N4CCCC4=O,Z2361043406
CC1=C(N=NN1C)NC(=O)N2CCC=3C=CC(=CC3C2)C(C)(C)C,Z2361772742
CC1(CCN(C1)C(=O)NC=2C=CC=C(C2)C3=CC=C4OCCC4=C3)C(=O)O,Z2362283875
"BrC=1C=CC=2NC(=CC2C1)C3=NOC(=N3)[C@H]4C[C@@H]5CC[C@H]4O5 |&1:15,17,20,r|",Z2370333852
COC=1C=CC=CC1CC(C)N(C)C=2C=CN=C3C2C(C)=NN3C,Z2370504518
CC1(C)CN(C(=O)NC2=NC3=C(CCC3(C)C)S2)C1C4CCCO4,Z2371442408
"C[C@@H]1CN(C[C@H]1C(=O)O)C(=O)CCCC=2C=CC=3NC(=O)NC3C2 |&1:1,5,r|",Z2376885317
CC1CCC(CN1C(=O)C=2C=CC(=O)N(C2)CC3=CC=CC=C3Cl)C(=O)O,Z2376908451
CC1CCCN(C1C(=O)O)S(=O)(=O)C=2C=CC=C3C=COC23,Z2389927429
CC1=NN(C)C(OC=2C=CC=NC2)=C1NC(=O)C3CCCN4N=CC=C34,Z2400076328
COC=1C=CN2C(=CN=C2C1)C(=O)NCC3CCN(CC(F)(F)F)CC3,Z2407481133
COCC(C)(C)N1CCN(CC1)C(=O)C2=CN=C(S2)C=3C=COC3,Z2407928190
CCC(=O)N1CCN(C1)S(=O)(=O)C2=CC=3CCC(=O)NC3C=C2F,Z2409380507
CNC=1C=CC(Cl)=C(C1)C(=O)NC2CCN(CC2)C3=NC=CN3C,Z2409684707
O=C(C=1C=CC(=CC1)OC2CCOCC2)N3CCC(CC4=NC=CN4)CC3,Z2410272612
CC(CC=1C=CN=CC1)NC(=O)N2CC3(CCC3)C2C4CCOCC4,Z2413468421
COC=1C=CC(=CC1OC(F)F)CNC(=O)N2CC3(CC=CC3)C2C(C)C,Z2433462776
O=C(O)CC1CCCCN1S(=O)(=O)C=2C=NN(C2)CC=3C=CC=CC3,Z2437906593
O=C1C=2C(=CSC2N=CN1CCC3CCNC3)C=4C=CC(Cl)=CC4,Z2438090717
CC1CN(CCO1)C(=O)CN2C=3C=CC(Cl)=CC3CS2(=O)=O,Z2442772586
CC1=NN(C)C=2N=C(C)C=C(C(=O)NC=3N=CN(CC(=O)O)N3)C12,Z2446734476
CC(=O)NC1CCN(C1)C(=O)C=2C=CC(=CC2)C=3C=CC(C)=NN3,Z2453999562
CC(CN(C)C(=O)CN1CC2=CC=CC=C2OC1=O)C3=NN=NN3,Z2456221166
CCC1=NC=2C=CC(=CC2S1)NC(=O)[C@H]3C[C@H](O)CN3C(C)=O,Z2457658621
CC(=O)N(C)C=1C=CC=C(C1)NC(=O)C2(CCC2)C(=O)O,Z2460736787
O=C(O)C1CCC(CC(=O)NCCC=2C=C(F)C=CC2F)CC1,Z2460758697
CC=1C=CC=C2C(=NC=NC12)N3CCN(CC(=O)O)CC3,Z2466017047
CC1(C)CC=2C=C(C=CC2O1)C=3C=CC=C4NC(=O)CC34,Z2466233294
CCN(CC(=O)OC)C(=O)C1=CC=C(C=2C=CC=C(C)C2)N1C,Z2473816412
O=S(=O)(CC=1C=CC=C(C1)OC(F)(F)F)C2CCOCC2,Z2475279801
CC1CC=2C=CC=CC2CN1C(=O)NCC3=CC(=O)N4C=CC=CC4=N3,Z2479685092
CC=1C=C(CC(=O)N2CCCNC(=O)C2CC=3C=CC=CC3)ON1,Z2482810528
COC=1C=C(C=CC1F)N2CCN(CC3(CC3)C(=O)O)CC2,Z2483103725
O=C(O)CN(C1CCC1)S(=O)(=O)C=2C=CC=C3OCCOC23,Z2492911926
C[C@@H](NC(=O)NC(C1CC1)C2CCCCO2)C3=CC=C(C(F)=C3)N4C=CC=N4,Z2496118234
"O=C(NC(CC=1C=CC=CC1)C2=NC=CO2)N[C@H]3CCC[C@H](C3)C4CC4 |&1:17,21,r|",Z2496193670
CC1=NC(CN2CCN(CC2)C(=O)C=3C=CC(=CN3)N4C=NN=N4)=NN1,Z2497069270
CN1CC(C(=O)N2CCN(CC2)C3=CN=CC(F)=C3)C=4C=CC=CC4C1=O,Z2498495316
COC=1C=CC=2CCCC(C3=NC(=NO3)C4=CN(CC=5C=CC=CC5)N=N4)C2C1,Z2505211014
CC1=C(C(=O)N(C)C)C(C=2C=CC(=CC2)C(C)(C)C#N)N(C)C(=O)N1C,Z2505706655
CCN1C(=O)C(=NC=2C=CC=CC21)N3CCN(CC3)C4=CC(C)=CC=N4,Z2506063044
CC(C)C1C=2C=CC=CC2CCN1C=3C=NC=C(C#N)N3,Z2506454712
CC1=NN(C=C1C(=O)NC(CC2=CNC=3C=CC=CC23)C(=O)O)C(C)C,Z2506969954
CCCCCN1N=C(C2=NN=C3COCCN23)C=4C=CC=CC4C1=O,Z2523773342
CC1=NN=C(CN2C=C(N=N2)C=3C=CC(=CC3)C(O)C(F)(F)F)O1,Z2527329093
COCC(C)(O)C1=CN(CC2=NC=3C=CC=CC3O2)N=N1,Z2527331792
"CCO[C@@H]1CCCC[C@H]1N2C=C(N=N2)C(C)(C)NS(C)(=O)=O |&1:3,8,r|",Z2527368387
COC1(CNC(C(=O)NC=2C=C(C)ON2)C=3C=CC=CC3)CCC(F)(F)CC1,Z2569270439
OC1CCN(CC1)C=2C=CC(=CC2)CNCC3=CNN=C3C4=CC=CS4,Z2590924971
COC1=CC=C2CCCC(C(=O)NC3(CC(=O)O)CCOCC3)C2=C1,Z2595564582
CN(CC1=NN=NN1C)C(=O)C=2C=CC(=CC2)OCC(=O)O,Z2596729951
CCC1=NC(=NN1)C2CCN(CC2)C(=O)C=3N=NN(C3C)C4CCNC4,Z2606085852
CC(NC(=O)C1(CCC1)C(=O)O)C2=NC(=NO2)C=3C=CC(Br)=CC3,Z2607576791
COC=1C=CC=C(C1)CN2N=C(C)C(=C2C)C3COCCN3C,Z2608194282
OCC(NC1=NC(CC2CC2)=NS1)C=3C=C(F)C(F)=C(F)C3,Z2612303485
O=C1C=2C=CC=CC2N=CN1CCN3C=C(N=N3)C4CC4,Z2614073316
CC1(CN(CCO1)C(=O)NCC=2C=CC(=CC2)C=3C=CN=CC3)C4CC4,Z2614381876
CCC=1N=C(NCC2(O)CCC(F)(F)CC2)C=3C=CSC3N1,Z2615773184
N#CC=1C=CC(=NC1NCC=2C=CC=C(C2)COCC3CCCO3)C(F)(F)F,Z2615943228
CC1(C)CN(CCC=2C=CC=CC21)C(=O)NC3CCCC3CNS(C)(=O)=O,Z2616884623
COC1(CCC(F)(F)CC1)C2=NC(=NO2)C=3C=CC(=CN3)OC=4C=CC=CC4,Z2617132443
CC=1C=C(C=CC1N2CC(=O)NCC2=O)C=3C=CC(=CC3CO)C(F)(F)F,Z2618222883
"O=C(NC=1C=CN=CC1)[C@H]2CCCC[C@H]2N3CCCC3=O |&1:9,14,r|",Z2619223217
NC1=C(C=NN1C=2C=CC=CC2)C(=O)NCC(=O)N3CCCC3,Z2619895660
O=C(NC1=NN=C(CC2=CC=CC(F)=C2)S1)N3CCC4COCC4C3,Z2620883478
COC=1C=CC2=NC=C(C(=O)NCC=3C=CN=C(C3)OCC(F)(F)F)N2N1,Z2621984208
CC=1C=C(Cl)C(=CC1Cl)NC(=O)N2CCCC(C2)C3CCCCO3,Z2622066127
CC1(CCOC1C2CC2)NC(=O)C=3C=CC(=CC3)C(=O)O,Z2627899150
CC1CC1C(NC(=O)C2=CC=C(C(=O)N2)C(F)(F)F)C=3C=CC=CC3,Z2630240243
CN1C=C(N=N1)C2=NN=C(N2CC3CCCO3)N4CCCC=5C=CC=CC5C4,Z2632372908
CC=1C=CC=CC1C(NC(=O)C=2N=CC=NC2C)C(C)(C)C,Z2632715164
CC1(C)CC(CO1)NC(=O)C2=CNN=C2C=3C=CC(F)=CC3,Z2643002021
CC1=CC(O)=CC(=O)N1CCC(=O)N2CCOCC2C=3C=C(F)C=C(F)C3,Z2645940808
CCSC1(CNC(=O)CN2CC=3C=CC=CC3C2=O)CC1,Z2646845975
O=C(NCC(O)C=1C=CC(Cl)=C(Cl)C1)C=2C=CC(=CC2)N3CCOCC3,Z2647201078
CSCC1(CC(=O)N2CCOC=3C=CC(O)=CC3C2)CC1,Z2647766513
O=C(CCC1=CC=C(O1)C=2C=CC=CC2)N[C@H]3CCNC3=O,Z2649891165
NC(=O)C=1C=C(F)C=CC1N2CCN(CC2)C=3N=CN=C4N=CNC34,Z2655109893
CC1CCN(CC2=NC3=C(C=NN3C=4C=CC=CC4)C(=O)N2)CC1CO,Z2655140217
O=C(O)C=1C=CC=C2CN(CCC12)C(=O)C=3N=C(N=CC3Cl)N4CCCC4,Z2656270255
O=C(NC=1C=CC(F)=CC1OCC(F)F)C=2N=CC=CC2F,Z2669061605
CSCC=1C=CC=NC1C(=O)N(CC=2C=CC=CC2)C3COC(C)(C)C3,Z2674342691
CC(C(=O)NC(C(F)F)C1CCCCC1)N2CCSCC2,Z2676799757
CN(C)C1CCN(CC1)C(C)(C)CNCC=2C=CC=C3NN=CC23,Z2697487654
CC(C)CCC=1C=CC(=NC1)NCC2=CSC(=N2)C=3C=NN(C)C3,Z2697907987
FC(F)(F)C=1C=CC(=CC1)N2C=C(C=N2)CNCC34CC(C3)CO4,Z2698349651
CC(CC(=O)N1CCN(CC1)C(=O)C=2C=CC=3OCOC3C2)C4=CC=CO4,Z2698381288
CC=1C=CC=C2C1OCC[C@H]2NC(=O)NCC=3C=CC=CC3CC(F)(F)F,Z2698986666
CN1CC(CCC1=O)NC2=NC(=NO2)C=3C=CC(F)=CC3,Z2699161474
COC=1C=C(N=C(N1)N2CCN(CC2)C=3C=CN=C(C)N3)C(F)(F)F,Z2699474731
CCC=1N=C(NC(=O)C=2C=CC(=CC2)C(=O)N3CCOCC3)SC1C,Z2700240445
CN(C)C=1C=CC(=CN1)S(=O)(=O)N2CCCC2C(F)(F)F,Z2704587467
COC(=O)C=1C=CN=C(C1)N2CCC(CC2)NC(=O)C3=CC=CN=N3,Z2707072723
CCCN(C(=O)CC=1C=CC(F)=C(Cl)C1)C=2C=CC=NC2,Z2707307436
"CC(C)(C)N1C=NC(=N1)NC(=O)N[C@H]2[C@H](C=3C=CC=CC3)C2(C)C |&1:13,14,r|",Z2710000899
"CC=1C=CC(=CC1NC(=O)N[C@@H]2C[C@]2(C)OC(C)C)C=3C=NC=C(F)C3 |&1:11,13,r|",Z2710409144
N#CCC=1C=CC(NC(=O)NC2(CCC2)C=3C(F)=CC=CC3F)=C(Cl)C1,Z2710555096
CSC1(CNC(=O)C2COC3=CC(F)=CC=C3C2)CCC1,Z2711337516
CC1=NN2C=C(C=CC2=N1)NC(=O)C=3C=CC(=CC3)C(=O)N4CCOCC4,Z2711669622
CC=1C=C(C(=O)NC2COC(C)(C)C2)N(N1)C3CCOCC3,Z2715406855
COC1=CC=2CCN(CC3=CN=C(O3)C4CC4)C(C5=CC=CS5)C2C=C1OC,Z2715649444
CCC1=NC=CN1C[C@H]2CCCN2C(=O)CN3C(CSC)=NC4=CC=CC=C43,Z2716163702
CN(C(=O)C1(CCC1)C=2C(Cl)=CC=CC2Cl)[C@H]3C[C@H](C3)C(N)=O,Z2720916539
O=S(=O)(C=1C=CC(=CC1)C=2C=CC=C3OCOC23)N4CCNCC4,Z2723033942
CC=1C=CC=CC1C(=O)N2CC(C2)N3C=C(C#N)C(=O)NC3=O,Z2729104299
O=C(NC1=CC=2CCC(=O)N3CCCC(=C1)C23)C4=CC=CO4,Z2735077112
CC1=NC=2C=CC(=CC2S1)NC(=O)NC3COC4(CCCC4)C3,Z2736846901
O=C(CN1CCOC1=O)NC2=NC=3CCCNC(=O)C3S2,Z2736994006
CC1=CN(CC(=O)N2CCC(CC2)C(=O)O)N=C1C(F)(F)F,Z2755247321
"CC=1C=CC=C(C1)[C@@H]2C[C@H]2C(=O)N(CC(C)C(=O)O)C3CC3 |&1:7,9,r|",Z2755373961
CC(=O)NC=1C=CC(Cl)=C(C1)C(=O)N2CCN(CC2)C(C)CC(=O)O,Z2755473283
O=C(O)COC=1C=CC(=CC1)C(=O)N[C@@H]2C[C@H](C2)C3=CC=CC=C3F,Z2755578126
COC=1C=CC(=CC1F)S(=O)(=O)N2C3=NC=NN3CCC2C,Z2755771622
CN(C)C(=O)[C@H]1CC[C@H](O1)C2CCN(CC2)C=3N=CC=4CCCCC4N3,Z2761999709
O=C(CCC=1C=CC=CC1)N2CCC(CC2)NC(=O)C=3C=C4N=CC=CN4N3,Z2766218126
CN1C=C(C=N1)C(=O)NCC2CCN(CC2)C(=O)C=3NN=CC3C(F)(F)F,Z2767416030
COC(=O)C1CCC2=NN=C(CN3N=C(C)C=C3C)N2CC1,Z2768785532
CC(C)C=1C=CC=C(C1)OCC(O)CC2(O)CCOCC2,Z2769104546
COC(=O)C=1C=CC(C)=C(C1)OCC(O)CC2(O)CCOCC2,Z2769104884
CC1CN(CC1CNC(=O)OC(C)(C)C)C=2N=CN=C3NC=CC23,Z2771394216
CC(C)CC1(CCNC1=O)C2=NC(=NO2)C=3C=CC=CC3F,Z2773368285
CC=1C=C(C=NC1N2CCCCC2C)NC(=O)CCC3=CNN=N3,Z2774363967
O=C(NC=1C=CC(Cl)=C(C1)OC(F)F)C=2C=C(N=CN2)N3CCOCC3,Z2774376610
C[C@H]1COCCN1C(=O)CN2C(=CC=3C=CC=CC32)C(=O)N4CCOC[C@@H]4C,Z2778134753
CN1N=CC=2CN(CC21)C(=O)C3(CCC3)C4CCCCO4,Z2778302596
CSCC=1C=C(C=CC1F)C(=O)N2CCC=3NC=NC3C2C4=CC=NN4C,Z2779589560
CSC1CCN(CC1)C(=O)CCN2C=NC=3C(C)=CC=CC3C2=O,Z2781380144
O=C1CCCN1C2=CC=CC(=C2)CNC3CCOC4(CCCC4)C3,Z2790530024
O=S1(=O)CCC(O)(CNC=2C=C(N=CN2)C=3C=CC=CC3)C1,Z2792550741
O=C(O)C(C1CC1)N2CCN(CC3=NC(=NO3)C4=CC=CS4)CC2,Z2795227772
CCN(CC)C(=O)C=1C=CC(=CC1)CNC(=O)N2CCC[C@@H](C2)C(=O)O,Z2798386550
CC=1C=NN(C1)C2CCN(C2)C(=O)C=3SC=4N=CC=CC4C3N,Z2801461584
O=C(CC=1C=NC=C2C=CC=CC12)N3CCCC3C=4C=NNC4,Z2801579393
COC=1C=CC(=NC1)N2CCN(CC2)C(=O)C3=COC(=N3)C(F)(F)F,Z2801610801
C[C@H](NC(=O)C1CCC=2C=C(F)C=CC21)C=3C=NC=CN3,Z2802006176
CN1C=C(C=N1)C2=CC=C(O2)C(=O)N3CCCC(CC3)N4C=CN=N4,Z2802153960
CCOC=1C=CC=C(CC(=O)N2CCC(CC2)C=3C=CC(F)=CN3)N1,Z2802265116
CCOC=1C=CC=CC1C(=O)N2CCCC2C(=O)N3CC=4N=C(C)NC(=O)C4C3,Z8077859720
C[C@H](NC(=O)C=1C=CN(C)C(=O)C1)C=2C=CC(=NC2)C(F)(F)F,Z2804875457
NC=1C=CC(=CN1)C(=O)NCC2CC(=O)N(CC=3C=CC=CC3)C2,Z2826139498
O=C(NCC1CN(CCO1)C=2C=CC(Cl)=CC2)C=3NN=C4CCNCC34,Z2826785324
O=C(NC1(CCC1)C=2C(F)=CC=CC2F)C3CNCC=4C=CC=CC43,Z2827443088
CCC(C1=NN=C(NC(=O)N2CCC=3N=CN=CC3C2)S1)C=4C=CC=CC4,Z2836144607
COC=1C=CC(=CC1)C2CN(CCO2)C(=O)NC=3C=CC(=NC3)C(F)(F)F,Z2837909253
CC(C=1C=CC(=CC1)CNC2(CCS(=O)(=O)CC2)C(N)=O)C(F)(F)F,Z2839460125
O=C(C1CCN(CC(F)F)CC1)N2CCCC(CN3C=NC4=CC=CC=C43)C2,Z2839891253
CN1C=C(NC(=O)N2CCCC2C=3C=CC=NC3)C(=O)N(C)C1=O,Z2841667772
O=C(CN1C=C(N=N1)C(O)C=2C=CC(F)=CC2)NC3CCCCC3,Z2844915387
CN1N=CC=C1C2=CN(CC(=O)NC=3C=CC=4CCCC4C3)N=N2,Z2845033994
O=C1NC=2C=CC=CC2C=C1CN3C=C(N=N3)C4(O)CC5CCC4C5,Z2846200006
CCC(C)(O)CC1=CN(N=N1)C2CCCN(C=3C=NN(C)C3)C2=O,Z2846267816
OC1(CCOCC1)C2=CN(CC=3C=CC=4C=NNC4C3)N=N2,Z2846835435
COC1=NN(C)C=C1C(=O)N2CCCCC2CN3CCCC3=O,Z2855647839
OC1CCN(CC2=CN(CC3=CSC(=N3)C=4C=COC4)N=N2)CC1,Z2856518673
"O=C(N[C@@H]1CNC[C@H]1C=2C=CC=CC2)C=3C=CC=NC3O |&1:3,7,r|",Z2860103884
COC=1C=CC(C2=NN=C3CCC(C)(C)CN23)=C(C1)OC,Z2863953926
C[C@@H]1CN(CC2=CN(CC3(O)CCOCC3)N=N2)C[C@H](C)O1,Z2864706100
COC=1C=C2N=C(C)SC2=CC1NC(=O)N3CCCC(C3)C=4C=CN=C(N)N4,Z2054799007
CC1(CN2C=C(N=N2)C(=O)N3CCC[C@H]3CN4C=C(N=N4)C5CC5)COC1,Z2054908363
CC(CN1N=CC2=CC=CC=C2C1=O)NC(=O)C3(O)CCCC3,Z1550650152
O=C(NCCC1=CSC(=N1)C=2C=CC=CC2)C=3C=C(NN3)C4CC4,Z1376322157
CO[C@@H]1C[C@@H](COC2=CC=CN=C2)N(C1)C(=O)C3CCOCC3,Z2055467182
CCOC=1C=C(N=CN1)NC2CCN(CC3CCCC3)CC2,Z1703659883
CC(C)C=1C=CC=CC1OCC(=O)N2CCC(CC2)C3=NN=CN3C,Z383439418
CC1=CC(C)=NN1CC=2C=CC(=CC2)C(=O)N3CCC(CC3)C4=NN=CN4C,Z952218352
CC1=C(OC=2C(C)=CC=CC12)C(=O)NC=3C=CC(=CN3)N4CCN(C)CC4,Z803963188
CS(=O)(=O)C=1C=CC(=CC1)C(=O)NC=2C=CC(F)=C(C2)C(F)(F)F,Z898990170
COC=1C=CC(=CC1OC)NC(=O)C(C)N2CCCC(C2)C3=NNC(=N3)C4CC4,Z1554019499
O=C(NC1CCS(=O)(=O)C1)NC2(CC=3C=CC(Br)=CC3)CCCCC2,Z1219238953
CC=1C=CC=CC1NC2=NC(=CS2)CN3CCO[C@H](C)[C@H]3C(N)=O,Z2058064909
CC(C(=O)NCC=1C=CC=2C=COC2C1)C=3C=CC(Br)=CC3,Z1554805485
CC1=CN(N=C1C(=O)NCC2=NC=CS2)C=3C=CC=CC3Cl,Z1554489619
CN(C)CCN1C(=O)OC=2C=CC(=CC21)NC(=O)C3CC4=CC=CC=C4O3,Z941436980
CCOC=1C=CC(=CC1OCC)S(=O)(=O)NC=2C(C)=CC=CC2CC,Z90672997
CNC(=O)C=1C=CC(=CC1)NC(=O)C=2C=CC=3CCCCC3C2,Z90918633
COCC=1C=CC=CC1C(=O)NC2CCN(CC2)C(=O)C=3C=CC=CC3,Z365575098
O=C(CNC(=O)C1CCCN1C(=O)CC2=CC=CS2)NCC(F)(F)F,Z809040846
O=C(CO)N1CCN(CC1)C=2N=C3C=CC=CC3=NC2N4CCCCC4,Z1558949324
CN1C(=NC=2C=CC=CC21)C3CCCN3C(=O)C=4C=CN(C)C(=O)C4,Z905714498
CCN1C=NC=2CN(CC3(CS(C)(=O)=O)CC3)CCC2C1=O,Z2063443374
COC=1C=CC=2OC(=C(C)C2C1)C(C)NC(=O)NC=3C=CN=CC3,Z1143564688
CC1(C)CN(CCO1)C(CNC(=O)C=2C=NN3C=CC=NC23)C=4C=CC(Cl)=CC4,Z1118814645
CCN1C=C(C=N1)NC(=O)C=2C=CC=3N=CC=C(C)C3C2,Z2067029938
COC=1C=CC(=C(C1)OC)C2CCCN2C(=O)C3=CC=C(C(C)=C3)N4CCNC4=O,Z804136744
COC=1C=CC=2NC=C(CC(=O)N3CCCC3C(=O)NC4=NC=CS4)C2C1,Z407103156
O=C(O)C=1C=CC(=CC1)C(=O)NCC=2C=CC(=CC2)C3=CC=NN3,Z927725248
CC=1N=C(C=CC1C(=O)NC2CCC(CC2)C(=O)O)C=3C=CC=CC3,Z1570104950
CC(=O)NC=1C=CC(=CC1)C=2C=CC(=CC2)S(=O)(=O)NCC=3N=CN(C)N3,Z1564286454
O=C(C=1C=CC(=CC1)OC(F)F)N2CCN(CC2)C3CCS(=O)(=O)C3,Z102461484
CC(C)(CNC(=O)C=1C=CC(=CC1)S(=O)(=O)NC=2C=CC=CC2)C=3C=CN=CC3,Z1565010087
CC(C)CCN1C=C(N=N1)C(=O)N2CCCC(C2)C3=NC(=O)NN3,Z2225984837
CC(NC=1C=CC2=NN=C(C=3C=CC=CC3F)N2N1)C=4C=CC(=CC4)OCC(=O)NC5CC5,Z815761182
CC1OC=2C=CC=CC2N(CC(=O)N3CCCOC3)C1=O,Z2143251549
COCC=1C=CC=C(C1)NC(=O)N2CCC(CN3CCN(C)CC3)CC2,Z820960958
O=S(=O)(C=1C=CC(F)=C(Cl)C1)N2CCN(CCN3C=CC=N3)CC2,Z821673634
CC(NC(=O)C=1C=CC(=CC1N2CCCC2)C(F)(F)F)C=3N=CNN3,Z2072014321
CC1=NNC=2N=CC(=CC12)NC(=O)C3CCCN3C(=O)C(C)C,Z825782506
CC1CCC(C)N1C2CCCN(C2)S(=O)(=O)C=3C=NN(C)C3,Z826989454
CC(C)C(C(=O)NCC1=CC=CC(=C1)C(=O)N(C)C)N2CCCCC2,Z1128049585
CC=1C=CC=C(NC(=O)C2CSCN2C(=O)C3CC(C)OC(C)C3)C1C,Z1570576785
O=C(CNC(=O)C=1C=CC(Cl)=C(Cl)C1)NCCNC(=O)CC=2C=CC(F)=CC2,Z967267502
CC(=O)N1CC=2C=CC=CC2CC1C(=O)NCC=3C=CC(=CC3)C=4C=CC=5OCCC5C4,Z1128651011
CCN1CCN(CC1=O)C(=O)C(C)(C)C2=CSC(=N2)C=3C(Cl)=CC=CC3Cl,Z2073952850
O=C(C1CCN(CC1)C=2C=CC3=NN=NN3N2)N4CCCC(C4)C5=NC=6C=CC=CC6S5,Z285524048
CN(C)C(=O)C=1C=CC(=CC1)NC(=O)C2=CC(Cl)=CN2C,Z169525306
CN1C=C(CNC=2C=CC(=CC2)NS(C)(=O)=O)C(=N1)C=3C=CC=4OCCCOC4C3,Z1462389310
CC1=NN2C=C(C=CC2=N1)NC(=O)C=3C=NN(C3C)C=4C=CC(F)=CC4,Z1978397707
CC=1N=COC1CNC(=O)C2=CC=C(Cl)C(=C2)N3CCNC3=O,Z2227502489
CC(C)N1N=CN=C1CNC(=O)C=2C=CC(=CC2)S(C)(=O)=O,Z1978282909
CC=1NN=C(C1NS(=O)(=O)C2=CC=C3OCCC3=C2)C(F)F,Z1575083498
CCC1=NN(C)C=C1C(=O)N2CCC(CC2)N3C(=O)NC4=CC=CC=C43,Z1575416865
CCC1(C)COCCN1S(=O)(=O)C2=CC=C3OC(=O)C=CC3=C2,Z1575683160
CN1C=NN(C1=O)C=2C=CC(=CC2)NC(=O)C=3C=CC(=CC3)CN4CCCC4=O,Z1576094237
CC1CC1N2CC(CC2=O)NC(=O)N3CCC(CC4=CC=CN=C4)CC3,Z1576020231
O=C(CC(NC(=O)C=1C=CC=CC1Cl)C=2C=CC=CC2)NC3CCOC4(CCOC4)C3,Z1576412312
FC=1C=CC(=CC1)C2=NC(=CO2)CCNCC=3C=CC=4OCCOC4C3,Z1135257232
CC=1C=CN=CC1NC(=O)CC=2C=CC(=CC2)S(N)(=O)=O,Z1135790839
O=C(NCC1=NC(=NN1)C=2C=CC=CC2)NCC3=CC(F)=CC=C3F,Z1137105389
O=C(NCC1=CC=CC(=O)N1)C=2C=CC=3C(=O)OC(CC3C2)C=4C=CC=CC4,Z1578640976
O=C(C=1C=CN=C(C1)OC2CCCCC2)N3CCC(CC3)N4CCCNC4=O,Z1578940512
CCC(NCC(=O)NC=1C=CC(C#N)=CC1)C=2C=CC(=CC2)OC,Z164531462
CC=1C=CC=CC1C2CCCN2CC(=O)NC=3C=CC=CC3C(N)=O,Z840062022
CCN1C(=O)C=2C=CC=CC2N(CC(=O)NC(C)C3=CC=CC(=C3)S(N)(=O)=O)C1=O,Z146212718
CNC(=O)CCC=1C(C)=NC2=C3C=CC=CC3=NN2C1C,Z212239112
CC1=NC(=CC(=N1)C=2C=CC=NC2)N3CC=4C=CC=CC4C3,Z1140378503
CN1C(=O)OC=2C=C(C=CC21)S(=O)(=O)NC=3C=NC(=NC3)C(C)(C)C,Z846944432
O=C(OCC=1C=CC=C(F)C1F)C2CC(O)CN2C(=O)C=3C=CC4=CC=CC=C4C3,Z848584538
CCCN1C(=O)CCC=2C=C(C=CC21)NS(=O)(=O)C3=CC=CC(=C3)C(=O)O,Z1583428612
CC1=NN(C)C(NC(=O)CCN2C=NC3=C2C(=O)N(C)C(=O)N3C)=C1C,Z1144428511
CC1CCN(CC1)S(=O)(=O)C2=CC=C(S2)C(=O)NC=3C=NN(C)C3,Z1144529586
CCC=1C=CC(=CC1)C(=O)N2CCN(CC2)C(=O)C3COCCO3,Z383419500
CN1C=C(C(=O)NCC2=CN3C=CSC3=N2)C=4C=CC=CC41,Z357433960
CO[C@H]1C[C@H](C1)N(C)C(=O)C2=CC=CC(=C2)CN3C=CN=C3,Z2088142112
CN1C=C(C(=N1)C2=CC=3C=CC=CC3O2)C4NC(N)=NC5=NC6=CC=7OCCCOC7C=C6N54,Z839917376
CC=1C=CC=CC1C(=O)NCC(=O)NC2CCN(CC2)C(=O)NC=3C=CC=CC3,Z230488852
CC(OC=1C=CC=C(Br)C1)C2=NN=C(O2)C=3C=NN(C)C3,Z1664175192
COC=1C=C(F)C(=CC1OC)C(C)NC(=O)C=2C=CC=CC2OC(F)(F)F,Z1588841082
CC1=NOC(=N1)C2CCN(CC2)C=3N=CN=C4C3C=NN4C=5C=CC=CC5,Z730769290
CCC1=NC(C)=C(O1)C(=O)NC=2C=CC=C(C2)OCC(N)=O,Z2212527767
O=C(CN1CCC=2C=CC(O)=CC2CC1)NC(C3=NC=CS3)C=4C=CC=CC4,Z1155856550
COC=1C=C2C=CC=CC2=CC1C(=O)NC=3C=CC(=CC3)OCCN4C=CN=C4,Z877813378
CC=1C=CC2=C(C1)CCCN2S(=O)(=O)C=3C=CC=4NC(=O)CC(=O)NC4C3,Z218689480
O=C(NC=1C=CC=C(C1)CN2C=CC=NC2=O)NC3CC(C3)C=4C=CC(=CC4)OC(F)(F)F,Z1156035667
CCN1C(=O)C2CN(CCN2C1=O)C=3C=CC(=NN3)C4=CC=C(Br)S4,Z2091612680
CC1(C)C(=O)NC=2C=CC(=CC21)C3=CSC(=N3)C4CCOCC4,Z2092247468
CN1C(=NC=2C=C(C=CC21)NC(=O)CN3C(=O)CC=4C=CC=CC43)C5CC5,Z2229215917
O=C(CN1C(=O)NC2(CCC=3C=CC=CC32)C1=O)NC4=NC=5C=CC=CC5N=C4N6CCCC6,Z226526994
CCC1CN(CCN1CC(C)O)C(=O)CCN2C(=O)CCC2=O,Z1274935172
CN(C)C(C(=O)N1CCC(CC1)NC(=O)NC2CCCCC2)C3=CN=CN3C,Z1979116062
CC=1C=C(CNC=2N=C(N=C(C)C2C)C=3C=CC=NC3)N(C)N1,Z2093329003
COC=1C=C(Cl)C=CC1C(=O)N2CCC(CC2)C3=CNC4=NC=CC=C34,Z899467432
CC=1C=CN=CC1C(=O)NC2CCC3(CC2)NC(=O)NC3=O,Z2093712990
O=C(NCC1(O)CCCC=2C=CC=CC21)C3=CNN=C3C=4C=CC(Cl)=CC4,Z1161735739
CC1(C)CN(CC(O1)C(F)(F)F)C(=O)C=2C=NC3=CC=CC=C3N2,Z2210045118
CC(NC(=O)C=1C=CC=2N=CSC2C1)C=3C(F)=CN=CC3F,Z2094593250
O=C(CN1CCCOCC1)NC=2C=CC=CC2N3CCCC3=O,Z929892064
CC=1C=CC=CC1CN(CC=2C=CC=NC2)C(=O)C=3C=CC=C4NN=CC34,Z908125396
CN(C)C1=NC=2SC(=CC2S1)C(=O)N3CCC=4NN=CC4C3,Z908357804
O=C(NCCN1CCC=2C=CC=CC2C1)NC=3C=CC=C(C3)C(=O)NC=4C=CC(Cl)=CN4,Z1166683419
N#CC=1C=CC=C(C1)C(=O)NCCC2=NC(=NO2)C=3C=CC(Cl)=CC3,Z1167289356
CC(C)COC=1C=CC(=CC1)C2(CCC2)C(=O)N3CCC=4NN=CC4C3,Z1167586114
O=C(CCC=1C=CC=CN1)NC=2C=NC=3C=CC=CC3C2,Z913612374
CC=1C=CC2=NC(=CC(=O)N2C1)CNC=3C=CC(=CC3)CCC(C)C,Z914224654
CC(=O)NC=1C=C(C=C(C1)C(=O)NC2CCN(C2)C3=CC=CC=C3F)NC(C)=O,Z2229868427
CC=1C=C(N=C(N1)C(C)C)N2CCN(CC2)C=3C=CC4=NC=CN=C4N3,Z915935718
CN1N=NC=2C=CC(=CC21)C(=O)NC=3C=CC=C4C(=O)NCC34,Z2098980425
COC=1C=C(C=C2OCCOC12)C3=NC(CC(=O)NC4CCCCC4)=NO3,Z1169856180
CC=1C=CC(=CC1)C2(CCOCC2)C(=O)NC(CC=3C=CC=CC3)C(=O)O,Z1603189147
COC(=O)C=1NC(C)=CC1NC(=O)C=2C=C(N=C3C2C(C)=NN3C)C=4C=CC=CC4,Z1171261524
O=C1C=CC(=NN1C=2C=CC(F)=CC2)C3=NC(=NO3)C=4C=CC=5OCOC5C4,Z1170218702
CCC(C)NC(=O)C(C)SC1=NN=C(C=2C=CC(=CC2)OC)N1CC3CCCO3,Z263194858
C1=CC=C(C=C1)C=2C=NC=C(N2)N3CCC(CC3)NC4=CC=CN=N4,Z1607131255
NC(=O)C1=CC(=NN1C=2C=CC=CC2)C(=O)NC3=NC(=CS3)C4=CC=C5OCOC5=C4,Z1172186022
CC=1C=CC(=NC1)NC(=O)C2CCN(CC2)C=3C=CN=C(N3)C(C)C,Z1172813619
COC(=O)C1=CN=C(NC(=O)C=2C=CC=CC2OC3CCCC3)S1,Z1172579544
CN1C(=O)CCC=2C=C(C=CC21)C(=O)N3CCC(O)(C3)C=4C=CC(F)=CC4,Z1608244630
O=C(NC1CCCOC=2C=C(F)C=CC21)C=3C=CC(=CC3)N4CCCC4=O,Z1608285498
CC=1C=C(C(=O)N(CC(C)C(=O)O)C2CC2)C=3C=CC(F)=CC3N1,Z1609636258
COC=1C=CC(Br)=C2NC(=CC12)C(=O)NCC=3C=CC(=CC3)C=4N=NNN4,Z8865396168
CN1CCN(CCNC=2C=CC(=NN2)N3C=CN=C3)C(C1)C=4C=CC=CC4,Z926902596
CN(C)C(=O)N1CCN(C(=O)C=2N=CC=C3C=CC=CC23)C(C)(C)C1,Z1610753918
CC=1N=C(CN2CCC(CNC(=O)CN3C(=O)CN(C)C3=O)CC2)OC1C,Z1176083879
O=C(C1=CNN=C1C=2C=CC(F)=CC2)N3CCCC(C3)C4=NN=C5C=CC(=CN45)C(F)(F)F,Z278904574
COC=1C=CC=C(C1)N2CCCC(C2)NC(=O)N3C[C@H](C)O[C@H](C)C3,Z1613368416
COC1=CC(=CC(OC)=C1C)NC(=O)C=2C=CC(=CC2)NS(=O)(=O)C=3C=CC(F)=CC3,Z2230649526
CS(=O)(=O)NCC1CCCN(C1)C(=O)C2=CC=3C=CC=CC3C(=O)O2,Z1971996495
CC1=NSC(=N1)NC2CCC=3NC=4C=CC(C)=CC4C3C2,Z1618307010
CN1C(=O)CCC(C(=O)NCCC=2C=CC=3OCCOC3C2)C1C=4C=CC=CC4,Z1184964805
CC=1C=CC(=CC1)CC(C)C(=O)NC2CCN(CC2)C(=O)C=3C=CN=CC3,Z1618761585
CC(C)(C)C(=O)NCC1CCCN(C1)C(=O)C2=CSN=N2,Z1188876929
O=C(CC=1C=CC=2C=NNC2C1)NC3CC3C=4C=CC=CC4Cl,Z1951574674
O=C(CNC1CCCOC=2C(Br)=CC=CC21)NCC3CC3,Z1621373445
COC=1C=CC(OC)=C(C1)C2CCCN2C(=O)C(C)S(C)(=O)=O,Z1190383568
O=C(CCC1=CNC=N1)N2CCC(CC2)C3=CNC=4C=C(F)C=CC34,Z1952052114
CC1CCCCC1OCC(=O)N2CCCC=3C(=CC=CC32)C(N)=O,Z1190431780
O=C(NCC1OCCC=2C=CC=CC21)C=3OC=CC3COC=4C=CC=CC4,Z1190611396
COC=1C=CC=CC1NCC(=O)N2CCN(C)C=3C=CC=CC3C2,Z1191190434
CC=1SC(=O)N(CCC(=O)N2CC(CO)C=3C=CC=CC32)C1C,Z2231312100
CC1=NN(C(C)=C1CC(=O)N2CC(CO)C=3C=CC=CC32)C=4C=CC(Cl)=CC4Cl,Z2231314372
CCC=1C=NC=CC1CNC(=O)N(CC)CC2=NC3=CC(OC)=C(C=C3C(=O)N2)OC,Z1623658527
COC1=CC=C(CC(=O)NC=2C=C(NN2)C3CCCCCC3)N=C1,Z1927151727
CC=1OC=2N=CN(C)C(=O)C2C1C(=O)NC=3C=NC=NC3N4CCCC4,Z1625027489
CC=1C=C(C=CC1O)C(=O)N2CCCN(CC2)C(=O)CC3CCCC3,Z1625429877
O=C(C1=COC=2C=CC=CC12)N3CCN(CC4=NC=CN4C(F)F)CC3,Z1192821853
CC(C)(C#N)CC(=O)N1CCCCC1CNC(=O)C=2C=CC=CC2,Z1900340710
CC1CCCN(C1)C(=O)CCNC=2C=CN=C3C=C(F)C=CC23,Z1193295746
O=C(NC1CC(=O)N(CCN2CCOCC2)C1)C=3C=CC=4C=CNC4N3,Z1625472120
O=C(NCCN1C(=O)CNC1=O)N2CC=C(CC2)C=3C=CC(F)=CC3,Z1193847917
O=C(CC(=O)N1CCCC1CCC=2C=CC=CC2)NCC(F)(F)F,Z1626652420
CC=1C=CC(=CC1)C(C)N(C)C(=O)NCC=2C=CC=C(C2)CN3C=NC=4C=CC=CC43,Z977131248
CC1=C(N=NN1C=2C=CC=C3C=CC=NC23)C(=O)NC=4C=C(C)C5=NC=CN5C4,Z2231574046
CNC(=O)C=1C=CC(OC)=C(C1)NC(=O)C2=CN=C(S2)C=3N=CC=CN3,Z980036032
CC1(C)CCCC1(O)CNC(=O)CC2CCCS(=O)(=O)C2,Z2231619535
N#CC=1C=CC(=CC1)CC(=O)NC=2C=CC=C(C2)N3CCCS3(=O)=O,Z982442954
CC(=O)NC1(CCCCC1)C2=NOC(=N2)C=3C=NC4=CC(C)=NN4C3C,Z1197741154
O=C(NCC=1C=CN(CC=2C=CC=CC2)N1)N3CCN(CC3)C4CC4,Z2122073656
CC(C)N1CCN(CC1=O)C(=O)C=2N=CC=CC2C(F)(F)F,Z1628852374
CC1=CC(=O)C(=CN1C2CC2)C(=O)NCC=3C=CC=C(N3)N4CCOCC4,Z2122917167
CC=1OC(=NC1CC(=O)NS(=O)(=O)C2CCCOC2)C=3C=CC=CC3,Z1630287592
CC1=CC(CC(C)NC(=O)N2CCCC(C2)C3=NNC(=N3)C4CC4)=NN1,Z1632352122
CC(C)N1CCN(CC1=O)C(=O)NC2CCCN(C2)C=3C=C(N=CN3)N4CCOCC4,Z1632248736
CN(C=1C=CC(=CC1)NC(=O)C=2C=CC=C(O)C2)C3CCN(C)CC3,Z1632885563
CC1CC1C(=O)NC=2C=CC(=CC2)C(=O)NC3CCN(CC3)C(=O)C4=CC=CO4,Z383114104
CC1=CC(=C(C)O1)C=2C=C(C(=O)NC3=CC=CC(=C3)CN4C=CN=C4)C=5C(C)=NOC5N2,Z383524970
COCCN1C=C2CCCC(NC(=O)C3CCOC(C)C3)C2=N1,Z1634235742
CCOC=1C=CC(=CC1)[C@@H]2C[C@H]2NC(=O)C=3C=NN4C=CN=CC34,Z1974517869
CC1=NN(C=C1NC(=O)CC(C)(O)C2CC2)C=3C=CC=CC3,Z1636324664
O=C(C=1C=CC=C(C1)CN2C(=O)C=3C=CC=CC3C2=O)N4CCCC(C4)C5=CC=6C=CC=CC6N5,Z770162890
CCN1C=C(C=N1)C2=NC(=NO2)C=3C=CC(=NC3)N4CCCCC4,Z1206886777
CNC(=O)C1CN(CCO1)C=2C=CC3=NN=C(N3N2)C(F)(F)F,Z1639127801
O=C(CC1=CNC=2C=NC=CC12)NC[C@@H](O)CN3CCC4=CC=CC=C4C3,Z2232230801
CC1=CC=C(O1)C2CCCCN2C(=O)CC=3C=CN(C)N3,Z1642769539
CN1N=NC=2C=C(C=CC21)C(=O)N3CCCC(C3)N4C=CC(=N4)C(F)(F)F,Z1643547824
CC(=O)N1CCCCCC1C2CCN(CC2)C(=O)C=3C=CC=C(C3)N4C=NC=N4,Z1212068291
CCNC(=O)C=1C=CC(=CC1)CNC(=O)N2CCC(CC=3C=CN=CC3)C2,Z1643361947
CC=1C=CC=C(C1)C=2C=NC=C(C2)C(=O)NCC3=CN=NN3C,Z2141736548
O=C(NC=1C=CC=C(C1)CN2N=C3C=CC=CN3C2=O)N4CC=C(CC4)C5=CNC=6N=CC=CC56,Z436129662
COC=1C=CC=C2N=CN=C(NC3CCCN(C3)C=4N=CC=CN4)C12,Z1646359251
CC(C)N1N=NN=C1C=2C=CC(=CC2F)NS(=O)(=O)C=3C=NN(C)C3,Z1646214996
CSC=1C=CC=2N=CN=C(C2C1)N3CCC(O)(CC4=CC=CC=C4F)CC3,Z2143095989
CC=1N=C(NCC=2C=C(Br)C=NC2N)C=3CCCCC3N1,Z2143204957
CN1C=NC(=N1)C=2C=CC=C(C2)NC(=O)C3=CC=CC4=CC=CN=C34,Z1648040246
CCC1CN(C=2C=CC=C(Cl)C2O1)S(=O)(=O)C=3C=CC=CC3S(N)(=O)=O,Z1651026327
FC(F)(F)C=1C=C(N=C(N1)C=2C=CC=NC2)NCC3CCOCC3,Z1220619375
CC1=CN(N=C1NC(=O)C2=CN(N=C2C(C)C)C3CCS(=O)(=O)C3)C=4C=CC=NC4,Z1651972314
CC=1C=CC=C(C1)C2CCN(C2)C(=O)C=3C=CC=4C(=O)N(C)C(=O)C4C3,Z1653409440
CC=1C=CC(=CC1)NC(=O)CN(C)C(=O)C=2C=CC=C(C2)N3C=CN=C3,Z1224558488
CC1=NN(C=C1C(=O)NC(C)C=2C=CC=C(C2)N3CCCC3)C(C)(C)C,Z1653936342
OC1(CNC2=NC=NC3=CC=C(F)C=C23)CCCCCC1,Z1225472950
COC(=O)C=1C=CC(=CC1)NC(=O)C(=O)NCCN(C)C,Z1227354300
CC=1N=CC=C(N1)NC(=O)C2CCCN(C2)S(=O)(=O)C=3C=CC=CC3,Z1227934317
O=C(CCC1CC2=CC=CC=C2NC1=O)N3CCC=4C(=O)NC=NC4C3,Z1656856947
NS(=O)(=O)C=1C=CC=2CCN(C(=O)CCN3C(=O)NC(=O)C4=CC=CC=C43)C2C1,Z1229846989
O=C(O)C1CCN(CC1(F)F)S(=O)(=O)C=2C=NN(C2)C=3C=CC=CC3,Z2155384656
CCCS(=O)(=O)C1=CC=CC=C1C(=O)NCC2(O)CCCCCC2,Z1229976933
O=C(CC1(CCCC1)N2CCOCC2)NCC=3C=CC=4OCCOC4C3,Z1229780936
COC=1C=CC(=CC1)C(C)C(=O)NC2CCN(CC3CCOC3)CC2,Z1232396414
CC(=O)N(CC=1C=CC(=CC1)NC=2N=CN=C3C2N=CN3C)C4CC4,Z1232679238
COC1=NC=NC(OC)=C1C(=O)N2CCC(CC=3C=CC(F)=CC3)C2,Z1233500274
COC=1C=C(ON1)C(=O)N(CC=2C=CC=CC2)C3CC(C)(C)OC3(C)C,Z1663453185
CC=1C=CC=C(C1C)N2CC(CC2=O)C(=O)N(C)C=3C=CC(Cl)=CN3,Z1233384776
O=C(C=1C=NN(C1C(F)(F)F)C=2C=CC=CN2)N3CC4CCC3C4,Z775223030
CC(=O)N1CCC(NC(=O)CCC=2C=CN(C)N2)C=3C=CC=CC31,Z2206732602
CC1=CC(=NO1)C2CCCN2C(=O)CC=3N=C(OC3C)C4=CC=CO4,Z980493292
C[C@@H]1CN(CC2=CN(C[C@@H]3CCC(=O)N3)N=N2)C[C@H](C)O1,Z2864706231
O=C(CCN1CCC2CCC(O)C1C2)NC=3C=CC=CC3,Z2865520341
C[C@@H]1CN(CCN1)C(=O)NCC=2C=CC(Cl)=C(C2)C(F)(F)F,Z2873953704
COC=1C=CC(=CC1F)C=2CC(CNC(C)C(C)OC)ON2,Z2877606690
O=C1NC(=CC=C1C2=NOC(CC3CCOC3)=N2)C(F)(F)F,Z2879605317
CC(C)COC=1C=CC=C(C1)CN2C=C(CN3CCOC[C@H]3C)N=N2,Z2883783008
"O=C(NC[C@H]1COC[C@H]1O)C=2C=CN=C(C2)OCC=3C=CC=CC3 |&1:4,8,r|",Z2884733888
CNC(=O)[C@H](CC1=CNC=N1)NC(=O)C(C)(C)C2=CC=CC(Cl)=C2,Z2900718792
COCC(NC(=O)C=1C=C2C=CC(=CC2=NC1C)OC)C3=NN=NN3,Z2900719132
CN(C)CCC=1C=CC=C(C1)C(=O)N2CCCC(C2)N3CCNC3=O,Z2900719707
CC(COC1CCOC1)NC(=O)C2=CN=C3C=C(O)C=CC3=C2,Z2900719725
COCCC1=NC(=NO1)C2(CCC2)NC=3C=CC(Cl)=CC3,Z2900815488
CC(C)(C)N1N=NN=C1SCC2=CNC(=O)C=3C=CC=CC23,Z2900815952
CC=1C=C(C=CC1O)C2=NOC(=N2)C3CCCN3S(=O)(=O)C4=CC=CS4,Z2905345879
CCCOC1(CCCCC1)C2=NOC(=N2)C3=CC(=O)NC(=N3)C4CC4,Z2905348987
COCC(C)(C)C1=NOC(=N1)[C@@H](C(C)C)N2CC3=CC=CC=C3C2=O,Z2905359904
CC1=NNC=2C=CC(=CC12)C=3C=CC(=NC3)N4CCC(CC4)C(N)=O,Z2905436620
COC=1C=CC(=CC1F)CCN2N=NN=C2N3CCCC3,Z2905617008
O=C(CCCN1C(=O)NNC1=O)NC2C3CCC4=CC=CC=C4C23,Z2906480726
O=C([C@@H]1CSC(=N1)C=2C=CC=CC2)N3CC(CO)C4=CC=CC=C43,Z2909114261
O=C(O)[C@H]1[C@@H]2CN(C[C@H]12)C(=O)C3=CC=C(S3)C4=NC5=CC=CC=C5S4,Z2911982662
CC1=CC(=CC(=O)N1)CNC(=O)CC=2C=C(F)C=C3COCOC23,Z2912240471
O=C(NC(C1CC1)C2(CO)CCOCC2)C34CCN(C3)CCC4,Z2913537033
CN1C=C(C=N1)CC2CN(C2)C(=O)[C@@H]3CCCO[C@H]3C=4C=CC=CC4,Z2914948562
"CC1=NN(C)C(C)=C1[C@@H]2OCC[C@H]2NC(=O)C3=CNN=C3C4CC4 |&1:8,12,r|",Z2915562939
CC(CC(=O)NC(CO)C(O)C=1C=CC=NC1)C=2C=CC(Br)=CC2,Z2916176935
CN1C=CC(=N1)C2=NC(=CS2)CNC=3C=CC=4NC(=O)CCCC4C3,Z2920301642
CC(C(=O)NCC1(CCC1)C2(O)CCC2)C=3C=NC=CN3,Z2925866695
CC1(C)CNC(=O)C1NCC=2N=C(N3CCCCC23)C(F)(F)F,Z2928498245
O=C(C=1C=CC2=NN=CN2C1)N3CCC4(CC3)CNC(=O)C=5C=CC=CC5O4,Z2931718585
O=C(NC[C@H]1CCCC(=O)N1)C2=CC=3C=CC=C(Cl)C3O2,Z2933121789
CC(NCC1(CO)CCOCC1)C2=CC=3C=CC=CC3OC2,Z2936885247
CN1CCOC(C1)C(=O)NC2=CC(=C3C=NNC3=C2)C(F)(F)F,Z2936894571
CC1=CC(C)=CC(=C1)C(=O)N2CCN3CCOCC3(CO)C2,Z2936896247
CCN(CC(=O)NC=1C=CC=CC1OC)CC2CCC3(COC3)O2,Z2936915591
CC(C)(O)C=1C=CC(=CC1)CNC2=NN=C(O2)C3=CC=CC(Cl)=C3,Z2943862757
CC(C=1N=CC=CN1)N2CCN(CC=3C=NN(C3)C=4C=CC=CC4)CC2,Z2946717931
CC(=O)NC=1C=C(C=CC1C)NC(=O)N2CCC2C=3C=CC(F)=CC3,Z2947163333
CCC1=CC(=NO1)NC(=O)N2CCC3(CC2)C(C)=NC=4C=CC=CC43,Z2948966954
CCC1=CC(=NO1)NC(=O)N2CCC3(CC2)CC(O)CCO3,Z2948968064
O=C(NCC=1C=CC(=CC1)CN2CCCC2=O)C3=CC=4C=NC=CC4N3,Z2949495826
CC1CN(CCNC(=O)NC=2C=CN=C(C2)C=3C=CC=CC3)CCO1,Z2950061595
CC=1C(=CC=CC1N(C)C)NC(=O)N2C[C@H]3CS(=O)(=O)C[C@H]3C2,Z2950235305
CC1(C)CC=2NN=CC2CN(CC3=NNC=4CCOCC34)C1,Z2951145958
O=C(NC=1C=C(Br)C=CN1)N[C@@H]2CCCC=3C=CC=NC32,Z2951166037
CN1C=CC(=N1)N2CCCC(C2=O)N3CCC=4C(O)=NN(C)C4C3,Z2951378354
CCN1CCCC(NC(=O)NC=2C=CC=C3OCCC23)C1=O,Z2951420242
"CN1C=C(C=N1)[C@@H]2CN(C[C@H]2CO)C(=O)NC=3C=CN4C=CN=C4C3 |&1:6,10,r|",Z2951423196
CN1N=C(C=C1CN2CCCCC2CS(N)(=O)=O)C(F)(F)F,Z2951434744
"COC[C@H](O)CN1CCC(CC1)[C@@H]2OCCC[C@H]2C3=NC(C)=NO3 |&1:12,17,r|",Z2952556193
CC(C)C(NC(=O)NC1=CC=C2OCCOC2=N1)C=3C=NN(C)C3,Z2952722443
CC#CCCN1CCC(CC2=NC(=NO2)C=3C=CC(F)=CN3)CC1,Z2953111465
CC(C)C=1C=CC=C(C1)NC(=O)CNC2C(=O)NCC32CCOCC3,Z2954708165
CC(C)CC1=NC=C(S1)C(=O)N2CCC(=O)N(C)C=3C=CC=CC32,Z2955014496
COC(=O)C1(CCC1)C2(O)CCCN(CCC3CCOC3)C2,Z2956104178
CC1=NN(C)C=2OCCN(C(=O)C=3C=CC=C4COCCC34)C12,Z2957171220
CC=1C(Cl)=CC=CC1N2CCN(CC=3N=NN(C)N3)CC2,Z2957347368
CN1C(CNC(=O)C2(CCCO2)C=3C=CC=CC3)=NN=C1C4CCC4,Z2958386817
CC1=C(C=NN1C2CCCC2)NC(=O)C=3C=CC(=NC3)OC(F)F,Z2959084123
O=C(NC1CCC=2C=C(O)C=CC2C1)C3=CC=NN3C4CCC4,Z2959084468
CC=1C=CC(C(=O)N2CCCC3(C2)NC(=O)NC3=O)=C4N=CC=CC14,Z2959186543
CC1=C(C=NN1C)CN(C)C(=O)C=2C=C(N=CN2)C(F)F,Z2959198108
CC1(C)CN(CC1O)C(=O)CN2N=C(C=3CCCCC32)C(F)(F)F,Z2959198945
CN1N=CC=C1[C@H]2[C@@H](CC(=O)N2C)NC(=O)C3=CC=CC(F)=C3O,Z2959657246
COC=1C=CC(=CC1OC)C2=CC(=NN2C)C(=O)NC=3N=CN(C)N3,Z2960005448
O=C(C1=CC2=CC=CN2C=N1)N3CCCNC(=O)C3CC=4C=CC=CC4,Z2960031783
O=C(NC1CCC(CC1)OC(F)F)C=2C=C(C=CN2)C=3C=CC=CC3,Z2960224627
"CN1CCO[C@H]2CN(C[C@H]21)C(=O)C=3N=CC=C4C=CC=NC34 |&1:5,9,r|",Z2960328345
CCN1C=CC=C(NC(=O)CC2CC(=O)NC=3C=CC=CC32)C1=O,Z2960335742
CC1(CC1)C=2C=CC=CC2C(=O)N3CCOC4(CCS(=O)(=O)C4)C3,Z2960583368
CC=1C=CC=CC1C(C)C(=O)NCC2=NC(=CO2)C(N)=O,Z2960775370
O=C(NC=1N=CC=CC1CO)C=2C=CC(=CC2)N3CCOCC3,Z2961106717
"O=C(NC[C@@H]1CCCO[C@H]1C=2C=NNC2)C=3C=CC=C4CCOC34 |&1:4,9,r|",Z2961147061
O=C(C=1C=NN(C1)C2CCC2)N3CCCC(C3)C4=CNC5=NC=CC=C45,Z2961189653
CN1N=NN=C1C2CCN(CC2)C(=O)C=3C=C(F)C=C4C=COC34,Z2961427854
CC(C)C=1C=C(NN1)C2CCCN(C2)C(=O)C3=NN=CC4=CC=CC=C34,Z2961429150
CC=1C=CC(=CC1Cl)CC(=O)N2CCCN3N=NC=C3C2,Z2961625274
NC(=O)C=1C=CC=C(C1)C(=O)N2C3CCC2CC(CC(F)(F)F)C3,Z2962518671
CCN1C=CC(C(=O)NC=2C=CC=C3C2OC(C)(C)CC3O)=C1C,Z2962855651
CN1N=C(C=C1C2CC2)CNC(=O)C3=CN(CC4(C)COC4)N=N3,Z2963031853
CC[C@@H]1C(=O)NCCCN1C(=O)CN(C(C)=O)C=2C=CC=CC2,Z2963328294
CC(C)CC1CN(C)CCN1C(=O)CN2CCOCC2=O,Z2963413859
O=C(CC1=NOC=2C=CC=CC12)NC3(CCOCC3)C=4N=CC=CN4,Z2963677566
CC1CCC2=NNC(C(=O)NC3(CCOCC3)C=4N=CC=CN4)=C2C1,Z2963683573
CC=1N=C2SC=CN2C1C(=O)N3CCOC=4C=CC=CC4C3CO,Z2963778268
CC=1C=CC(F)=C(Br)C1C(=O)NCC(C)(C)C2CCOCC2,Z2964001673
CC1(C)CCC(CCNC(=O)CC2=CN3C=C(F)C=CC3=N2)OC1,Z2964020706
O=C(C=1C=CNN1)N2CCC(CC2)(C=3C=CC=CC3)N4CCCC4,Z2964139156
NS(=O)(=O)C=1C=CC(=CC1)C2CCN(CC2)C(=O)C=3C=CN=CC3,Z2964141468
CC(C)(C(=O)N1C[C@H]2CS(=O)(=O)C[C@H]2C1)N3CCOCC3,Z2964297169
CC(C)(C)C1=CN=C(CCC(=O)N2C[C@H]3CS(=O)(=O)C[C@H]3C2)O1,Z2964297773
O=C(N[C@H]1COC[C@H]1NC(=O)C=2C=CN=CC2)C=3C=CN=CC3,Z2964427477
O=C(NC1=CNC=2C=CC=CC12)C3=CON=C3C4CCCC4,Z2964451337
COC1=CC(=O)NC=C1C(=O)N2CCC(=O)N3CCCC23,Z2964514312
"COC=1C=CC=C(C1)C=2C=C(CNC(=O)[C@H]3OC[C@H]4CCC[C@@H]34)ON2 |&1:15,18,22,r|",Z2964984147
"O=C(CC1=COC=2C(F)=C(F)C=CC12)N[C@H]3CCC[C@H]3N4C=CN=C4 |&1:15,19,r|",Z2965015704
"CN1C(=O)C=CN(CC(=O)N[C@H]2CCC[C@H]2N3C=CN=C3)C1=O |&1:11,15,r|",Z2965022460
"CO[C@@H]1CCOC[C@H]1NC(=O)CC2=COC=3C=C(Cl)C=CC23 |&1:2,7,r|",Z2965100973
COC=1C=CC=C(C1)C2(CC2)C(=O)NC(C)CC=3C=CC=NC3,Z2965398653
CN1C(=O)C=2C=C(SC2N(C)C1=O)C(=O)NC3=CC=NN3C4CC4,Z2965411239
CN1C=C(C=N1)C=2N=C3CCCCN3C2NC(=O)CC=4C=CSC4,Z2965494040
CC1=C(N=NN1C=2C=CC(C)=CC2)C(=O)NC=3C=CC=NC3C4CC4,Z2965525570
CC=1C=CC=NC1C(NC(=O)C2=CSC3=CN=CN23)C(C)(C)C,Z2965533611
CN1N=C(C=C1C(F)(F)F)CNC(=O)C2=CN=C3CCCCN23,Z2965605445
O=C(C=1C=C(F)C=C2N=CC=NC12)N3CCC(CC4=NC=CS4)C3,Z2965721438
"O=C(CCNC(=O)C=1C=CSC1)N2C[C@H]3CCS(=O)(=O)[C@H]3C2 |&1:14,20,r|",Z2965765608
CN(CC=1C=C(NN1)C=2C=CC=CC2)C(=O)C=3C=C(NN3)C4CC4,Z2965872042
CC1=NOC=2N=C(C=C(C(=O)N3CCOCC3(C)C4CC4)C12)C(C)C,Z2966014626
CC=1OC(=CC1S(C)(=O)=O)C(=O)NC(C=2C=CN=CC2)C3CC3,Z2966416091
O=C(NC(C=1C=CN=CC1)C2CC2)C3=CN4CCCC4=N3,Z2966416657
O=C(NCC#CC1CCCCO1)C=2C=CC=3OCCNC(=O)C3C2,Z2966507015
C[C@H]1C(=O)NCCCN1C(=O)C2=CN=C(S2)C=3C=CC=CC3,Z2966751252
"CCC(=O)NC=1C=CC=C(C1)CNC(=O)N2CC[C@H]3CCN(C)C[C@H]32 |&1:18,24,r|",Z2968073775
CCNC(=O)C1=CC=C(C)C(=C1)NCC2=CN(C)N=C2C3CCCC3,Z2969215572
CC(=O)NCC1CN(CCO1)C=2C=CC(=NN2)C=3C(F)=CC=CC3F,Z2969780720
O=C(CN(CC1CCCO1)C2=NC=3C=CC(F)=CC3O2)N4CCCC4,Z2970622421
O[C@@H]1C[C@H]2CN(CCN2C1)C=3C=CC=C(N3)N4C=NC=5C=CC=CC54,Z2973191210
C1=CC=2C(=NC=NC2N1)N3CC(C3)C=4N=CC(=CN4)C5CC5,Z2973867390
CC1=NC(=NN1)C2CN(C2)C3=NC(=NS3)C=4C=CC=CC4C,Z2974471444
C[C@@H](NC(=O)NCC1=NC(=CO1)C(C)(C)C)C=2C=CC(Cl)=CC2,Z2974472717
"CC(C)(CNC(=O)N[C@@H]1C[C@H]1C2=CC=CO2)C3CCOCC3 |&1:8,10,r|",Z2974544379
CS(=O)(=O)N1CCC(C1)NC(=O)NCC=2C=CC(=CC2)CCO,Z2974776193
CN1C=CC(=N1)C2CCN(CC2)C=3C=C(N=CN3)C4CC4,Z2974879725
CC(C)C=1N=CC=C(N1)N2CCN(CC2)C=3C=CC=C4NC(=O)NC34,Z2975191319
O=C(NCC=1C=CC=C(Cl)C1O)NC2CCC3(COC3)CC2,Z2975964585
CC=1C(=NNC1NC(=O)C(C)(C)NC=2C=CC=CC2)C(C)C,Z2981496846
CCN1C(=O)C2CN(CCCN2C1=O)C(=O)OC(C)(C)C,Z2981941144
CCC1=NOC=C1CS(=O)(=O)C(COC)C=2C=CC=CC2,Z2982509735
CC1=NNC(NC(=O)C=2C=NN(C2)C3CCC3)=C1C4=CC=CC(C)=C4,Z2982567341
C1=C(N=NN1C(CC2CCCCC2)C=3N=CC=CN3)C4CCC4,Z2982735134
O=C(CN1C=C(CNS(=O)(=O)C2CC2)N=N1)N3CCCCC3,Z2982736633
FC1=CC(=CC(Cl)=C1)N2C=C(N=N2)C3CC4(C3)OCCO4,Z2982784353
[Na+].CC(C)C1(CC1C(=O)NC=2C=CC(=CC2)C3=NC=CS3)C([O-])=O,Z3523246305
[Na+].CC(C)C1(CC1C(=O)NC(C)(C)CC=2C=CC(C#N)=CC2)C([O-])=O,Z3482757879
CN(C)C=1C=CC(=CC1)C(=O)NCC2=CN(C(=O)NC2=O)C(C)(C)C,Z2984168578
O=C(O)C1(CCCCC1)NC(=O)C2=CC=C3CNCCOC3=C2,Z2984287443
COC=1C=CC=CC1C2=CN(CCN3C=CN=C3C)N=N2,Z2984401004
BrC=1C=NC=C(C1)C2=CN(CC3=NC=C(O3)C4CC4)N=N2,Z2984423391
CC=1N=C(C)N(CC2=CN(CC=3C=CC(Cl)=CC3C)N=N2)N1,Z2984500640
O=C(CC1COCCN1)NS(=O)(=O)C=2C=CC=C3N=CC=CC23,Z2991035981
"FCCN1C=C(C=N1)C2=NOC(=N2)[C@@H]3C[C@H]3C=4C=CC(F)=CC4F |&1:13,15,r|",Z2992419487
CC=1C=CC(=CC1)C2=NN=C(NCC3=C4CCCC4=NN3C)O2,Z2992605911
COC=1C(F)=CC(=CC1F)S(=O)(=O)NC2=NN3CCCCC3=N2,Z2996180243
CCN1N=CC(C)=C1NS(=O)(=O)CCC=2C=CC=C(F)C2,Z2996193182
CC1=CC(CC2=NC(=NO2)C=3C=CC=C(C3)N4CCNC4=O)=NO1,Z2997063136
CC(C)C(O)CC=1C=CC=CC1C2=CC=C3OCCNC(=O)C3=C2,Z2998242391
CC(C)N(C(=O)C=1C=C(CN(C)C)ON1)C=2C=NC=3C=CC=CC3C2,Z2998407686
CN1N=C(C=C1C(=O)NC2=NN=NN2C3CC3)C=4C=CC=CC4,Z2999301178
CN(CCN1CCCC1=O)S(=O)(=O)C=2C=CC=C3C2N=NN3C,Z3008547120
CCN1C=C(N=C1C)S(=O)(=O)N2CCCC2C=3N=CC=CN3,Z3009172304
CC=1N=COC1CNS(=O)(=O)C=2C=CC=C3OCCOC23,Z3009380732
CN1N=CC=2C(=O)NC(=NC21)N3CCNC(=O)CCN(CC3)C(=O)CCC4CCCO4,Z3015294234
CS(=O)(=O)NC=1C=C(C=CC1F)C(=O)N2CCC[C@@H]2C(N)=O,Z3015569376
COC=1C=CC(=CC1)COCC(=O)NC2CCN3N=CC=C3C2,Z3016313940
CC=1C=C2N=C(NC(=O)C(=O)NCC3CC3)SC2=CC1F,Z3016313985
O=C(C1CCCCO1)N2CC(O)(C=3C=CC=NC32)C(F)(F)F,Z3016314044
CC1=CN(C)N=C1CNC(=O)C=2N=C(N3C=CC=CC23)S(C)(=O)=O,Z3016314069
CN1N=CN=C1CC2=NOC(=N2)C3(C)CCC(F)(F)CC3,Z3016339176
COCC1(CCCCO1)C2=NOC(=N2)C=3C=CC=C(C)C3O,Z3016339185
CC=1C=CN=C(CN2C(=O)C(=CN(C)C2=O)C(F)(F)F)N1,Z3016340066
O=C(O)C1(O)CCCN(C1)C=2N=CC=C(N2)OC=3C=CC=CC3,Z3016340798
CC1=CNC(=O)C(=C1)CNC(=O)NC(C=2C=CC=CC2)C3CCCC3,Z3019344852
O=C(C=1C=CN=C2NCCC12)N3CCCC3C=4C=CSC4,Z3019741888
"CN(CCO)C[C@@]12C[C@]2(CN(C1)C(=O)OC(C)(C)C)C(F)(F)F |&1:6,8,r|",Z3026726548
CC(C)(C)C1CN(CCO1)C2=CC(=CC(=N2)C(F)(F)F)CO,Z3027211889
CCC=1C=CC(=CC1)S(=O)(=O)N2CCCC=3C=NN(C)C32,Z3027218141
CCC1=NC(C)=C(O1)C(=O)N2C=3C=CN=CC3N4CCC2C4,Z3027255137
CCOC(=O)C=1SC=2N=C(NC(=O)C2C1C)C3=CNN=N3,Z3027320508
"O=C(NC[C@@]12C[C@]2(CNC1)C(F)(F)F)N3CCC(CO)CC3 |&1:4,6,r|",Z3047230474
CC(C)(O)C=1C=CC(=CC1)CNC(=O)C=2C=CC3=C(C2)CCS3(=O)=O,Z3051010914
CC(C)N(C(=O)C1=NNC=2C=CC=CC2C1=O)C=3C=CC(Cl)=CC3,Z3051952455
CC(NC(=O)CN1CCC(CO)CC1)C2=CC=C(F)C3=CC=CC=C23,Z3051993181
CON1CCC(CC1)NC(=O)C2CC(=NO2)C=3C=NN(C)C3,Z3052696638
CC=1N=NC=CC1C(=O)N[C@@]2(C[C@H](O)C2)C=3C=CC=CC3,Z3053851908
CC1=NN(CC(=O)N2C3=CC=C(Cl)C=C3CC2C)C(=O)O1,Z3059977449
COCC(=O)N[C@@H]1CN(C[C@H]1C2=NC=CN2C)C(=O)C3=NC=CC4=CC=CC=C34,Z3062829555
"O=C(NC1CC1)[C@H]2C[C@H]3OCC[C@H]3N2C(=O)C=4OC=C5CCCC45 |&1:6,8,12,r|",Z3063440400
COC(CNC(=O)C=1C=CC(=CN1)OC=2C=CC=C(C)C2)OC,Z3063544824
O=C(NCC=1C=CC=NC1N2CCCCC2)C3(O)COC3,Z3063545576
COC=1C=CC=C(O)C1S(=O)(=O)NCC2=CN(N=N2)C3CCC3,Z3063550166
CC=1N=CC=NC1CCNC=2N=CN=C3SC(=NC23)C(F)(F)F,Z3063562513
CCCN1C=C(C=CC1=O)NS(=O)(=O)C=2C=CC(=NC2)C(C)(C)C,Z3063573610
O=C(NCC=1C=CC=CC1O)C2(CCCN2)C=3C=CC=CC3,Z3063578002
COC=1C=CC(=CN1)CCNC(=O)CN2C=NC3=C2CCNC43CCOCC4,Z3063656824
"O=C(C=1C=NN2C1N[C@H](C[C@H]2C(F)F)C3CC3)N4CCC[C@@H](O)C4 |&1:8,10,r|",Z3068695480
NS(=O)(=O)C1=CC=C(CC(=O)N2CC(O)(C2)C(F)(F)F)S1,Z3071536038
CC=1C=CC(=CC1)C(CNC(=O)C2CCS2(=O)=O)N(C)C,Z3071552969
CN(CCNS(=O)(=O)C=1C=NN2CCCOC12)C=3C=CC=CN3,Z3071559233
CCOC(=O)CCNS(=O)(=O)CC1(CCOCC1)C(C)(F)F,Z3071569555
C=1C=C2OCOC2=CC1CNC=3N=CN=C4C3N=NN4C5CC5,Z3071585113
CC1=CN=CC(C)=C1NC(=O)NCCC(=O)N2CCCCC2,Z3071591421
CCCNC(=O)NC(=O)CN1C2CCC1C=3C=NC=NC3C2,Z3071615671
COC1CCN(CC1(C)C)C=2NC(=O)N(C)C(=O)C2C#N,Z3077275056
CC1(C)CN(CCN1)C=2N=C(N=C3SC=CC23)C=4C=CC=CN4,Z3077882087
"COC=1C=CC=CC1[C@@H]2[C@H](O)CCN2C3=NC=CN4N=CC(Br)=C34 |&1:8,9,r|",Z3080149736
COC=1C=C(F)C(C(=O)NCC2=NN=C(S2)C(C)(C)C)=C(F)C1,Z3082543458
CC(=O)N1CCCC(C1)C(=O)NC=2C=C(N(C)N2)C(F)(F)F,Z3087209348
CC=1C=CC=C2N=C(OC12)N3CC(C3)N4C=C(CO)N=N4,Z3091624760
CCN1C=C(C=N1)C(=O)NC(C)CC2CN(C2)C(=O)OC(C)(C)C,Z3091714001
"CN1N=CC=C1C[C@@H]2CCCN2C(=O)[C@@H]3C[C@H]3C4=CC=CN=C4 |&1:14,16,r|",Z3091738192
COC(=O)C1=NN(C)C(C)=C1NS(=O)(=O)C=2C=NC=C(F)C2,Z3091829660
CNC(=O)C=1C=CC(O)=C(C1)NS(=O)(=O)CC(OC)C(C)C,Z3091837324
O=C(C=1C=C(C=CN1)N2C=CC=N2)N3CCOC(CC3)C=4C=CC=CC4,Z3092528879
CC=1N=CNC1C2=NN=C(N2C)N3CCN(CC3)C=4N=CC=CN4,Z3095493389
CCC1=NOC(CC)=C1CNC(=O)N2CCC[C@H]2C(F)F,Z3102242764
CN1C=CN=C1C(CC=2C=CC=CC2)NC(=O)N[C@H]3CC(=O)N(C)C3,Z3105537648
"CC1=NN(C)C(C)=C1C(O)CNC(=O)N[C@H]2CC3=CC=CC=C3[C@H]2C |&1:15,23,r|",Z3105737373
CC1(C)C(CS1(=O)=O)NC(=O)C=2C(F)=CC=CC2SC=3C=CC(Cl)=CC3,Z2233038559
CC(NC(=O)C1=CC=CO1)C(=O)N2CCC(CC=3C=CC(F)=CC3)C2,Z1233878338
O=C(NC1(CCOCC1)C=2N=CON2)C=3C=CC(F)=CC3,Z1663396780
C1=NC=C2C=C(C=CN12)C3=NOC(=N3)C4CC54CCOC5,Z2160112859
CC=1C=CC(=CN1)C2=NC(=NO2)C3(CCC3)NC(=O)C=4C=CC=CC4,Z2160452594
CC(C)COC=1C=CC(=CC1)C2(CCCC2)C3=NOC(CN4C=NN=N4)=N3,Z2160669479
CC=1C=NN(C1)CC2=NC(=NO2)C3(CCOCC3)C=4C=CC(C)=CC4,Z2160677802
CC1CC=2C=CC=CC2N1C(=O)CN3CCCC(C3)S(N)(=O)=O,Z1665996865
O=C(NCC=1C=CC(=CC1)N2C=CC=N2)C3=CC(=O)NC4=CC=C(F)C=C34,Z1239172983
O=C(O)C=1C=CC(=CC1)CNC(=O)C2CC(=O)N(C2)C=3C=CC=CC3,Z1238808956
NC(=O)C=1OC=2C=CC=CC2C1NC(=O)CCC=CC=3C=CC=CC3,Z1239107456
CN1C=NC=C1C(=O)NC2=CC(=NN2CCO)C=3C=CC(Cl)=CC3,Z2163023968
COC=1C=CC=C(C1)CC(=O)N2CCC(C2)C=3C=CC=CC3OC,Z1239699460
CN1C(=O)C=2C=CC(=NC2N(C)C1=O)C(=O)N3CCCN(CC3)C4CCCC4,Z1240716705
CS(=O)(=O)C1(CC1)C(=O)N2CCC(C2)NC(=O)NC3CC3,Z1942606595
CC=1C=CC=C(CNC(=O)N2CCN(CC2)C=3C=C(N=CN3)N4CCOCC4)N1,Z1241799263
CC1C=2C(F)=CC=CC2CCN1C(=O)NC=3C=CC(=NC3)N4C=CC=N4,Z1243889994
CC1C=2C=C3OCCOC3=CC2C4(CCCC4)CN1C(=O)C5=CC(=O)NC=6C=C(F)C=CC56,Z1245894026
CN1C=CN=C1CN2CCC(CC2)C(=O)NC3=CC(=NN3)C(F)(F)F,Z1479808900
O=C(CCC1=NC(=NO1)C=2C=COC2)N3CCCC3CN4CCCC4,Z1246656425
CC1(C)CC(CC(C)(C)N1)NC(=O)C2=CC(O)=C3C=CC=CC3=C2,Z2169345076
CC=1C=CC=2SC(=CC2C1)C(=O)NC=3C=CC=C(C3)C(N)=O,Z2169456415
CCC(C=1C=CN=CC1)N(CC)C(=O)CCCN2C(=O)C3=CC=CC=C3C2=O,Z1246358204
CS(=O)(=O)C=1C=CC=2N=CN(CCC=3C=CC(F)=C(F)C3)C(=O)C2C1,Z2169478670
CC=1C=CC(=CC1)C=2C=CC(C(=O)N(C)CC(C)C3=NN=NN3)=C(F)C2,Z1675094536
CC=1C=CC(=CN1)C(C)(C)NC(=O)C=2C=CC3=NN=CN3C2,Z1676294824
CC=1N=CC=C(N1)N2CCN(CC2)C(=O)C3=CC=4C=CC=CC4OC3,Z1676029351
CC1=CC=CC(C)=C1OCC(=O)N2CCN(CC2)C=3C=CN=C(C)N3,Z1676022520
O=C(NC1=CC=NN1CC=2C=NN(C2)C=3C=CC=CC3)C(F)F,Z1906745075
CC1=NN(C)C(C)=C1CC(C)C2=NC(=NO2)C3=CC=CS3,Z1278863840
CCC1=NN(C)C=C1NC(=O)C2CCN(C2)C=3C=CC=CC3Cl,Z2175107348
CC(C)C=1C=CC(=CC1)C2=NOC(CNC(=O)NCC3=CC=CO3)=N2,Z1682502384
CC=1C(C(=O)N2CCCN3C=4C=CC=CC4CC3C2)=C(O)N=C5C=CC=CC15,Z2174928197
CC=1C=CC=C(C1)NC2CCN(CC2)C(=O)C=3C=CC(O)=NC3,Z1256554682
O=C(NC=1C=CC=CC1C2=NOC(=N2)C3=NNC4=CC=C(Br)C=C34)C5CC5,Z1683603011
CN1CCN(CC1)C(=O)C=2C=CC(=CC2)C3=NOC(=N3)C4CC5=CC=CC=C5O4,Z1683684966
CN(C)C(=O)C=1C=CC=C(C1)C2=NC(=NO2)C=3C=CC(=CC3)S(=O)(=O)N(C)C,Z1684008741
CCN1N=CC=2C(=CC(=NC21)C=3C=CC=CC3)C(=O)NCC4=COC(=N4)C=5C=CC=CC5,Z1260281875
NC(=O)C(CC=1C=CC(Cl)=CC1)NC(=O)C2CCN(C2)C3=CC=CC=C3F,Z2177435783
COC=1C=C(C=CC1S(C)(=O)=O)CC2=NOC(=N2)C3CCCOC3,Z1684818188
CC=1OC(=NC1CC2=NC(CC=3C=CON3)=NO2)C=4C=CC=CC4,Z1685048700
CC(C)OC=1C=CC(=CC1NS(=O)(=O)CCC(C)(C)C)S(=O)(=O)N(C)C,Z2178953070
O=C(C=1C=CC=CC1F)N(CC(F)(F)F)C2CCN(CC2)C(=O)C=3C=CC=C4NN=CC34,Z1261430774
COC=1C=CC=C(CC2=NOC(CC=3C=NN(N3)C=4C=CC=CC4)=N2)N1,Z1686007786
COC=1C=CC=2CN(CC3(CC3)C2C1)C=4N=CN=C5C=CC(=CC45)S(C)(=O)=O,Z2180075749
CC(C)(NCC=1C=CN=C2NC=CC12)C(O)C=3C=CC(Br)=CC3,Z1687446632
COC=1C=CC(=CN1)N(C)C(=O)C2CCN(CC2)C(=O)C=3C=CC=CC3,Z1264460586
O=C(CN1C=CC(=N1)NC(=O)NC2CC=3C=CC=CC3C2)N4CCOCC4,Z1687843310
CC=1C=NN(C1)C2CCN(C2)C(=O)NCC(C)C=3C=CC(F)=CC3,Z2182427226
CC(C)CC1COCCN1C(=O)NC2=CN(C)N=C2C(F)(F)F,Z1688669940
CC=1C=CC(=CC1)OCCC(=O)NC=2C=CC(F)=C(C2)N3N=NN=C3C4CC4,Z1265487058
CC(NC(=O)C=1NN=C2C=CC=CC12)C(=O)NCC=3C=CC=4C=CNC4N3,Z2184210288
O=C(NC=1C=CC(=CC1)N2C=CC(=N2)C(F)(F)F)C3=COC(=N3)C4CCC4,Z2184398722
CCC1CN(CCN1C(=O)CCC(=O)N2CCC(O)CC2)C=3C=CC=CC3,Z1691025780
C[C@H]1C[C@H](NC(=O)C2(CCC2)C=3C=CC(F)=CC3F)C=4C=CSC4S1(=O)=O,Z2185009396
O=C(CNC(=O)C=1C=CC=2OCOC2C1)N3CCCC(C3)C4=NOC(=N4)C5CC5,Z1286052461
CN1C=CN=C(C1=O)N2CCN(CC2)S(=O)(=O)C=3C=CC=CC3,Z1270091121
COC(C)(C(=O)N1CC(C1)OC=2C=CC(C#N)=CC2)C3CC3,Z2186858229
CCC1=CSC(=N1)N2C=C(C=N2)C(=O)N3CC=4C=CC(O)=CC4C5(CC5)C3,Z2187218442
CN1N=C2CCCCC2=C1CNC(=O)C3CCN(C3=O)C=4C=CC(F)=CC4,Z2187554268
CC=1N=CN(C1C)C=2C=CC(=CC2)NC(=O)CNC(=O)CC=3C=CC=CC3,Z2188070919
CC=1N=CN(C1C)C=2C=CC(=CC2)NC(=O)CCCN3C=NC=N3,Z2188077644
COCCC1COCCN1C(=O)CC2=CC=C3OCCOC3=C2,Z2188086328
CN1N=NC=C1C(=O)N2CCCC(CO)(CC=3C=CC=CC3)C2,Z2187926282
CC=1N=C2C=CC(=CC2=NC1C)C(=O)NC3=CN(C)N=N3,Z2187854472
CS(=O)(=O)C=1C=CC=2N=C(NC(=O)C3CCN(C3)C4=CC=CC=C4F)SC2C1,Z2188589327
O=C(CN1CCC(F)(F)C(CO)C1)NC2=CC=C3CCCC3=C2,Z2189169269
O=C(NCCC1=NC(=NN1)C=2C=CC=CC2)C3=CC=C(F)C(F)=C3,Z1695816545
CC=1C=C2C=C(OC2=CC1C)C(=O)N3CC=4C=CC=CC4C[C@H]3C(N)=O,Z1273229007
CCOC=1C(F)=CC=CC1C(=O)NC2CCN(CC(=O)N(C)C)CC2,Z1274222111
COC=1C=C(C=CN1)NC(=O)N2CCCC(CO)(CC=3C=CC=CC3)C2,Z2190363485
CN1C2CCC1CN(CC2)C(=O)C=3C=CC(Cl)=C(C3)S(C)(=O)=O,Z1303177121
CN1C2CCC1CN(CC2)C(=O)C=3C=CC(=CC3)CNC(=O)C4=CC=CS4,Z1303179979
NC(=O)C=1C=CC(=CN1)CNC(=O)NCCC=2C=CC=CC2OC(F)(F)F,Z1402510456
COC=1C=CC(=CC1OC)NC(=O)NC2CCN(C2=O)C3=CC(C)=NN3C,Z1276825983
N#CC=1C=CN=CC1NCC2=NC=3CCC(CC3S2)C=4C=CC=CC4,Z1699233267
COC=1C=CC=CC1C2=NOC(=N2)C(C)NC(=O)N3CCC(CC3)C(C)O,Z1308844171
CC(C)(C)N1C=C(C#N)C=C1NC(=O)N2CCC(CC2)C(C)(O)C(F)(F)F,Z1699321046
CCC1=NN=C(CN2CCC(CC2)C=3C=CC(=CC3)OC)O1,Z1309397827
CN1N=C2CCN(CC2=CC1=O)S(=O)(=O)CC3=CC=CC(C#N)=C3,Z1309330558
CC=1C=CC(=CC1)C=2C=NC=C(C2)C(=O)NC3CCS(=O)(=O)CC3,Z1409463176
CNC(=O)C1CCCN1C(=O)C=2C=NC=C(C2)C=3C=CC(=CC3)OC,Z1409791744
CC1(C)CC2CC(C)(CN2C(=O)C(=O)NC=3C=CC(Cl)=C(C3)N4N=NN=C4C5CC5)C1,Z1311936785
CN1C=CC=C1C2CCCN2C(=O)NC=3C=NN(C3)CC(F)F,Z1311806234
CC=1C=CC=C(C1C)N2CCN(CC2)C(=O)CN3CCOCC3=O,Z1930467331
O=C(CN1CCOCC1=O)NCC=2C=CC(=C(F)C2)N3C=CN=C3,Z1931352783
CC1=C(C=NN1C)CN(C)C(=O)C2=NN(C=3C=CC=CC3)C=4CCCC24,Z1931485239
NS(=O)(=O)C=1C=CC=C(C1)N2CC(CC2=O)C(=O)N3CCC=4C=CC(Cl)=CC43,Z1313867852
O=C(C1=CC=NN1CC(F)F)N2CCCC2C3=CC=CC(F)=C3,Z1926569442
O=C(CC=1C=CC=C(F)C1F)N2CCN(CC2)S(=O)(=O)C3=NN=CN3,Z1705196155
CC1=CC(=O)NC=C1C(=O)NC2(CCCCC2)C=3C=CC(Cl)=CC3,Z1413991186
CN(CC1=CC=C(Cl)S1)C(=O)CN2C=NC=3CCCC3C2=O,Z1708175528
CC1CN(CCCNC(=O)C2=CC=C(F)C(C#N)=C2)CC(C)O1,Z1916037982
CC=1C=C(C=NN1)C(=O)N2C3CCC2CC(C3)N(C)C(=O)C=4C=CC=CC4,Z1817134839
CC=1SC(=CC1NC(=O)CC2=CC=CC=C2OC(C)C)C(N)=O,Z1416027641
CC1=C(C=NN1C2CCCC2)NC(=O)C3=CC(Cl)=CN3C,Z1885251813
COC=1C=C(F)C(=CC1F)NC(=O)N2CCOC(C)(C2)C=3C=CC=CC3,Z1417593264
CCC(NC(=O)C1=CC=CC(=C1)CC#N)C2CCOCC2,Z1315962355
CC=1C=CC(=CC1)C=2C=C(NN2)C(=O)N3CC(C)OC(C3)C=4C=CSC4,Z1417314154
CC(C)C1=NN(C=C1CNC(=O)C2=CC=CN(C)C2=O)C=3C=CC=CC3,Z1417443710
CC(C#N)CNS(=O)(=O)C=1C=CC(=CC1)N2N=CC(Cl)=C(Cl)C2=O,Z1316798353
COC=1C=CC=CC1N2CCC(CC2)NC(=O)CC=3C=CC(O)=CC3,Z1417993218
CN(C(=O)C1=CC=2C(=NN(C)C2S1)C(F)F)C3CCCC4=C3C=NN4C,Z1940084142
CC=1C=CC=C(C(=O)NCC=2C=CC(=CC2)CN3CCCC3=O)C1F,Z1419425049
CC1=NN(C)C(C)=C1C(=O)NC=2C=CC(=CN2)C(=O)N(C)C,Z1940306004
CC1=NN(C)C(C)=C1C(=O)NCC2=C(C)C=3C=CC=CC3N2C,Z1940411859
CCC=1C=C(N=C(N1)C=2C=CN=CC2)NC3CCCN(C3)C(N)=O,Z1317591489
CN1C=CC=C1C2CCCCN2C(=O)C3=CC(=NO3)C=4C=CC=CC4,Z1318833982
CCN1CCN(CC1)C2=CC=CC(=C2)NC(=O)C=3N=COC3C,Z1716409951
CC(=O)N1CCC(C1)NS(=O)(=O)C2=C(C)SC=3C=CC(Cl)=CC23,Z1420402225
CCNC(=O)C=1C=CC=C(C1)NC(=O)CN2CCN(CC2)C=3C=NN(C)C3,Z1320130845
CS(=O)(=O)C=1C=CC(=CC1)C(=O)N2CCOC=3C(Cl)=CC=CC32,Z1421935700
CN1C=C(C=N1)CC2CCN(C2)C(=O)NCCC=3C=CN(N3)C=4C=CC(F)=CC4,Z1321589912
CN1C(CN2CCN(CC2)C=3N=CC=CC3F)=NN=C1C=4C=CC(Cl)=CC4,Z1717441128
CCCC(=O)N1CCCC1C(=O)N2CCOC(C2)C3=CC=CS3,Z1422209653
CC(=O)NC=1C=CC(C)=C(C1)C(=O)NCC=2C=CC=C(C2)C(=O)N3CCOCC3,Z1764672648
CC1=NC2=NC(N)=NN2C(C)=C1CC(=O)NC3C=4C=CC=CC4CC3O,Z1333274618
CCOCC=1C=CC(=CC1)NC(=O)C=2C=CC(=C(F)C2)C(F)(F)F,Z1786135074
CC(C)N1N=CC=2CCCC(NC(=O)CC3=CN=CS3)C21,Z1779639559
O=C(C=1C=CC(F)=CC1C(F)(F)F)N2CCCN(CC2)C(=O)C3CC3,Z1767648293
CC1=NC=2C=C(F)C(F)=CC2N1CC(=O)NC=3C=CC=C(C3)N4CCNC4=O,Z1949984188
CC(C)C1=CN=C(N1C)S(=O)(=O)CC2=NN=NN2C3CC3,Z1325749728
NS(=O)(=O)C1CCN(CC1)C2=NOC(=N2)C=3C=CC=CC3,Z1722711504
CCN(CC)C(=O)C1CCN(CC1)C(=O)CC=2C=COC2,Z1724304219
N#CC=1C=C(C=CC1N2CCC3(CCC3)C2)S(=O)(=O)NCC(F)(F)F,Z1429554503
COC=1C=CC=C(C1)S(=O)(=O)CC(=O)N(C)C2CCCCC2C,Z1429680923
CN1N=C2C=CC=CC2=C1C(=O)N3CCCC(C3)N4C=CN=C4,Z1725625231
CN1CCC=2C=CC(=CC2C1=O)NC(=O)C3=COC=4C=C(F)C=CC34,Z1952467571
O=C(NC1CCC(=O)NC1=O)C=2C=CC=3N=C(OC3C2)C=4C=CC=CC4,Z1952546841
CCOC1CC(O)(CNC(=O)C=2C=CC(C)=C(C2)OC)C1(C)C,Z1834172027
CC1CC(CO1)C(=O)NCC2=NOC(=N2)C=3C=CC=CC3F,Z1934308356
COC(=O)C1=NNC=C1NC(=O)C=2C=CC=C(C2)C(F)(F)F,Z1835799562
CN1N=C(C=C1NS(=O)(=O)C2=CC=3CCC(=O)NC3C=C2F)C4CCCCC4,Z1431661897
O=C(N[C@@H]1C[C@H]1C=2C=NN(C2)C=3C=CC=CC3)C=4C=NN5CCCCC45,Z1954335373
O=C(NC=1C=CC=2OCCC2C1)C=3C=CC=NC3OCC4=CC=CC=C4F,Z1838382573
CCN1CCCCC1C(=O)NS(=O)(=O)C=2C=CC(C)=C(Cl)C2,Z1728620431
CC=1C=CN2C(=O)C(=CN=C2C1)C(=O)N3CCN(C=4C(C)=CC=CC43)C5CC5,Z1728958691
CN1N=C(C=C1NC(=O)C=2C=CC=NC2O)C3CCCCC3,Z1433892504
O=C(N[C@@H]1C=C[C@H](CO)C1)C2=CC=CC(=C2)N3CCCC3=O,Z1331536648
CCC1=NN(C)C(CC)=C1CC(=O)NC=2C=CC=3NC(=O)CCC3C2,Z1838461104
O=C(NC=1C=CC=C(C1)N2C(=O)CNC2=O)N3CCC(C3)C=4C=CC(F)=CC4,Z1393489216
CN1N=CC=2C=C(C=NC21)C(=O)NCC3=NC=4CCCCC4S3,Z1333347677
O=C(NCCN1C(=O)C2=CC=CC=C2C1=O)C3CCC(F)(F)C3,Z1957323661
N#CC=1C=CC(=C(F)C1)N2CCCC(C2)NC(=O)C3CCC(F)(F)C3,Z1957768557
NC(=O)C1(CCN(CC1)C2=NN=C(S2)C(F)(F)F)C=3C=CC=CC3,Z1731031298
COC=1C=C2C(=NC=NC2=CC1F)N(C)CC3=NC=NN3C,Z1731119354
CN1N=CC=C1NC(=O)N2CCN(CC2)C=3C=CC=CC3F,Z1732236048
CC1(CCCN(C1)C(=O)C=2C=CC=CC2)C(=O)NC=3N=CN(CC=4C=CC(Cl)=CC4)N3,Z1336590599
CCC(CO)NC(=O)NC=1C=CC(=CN1)S(=O)(=O)NC(C)(C)C,Z1733658953
O=C(NC1CCN(CC1)C2CCCC2)C=3C=CC(=CC3)S(=O)(=O)C(F)F,Z1337375889
CC=1C=CC(NS(=O)(=O)C=2C=CC(C)=C(C2)NS(=O)(=O)CCOC(C)C)=C(C)C1,Z1337420153
CCC1=C(C=NN1C=2C=CC=CC2Cl)NC(=O)C3=COC=N3,Z1843249304
CC1=CC(C(=O)N2CCN(CC2)C(=O)NC3=CC=NN3C4CCS(=O)(=O)C4)=C(C)O1,Z1733640186
COC=1C=CC=CC1C2=CSC(=N2)C3CCN(CC3)C(=O)C4=CN=CN4,Z1843798343
CC(C(=O)NC=1C=CC=2OCOC2C1)N3CC(C)(C)OC4(CCOC4)C3,Z1961864589
CC(=O)NC1CCCN(C1)C(=O)NC(C=2C=NN(C)C2)C=3C=CC(F)=CC3,Z1735313253
CN1N=CC=C1S(=O)(=O)NC(=O)C(F)(F)CC=2C=CC=CC2,Z1963002953
O=C(NC=1C=CC(F)=NC1)N2CCC(CC=3C=CC(F)=CC3)C2,Z1441673284
O=C(O)CC=1C=CC=C(C1)NS(=O)(=O)C=2C=NC=3C=CSC3C2,Z1373367937
COC=1C=C2CCN(CC2=CC1OC)C(=O)NC=3C=CN=C(C)N3,Z1738332358
CC=1N=CC=C(N1)NC(=O)N2CCCC(C2)C3=NNC=C3NC(=O)C4CCCC4,Z1738332972
O=C(O)C1CCCCN1S(=O)(=O)C=2C=CC(=NC2)C(F)(F)F,Z1738938723
CC1(C)CC(NC(=O)C=2N=COC2C=3C=CC=4OCCOC4C3)C=5C=CC(F)=CC5O1,Z1443062851
CNC(=O)C1CC=2C=CC=CC2N1C(=O)C=3C=CC=C(N3)OCC(F)(F)F,Z2193655754
COCC1=CC(CN2CCC(CC2)C(O)C=3C=CC=CC3)=NO1,Z2193867159
CC=1C=CN=C(C)C1NC(=O)C2CCN(CC2)C(=O)C=3C=CC(F)=CC3F,Z2194192596
NC(=O)[C@@H]1CC=2C=CC=CC2CN1C(=O)CC3CCCC(=O)N3,Z2194359445
CC=1C=C(NC(=O)C=2C=CC(F)=CC2Cl)SC1C(=O)NCC(=O)O,Z1443709076
CC1=CC(C)=C2CCN(CC2=C1)C(=O)CN3C(=O)C=C(O)C=C3C,Z1740710747
O=C(O)C=1C=CC=2NC=3CCN(CC3C2C1)C(=O)C4=CC=5CCCCC5NC4=O,Z1445018588
COC=1C=CC(=CC1OC)CCC(=O)N(C)CC(C)C(=O)O,Z1445096403
O=C(O)CN1C=CC(=N1)NC(=O)C=2C=CN(N2)C3=CC=CC(F)=C3,Z1445123909
CCC(C)(CC(=O)O)NC(=O)C1=C(Cl)C=2C=CC=CC2N1C,Z1444754015
CC1=NOC(CC(NC(=O)CC=2C=CC=C(C2)N3CCCC3=O)C=4C=CC=CC4)=N1,Z1901266493
O=C(O)C1CCN(CC1)C(=O)C=2C=CC(=CC2)NC(=O)C3=CC(F)=CC=C3F,Z1445489748
O=C(O)C1(CNC(=O)C=2C=CC=CC2NC=3C=CC=CC3)CCC1,Z1445452482
NC(=O)C1=CC=C(S1)C(=O)N2CC3(CCCC3)C4=CC=CC(Cl)=C42,Z1849539744
CC1=CC=C(CNC(=O)C2=CC(=NO2)C=3C=CC=CC3)C(=O)N1C,Z1902375807
CN1C=NC=2C(=CC=NC21)C(=O)NC3=CNN=C3C=4C=CC=CN4,Z2197548972
CN1CCC(CNC(=O)C2=CC(=CN2)C(N)=O)(CC1)N3CCCCC3,Z1344231338
CN1CCN(CC1)C(=O)CC2CCN(CC2)C(=O)C=3C=CC(F)=C(Cl)C3,Z1447786110
CC=1C=CC(=CC1C)S(=O)(=O)N(C)CC=2C=CN(N2)C(C)C,Z1742923707
C[C@@H](NC(=O)N1CCC=2C=NNC2C1)C=3C=CC=CC3Cl,Z1850692068
CCC1CCC=2N=C(NC(=O)C=3C(C)=NN(C)C3N4C=CC=N4)SC2C1,Z1742813805
CCN1N=C2CCN(CC2=CC1=O)C(=O)C=3OC=4C=CC=CC4C3C,Z1368780336
CC1C2=NN=C(C3CCCC3)N2CCN1C(=O)CC=4C=CON4,Z2200043594
CC(=O)NCC1=CC=C(S1)C2=CSC(=N2)C3CCCN(C3)C(C)=O,Z1449626266
CC1=NOC=2N=C(C=C(C(=O)N3CCSCC(C)C3)C12)C4=CC=CC(=C4)C(F)(F)F,Z1852034385
O=C(NCC=1C=C2OCOC2=CC1OC(F)F)NCC3CCCCC(F)(F)C3,Z2200476167
O=C1NC=2C=CC=CC2C31CCN(C3)C4=NC=CN5C=NN=C45,Z1743906286
CC1=NOC(=N1)C2CCCN(CCC=3C=CC(F)=C(F)C3)C2,Z1449901297
CC=1C=CC(=CN1)C2CCN(CC2)C(=O)C=3C=CN=CN3,Z1743784744
CN1C=C(C(=O)N(C)C1=O)S(=O)(=O)N2CCN(CC2(C)C)C=3C=CC(Cl)=CC3,Z2201401164
COC=1C=CC(=CC1)N2N=C(C=C2C)C(=O)NCC=3N=NN(C)N3,Z1904065607
CC(=O)N1CCCN(CC1)S(=O)(=O)C=2C=NN(C2)CC(F)F,Z1744234200
CC(C)C1=NOC=2N=C(C=C(C(=O)N3CCC4=CC=CC(F)=C43)C12)C5CC5,Z1451614827
CC=1C=CC=C(C1)C=2C=NC=C(C2)C(=O)NC=3C=CC=CC3C(N)=O,Z1452249060
CC(C)C(=O)N1CCCC1C(=O)NC=2C=C3CCC(=O)NC3=CC2F,Z1745317803
O=C(C1=CN=C2C=CC=CN12)N3CCN(C=4C=CC=CC43)C5CC5,Z1745528149
COC=1C=CC(=CC1)OC2CCN(CC2)C3=NC(=NS3)C4CC4,Z1348352067
CC[C@H](C)[C@H](NCC1=CC=C(Br)C2=CC=CN=C12)C(=O)O,Z1860299073
CC=1C=C(SC1C)S(=O)(=O)NC(=O)C(C(C)C)N2CCCCC2,Z1746511244
COCC=1C=C(N=CN1)NC(=O)N2CCC(CC=3C=CC=CC3)C2,Z1453149491
CC=1C=CC(=NC1)NC(=O)C2CCCN(CC3=NC=NN3C)C2,Z1348534842
COCCC=1C=C(NC(=O)C2CCCN2C(=O)CC=3C=CC=CC3)N(C)N1,Z1453921639
CC1=NN(C)C(=C1C(=O)NC2CC(=O)N(C2)C3CC3)N4C=CC=N4,Z1746988091
O=C(O)CNC(=O)C1CCCN(C1)C(=O)COC=2C=CC=CC2,Z1455027491
CC(=O)N1CC[C@H](C1)NC(=O)NC(C)C=2C=C(F)C=CC2N(C)C,Z3110755713
O=C(C=1C=CC=2NN=CC2C1)N3CC(CC4COCCN4)C=5C=CC=CC53,Z3136580082
O=C(NCC1=NC=2C=CC=CC2C(=O)N1)N3CCC(C3)C=4C=CC=CC4,Z3142253257
CC(C)CN1C(CC(C)(O)C=2C=CC=CC2)=NN=C1N3CCSCC3,Z3151786832
CN1C(=O)COC=2C=CC(=CC21)NS(=O)(=O)C=3C=CC(=CC3)CCC#N,Z3155129122
CC(NC(=O)N1CC(O)CC1C2CC2)C3=CC=CC4=CC=CN=C34,Z3195560190
CC(C)C[C@H](NC(=O)C1=CN=C2CCCN12)C(=O)NC=3C=CC=CC3,Z3209258465
COC1=CC(OC)=C(C=C1S(=O)(=O)N2N=C(C)C=C2C)S(=O)(=O)N3N=C(C)C=C3C,Z3267534541
CC1SC=2C=CC(=CC2NC1=O)C(=O)N(C)CC3=NOC(O)=N3,Z3211998689
COCC1CNCCN1S(=O)(=O)C2=CC=3C=C(Cl)C=CC3S2,Z3214123861
"C#CC=1C=CC(=NC1)C2=NN=C(N2)[C@@H]3CCO[C@H]3C=4C=CC=CC4 |&1:13,17,r|",Z3215237038
CC=1N=C(C=CC1C#N)C(=O)NCC2(CO)COCCN2C,Z3215989072
CN(CCNC=1C=CC=CN1)C(=O)CCC=2C=CC=C(O)C2,Z3215989520
CCNC(=O)CNC(=O)C=1C=CC(=CC1)C2(COC2)OC,Z3216004414
COC(=O)CCC1=NN=C2C=CC(=NN12)NCC3=CC=C(F)C(F)=C3,Z3216015121
CC=1C=NN(C)C1S(=O)(=O)N(C)CCNC=2C=CC=CN2,Z3216015675
CC(C)N1CCC(NS(=O)(=O)C=2C=NN3N=CC=CC23)C1=O,Z3216016295
COC1=CC(Br)=C(C=C1S(=O)(=O)N2C(C)=NC=C2[N+]([O-])=O)OC,Z3223632768
CC1=CN=C(C2=CN(CC3COC=4C=CC=CC4O3)N=N2)C(C)=C1,Z3254725354
FC(F)(F)C=1C=CC=NC1COC=2C=NN3CCNCC23,Z3256332131
CC1=CSC=C1C(=O)NC2CC3(CN(C3)C(=O)C4=CC(F)=CN4)N5C=CN=C25,Z3260448202
CCC(C)C=1N=C(C)C=C(N1)NC(CO)C=2C=NN(C)C2,Z3268555403
CC1(C)CC(=O)NC=2C=CC(=CC21)S(=O)(=O)NCC3=CC=CC(=C3)OC(F)(F)F,Z3277822869
CC1=C(NC(=O)C2=CN(C=N2)C=3C=CC=CC3)C(=O)N(C=4C=CC=CC4)N1C,Z3288690130
CCN1C(=O)C(=NC=2C=CC=CC21)NCC3=NN=C4C=CC(C)=CN34,Z3289831243
COC=1C=CC(=CC1)C2=NOC(=N2)C(C)CN3C=CN=C3,Z3290576840
CC(CC(=O)NC1CCC2(CC1)N=N2)C=3C=CC(F)=CC3,Z3290580538
CC(C)(C)OCC1=CC=CC=C1C(=O)NCC2=NNC=3CCOCC23,Z3290580575
CN1CCN2N=C(C=C2C1=O)NCC=3C=CC=4OCCC4C3,Z3290653389
CC=1C=C(C#N)C(=O)NC1C(=O)N(CC=2C=NN(C)C2)C(C)C,Z3295821238
COCCCC(=O)NC1(CNC(=O)C=2SC=NC2C(F)F)CCCCC1,Z3299522484
CC(C)C(CC=1C=CC=CC1)NCC=2C=C(O)N3N=CC(C#N)=C3N2,Z3313927987
O=C1NC=CC=C1CN2C(=O)CCN(CC3CCCO3)C2=O,Z3338086960
CC(C)(C)CNC(=O)CN1C=C(N=N1)C=2C=CC(=CN2)C(F)(F)F,Z3343520666
CC(C)CC=1C=CC(=CC1)C2=NC(=NO2)C3=CC=4CNCCC4NC3=O,Z3346870631
COC=1C=CC(CC(=O)NS(=O)(=O)CC=2C=CC=NC2)=C(C)C1,Z3357112862
CC(C(=O)NS(=O)(=O)C1CCC=2C=CC=CC21)N3C=CC(=N3)C(F)(F)F,Z3357640085
CC(C(=O)NS(=O)(=O)C1=CC=C2C(=C1)C(=O)OC2(C)C)C3=CCCC3,Z3357823349
CC1=CC(=CC(C)=N1)CNC(C)C=2C=CC=C(C2)N3C=CC=N3,Z3361658572
C[C@H](NCC1=CN(C)N=C1C2=CC(F)=CC=C2F)C(=O)N(C)C,Z3362739637
CN(CC(=O)N1CCN(CC1)C2CCS(=O)(=O)C2)CC3CCNCC3,Z3364285705
CC=1C=C2OCC(C(=O)NCC3=NN=C4CC(CCN34)C(F)(F)F)C2=CC1C,Z3365598771
CC(C1=NC(CN2C=CN=N2)=NO1)C=3C=CC=C(C3)C(F)(F)F,Z3368293198
O=C(NCC1=NC=2CCCCC2N1)C=3C=CC=4C=CN=CC4C3,Z3368644186
CC=1C(F)=CC=C(Cl)C1C(=O)NC2CCC=3N=CC=CC3C2,Z3379014712
O=C(NC=1C=CC=CC1OCCN2CCNCC2)C3=CC=C4C(=O)NCCC4=C3,Z3382846383
"CCCC(OC)C(=O)N1CC[C@H]2CN(C[C@H]21)C(=O)C(=O)NCC3CC3 |&1:11,15,r|",Z3388126551
CCC=1C=CN=C(C1)C(=O)N2CCC(C)(CC2)NC(=O)C3=CC4=CN=CC=C4O3,Z3388126802
CC(C)C(C)(C)C(=O)N1CC2(C1)CN(CCO2)C(=O)C3=CN=C(S3)C4CC4,Z3388126879
"COCCOC=1C=CN=C(N1)N[C@@H]2CCC(=O)N[C@H]2C=3C=CC=CC3 |&1:12,18,r|",Z3392633188
O=C(NCCC1CN(C=2N=CN=C3NN=CC23)C=4C=CC=CC41)C5=CC=CN6C(=O)NN=C56,Z3396342875
O=S(=O)(CC1=CC=NO1)NC(C=2C=CC(Cl)=CC2)C3CCC3,Z3405883793
COC1=CC=C2C=CC=NC2=C1S(=O)(=O)N(C)CCN3CCCC3=O,Z3406417243
CC=1NC=2C=CC=CC2C1C(=O)NC=3C=C(C=4C=NNC4C3)C(F)(F)F,Z3409763818
CCN1C=NC=2CN(CCC21)C(=O)C3C=4C=NN(C)C4CCN3S(C)(=O)=O,Z3416304149
O=C(CC=1C=CC=2NC(=O)CCC2C1)NCC(O)C=3C=C(Cl)C=C(Cl)C3,Z3444427205
COC=1C=CC=C(C1)[C@@H]2C[C@H](C2)N(C)C(=O)CC3=CSC4=NC(=CN34)C=5C=CC=CC5,Z3464816409
ClC=1C=CC=C(C1)C=2N=CC=C(N2)NC=3C=NN(C3)C=4C=CC=CN4,Z3476327959
COC=1C=CC=C(C1)CNC(=O)CN2C=C(N=N2)C=3C=CC(=CC3)CO,Z3476328063
O=C(CC1=NNC=2C=CC=CC12)NC=3C=CC=C(C3)C(=O)N4CCC(O)CC4,Z3480930749
CN1CCC(CC1)C(=O)N2CCC=3C=CC=CC3C2CNC(=O)CC=4C=CC=C5C=CC=CC45,Z3483535967
CC1=CC(C)=C(NC(=O)CN2CCN(CC2)C=3C=CC=C(F)C3)C(C)=C1,Z3485333140
COCCN1C=CC(=N1)N2N=CC3=C(C)N(C)C(C)=C3C2=O,Z3492913896
O=C(O)C1CCN(C(=O)C=2C=CC(=CN2)C=3C=CC=C(Cl)C3)C4(CC4)C1,Z3493168624
COC=1C=CC=CC1OCC(O)CN2N=NN(C2=O)C3CCCC3,Z3494132654
CC(=O)NC(C)C1=NC(=NO1)C(C)OC=2C=CC(Br)=CC2Cl,Z3501462842
CN1C=NC2=C1CCCC2C(=O)NCC(CC3=CC=CC4=CC=CC=C34)C(=O)O,Z3506980851
CC=1C=C(C=CC1N2CCNCC2)NC(=O)C=3C=CN4N=CC=C4N3,Z3521623023
CN1N=C(O)C=C1C(=O)NC2CCN(C2)C(=O)C=3C=CC=CC3,Z3540016165
COC=1C=CC=C(C1)N2C=C(N=N2)NC(=O)C=3C=C(N=C4C3C(C)=NN4C)C=5C=CC=CC5,Z3590119841
CC1CN(CC(C)O1)C=2C=CC(=CN2)C(=O)NC=3C=CC=4NN=CC4C3Cl,Z3590622231
COC(C)C=1C=CC=C(C1)NC(=O)C(=O)N2CCN(C[C@H]2C)C(C)=O,Z3600530114
CC=1C=NC=C(C1)S(=O)(=O)N2CCCC(C2)C3=CNN=N3,Z3618334501
CC=1N=C(O)N(N1)C2CCN(CC2)C(=O)C(C=3C=CC=CC3)N4CCCCC4=O,Z3628061284
CC1=CC(=NO1)C2=NN=C(NC3CCC=4C=CC=CC4C3)O2,Z3629852142
CC(C)C(CNC(=O)CN1N=NN(C1=O)C2CCC2)C=3C=CC=CC3,Z3634058272
CN(C)CCOC=1C=CC(=CC1)C(=O)NC2=CNN=C2C(=O)NC3CC3,Z3638027416
CC(NS(=O)(=O)C1CC21CCC2)C3=NC(=NO3)C4CCCCC4,Z3641514402
"CN1C=C(NC2C[C@H]3CNC(=O)C[C@H]3C2)C(=N1)C=4C=NC=CN4 |&1:7,13,r|",Z3651865963
CCCN(CC=1C=C(F)C=CC1F)C(=O)C=2C=CC=3N=CN(C)C(=O)C3C2,Z3652337944
CCC=1C=CC=CC1NC(=O)CN(C)C(=O)CC2=CNC3=CC=CN=C23,Z3665369028
CCCCC(C)N(CCCC)C(=O)C=1C=CN2C=CN=C2N1,Z3670143502
CNC(=O)C=1N=C(C)C(C)=C(N1)N2CC[C@H](C2)NC(=O)CC3CC(F)(F)C3,Z3686190527
"O[C@@H]1CC(CN2C=CC=N2)C[C@H]1NC=3C=CC(=NN3)N4C=CN=C4 |&1:1,11,r|",Z3686305732
C[C@@H]1COC[C@@](CO)(CNC=2N=C(C=3N=CNC3N2)C(F)(F)F)N1C,Z3686368056
"COC=1C=CC=C2N=C(C=CC12)N3C[C@@H](O)[C@H](CC(N)=O)C3 |&1:14,16,r|",Z3686384780
"CNC(=O)C[C@@H]1CN(C[C@H]1O)C=2C=CN=C3C=NC=CC23 |&1:5,9,r|",Z3686390851
"CNC(=O)C[C@@H]1CN(C[C@H]1O)C(=O)NCC=2C=CC=CC2C=3C=CN=CC3 |&1:5,9,r|",Z3686854076
"COC=1C=CC(=CC1Br)CCN(C)C(=O)C[C@@H]2CNC[C@H]2O |&1:16,20,r|",Z3686896441
"CC1=NN(C)C=2N=C(C=CC12)C(=O)N[C@@H]3CC(CN4C=C(Cl)C=N4)C[C@H]3O |&1:14,25,r|",Z3687053243
"O=C(N[C@@H]1CC(CN2C=CN=C2)C[C@H]1O)C3=CN=C4N=CC=CN34 |&1:3,13,r|",Z3687067549
"CNC(=O)C[C@@H]1CN(C[C@H]1O)C(=O)NCCC=2C=CC(=NC2)N(C)C |&1:5,9,r|",Z3687079632
"O=C(N[C@@H]1CC(CN2C=CN=C2C=3C=CC=CC3)C[C@H]1O)C=4C=NN(C4)C5CC5 |&1:3,19,r|",Z3687105856
C[C@@H]1COC[C@@](CO)(CNC(=O)C=2C=CC=3N=C(OC3C2)N(C)C)N1C,Z3687118495
"NC(=O)C[C@@H]1CN(C[C@H]1O)C(=O)C=2C=CC=C(C2)CC=3C=CC=CN3 |&1:4,8,r|",Z3687120147
"CC1=CC=C(OCCCC(=O)N2C[C@@H](O)[C@H](CC(N)=O)C2)C(C)=C1 |&1:13,15,r|",Z3687125733
O=C(NCC=1C=CC(=CC1)C(F)(F)F)C(=O)NC=2C=NC=3C(F)=CC=CC3C2,Z3689333099
O=C(O)C1=NNC=2C=CC(=CC12)C(=O)NCCC(O)C=3C=CC(Cl)=C(Cl)C3,Z3690471219
CCC(C)N1C=CC(=N1)NC(=O)CC=2C=NN(C2)CC=3C=CC=CC3,Z3716391644
O=C(CC1=CSC(=N1)C=2C=CC(=CC2)C(F)(F)F)NC=3C=C4CCCN4N3,Z3716793163
COC(=O)C=1C=CC(=CC1C(F)(F)F)C(=O)N[C@@H]2C[C@@H]2F,Z3741216727
CC=1C=CC(=CC1)N(C)S(=O)(=O)C=2C=CC3=C(C2)SC(=O)N3C,Z3759773719
CSC=1C=CN=C(N1)N2CCCC(C)(CNC(=O)C3(C)CCC3)C2,Z3759792384
O=C(NCC1CCN(CC1)C=2N=CC(F)=CN2)[C@@H]3CCC(=O)N3,Z3765820188
CNC(=O)CN(C)C1=NC=2C=C(C=CC2N1)NC(=O)C=3C=CC=CC3COCC=4C=CC=CC4,Z3765847314
CN(C)C1=NC=2C=C(C=CC2N1)NC(=O)C=3C=CC(F)=C(C3)S(=O)(=O)N4CCCC4,Z3765847401
O=C(NC1=NC(=NS1)C=2C=CC(F)=CC2)C=3C=CC(F)=C(C3)C(F)F,Z3771637868
CC(C)C=1C=CC(=CC1)CNC(=O)NCC2CC3(CC3)S(=O)(=O)N2,Z3777193675
C[C@@H](C1=CSC=2C=CC=CC12)N3C=C(CC4(O)COC4)N=N3,Z3789321431
O=S(=O)(CC=1C=CN(CCC=2C=CC=CC2)N1)C[C@@H](O)CO,Z3789974902
COC(=O)C1CCC2CN(CCC2C1)C=3N=CC4=C(N=CN4C)N3,Z3831676252
O=C(CN1C=NC(=CC1=O)C=2C=CC=CC2)NC=3C=CC(=CC3)NC(=O)CN4CCCCCC4,Z3874761552
CC(C)(C)C=1C=C2C(=NC=CN2N1)NC=3C=NN(C3)C4CCC(=O)NC4,Z3870555221
O=C(NC=1C=CC(=CC1)C2=NC=CN2)C=3C=CC=4CCC(=O)NC4C3,Z3991894461
CC(C)C=1C=CC=CC1C(C)NC(=O)N2CCC3=NC=NC(N)=C3C2,Z3998422040
O=C(C(=O)N1CCN2C(=O)N(CC(F)F)N=C2C1)N3CCN4C(=O)N(CC(F)F)N=C4C3,Z3999185527
COC=1C=C2CCN(CCC2=CC1OC)C(=O)CCCC=3C=CN=CC3,Z4020670601
COC=1C=CC=2NN=C(C(=O)NC(C)C=3C=CC=CC3N(C)C)C2C1,Z4021125925
O=C(C=1NC=2C=CC=CC2C1C3CC3)N4CC(C4)C5=CC(=O)NN5,Z4023201699
CC(=O)NC1=NC2=CN=C(N=C2S1)NC3(CCC3)C4CCCO4,Z4026353043
O=C(CC1=NN=C(N1)C2CCOCC2)NC3CCC4CCNC3C4,Z4055273936
O=C(NC1(CC1)C2=NC=CN2)C3CNCC=4C(=CC=CC43)C(F)(F)F,Z4066355582
O=C(C1=CC(=NS1)C=2C=CC=CN2)N3CCCC(C3)C4=CC(O)=CC(F)=C4,Z4076997412
CN1CCOCC1CN2C(=O)NC=3C=CC(=CC3C2=O)C(F)(F)F,Z4080757460
CN1C=C2C=CC(=CC2=N1)C=3N=CC(=CN3)C(=O)NC4CCNCC4,Z4083097439
CN(C)CC1=NC2=CC=C(C=C2N1)NC(=O)C3OCCO3,Z4101294528
O=C(CC=1C=NC=CC1O)N2CCCC2C=3C(F)=CC=C(Cl)C3F,Z4107688562
O=C(CN1C(=O)NC2(CCCCC2)C1=O)NC3=NC=NN3C=4N=CC=CN4,Z4119029210
CNC(=O)C1(C)CCN(C1)C(=O)NCC(C2=CNC3=CC=CC=C23)C=4C=CC(Cl)=CC4Cl,Z4119681205
CC(C)CN(CC=1C=CC=CN1)C(=O)C2=CN=C3NNC(=O)C3=C2,Z4489290021
C1=CC(=NO1)C=2C=CC=C(C2)NCC3=CC(=NN3)C=4C=CC=CN4,Z4131950778
CC1CC=2C=CC=C(C2O1)S(=O)(=O)NC=3C=CC(=CN3)OC(F)F,Z4135992226
CC1CN(CC(O)CNC=2C=CN=C(N2)C=3C=CC(F)=CN3)CCO1,Z4138342775
"COC(=O)[C@@]12CCC[C@H]2N(CCC1)C(=O)C=3C=C(C=CN3)C(O)C(F)(F)F |&1:4,8,r|",Z4141831743
COC=1C=CC=CC1C(CNC2CCC=3C=NNC3C2)N4CCCCC4,Z4151896023
CC=1N=C(C)N(CC(=O)NC=2C=CC(=CC2)N3C=NC(C)=C3C)N1,Z4152588719
NC=1N=NC=C(N1)C=2C=CC=C(C2)C(=O)N3CC4(CCC4)CC3C(F)(F)F,Z4166884462
CCC(NC(=O)CC(C)(O)C=1C=CC=CC1)C=2C=CC=C3C=CNC23,Z4183604193
CC(C)(NCCC1=NC=2C=C(Br)C=CC2O1)C=3C=CN=CC3,Z4194190109
CCN1N=C(C)C=2N=C(CC(=O)NCCC=3C=CC=CC3)NC(=O)C21,Z4208986810
O=C(NCC=1C=CC(O)=CN1)C2CCCCN2C(=O)C3=CC=CO3,Z4218925553
NS(=O)(=O)N1CCN(CC1)C(=O)C2=CC=C3N=CC(=O)NC3=C2,Z4225446757
CC1(CCC(=O)NC1=O)NC(=O)COC=2C=CC=CC2C=3C=CC=CC3,Z4226197353
O=C(CC=1C=C(ON1)C2CC2)N3CC(C3)C=4C=CC=CC4Br,Z4231592585
CC(NC(=O)C(C)N1C(=O)OC2=CC=CC=C21)C=3C=C(NN3)C(F)(F)F,Z4236411829
CC1CC(CNCC2=NN(C)C(=O)C=3C=CC=CC23)=NO1,Z4239112476
CC(C)(C)C=1OC=NC1CN2CCCCC2C3CCCCC3O,Z4265470296
CN1C=NC=2C=CC(=NC21)C(=O)NC=3C=CC=C(C3)CSC=4C=CC=CN4,Z4281884426
COC1=CC=C2CC=C(CCNC(=O)C(C)(O)C(F)(F)F)C2=C1,Z4285363048
CN1CC2CN(CCN2C1=O)C(=O)C=3N=NNC3C4CC4,Z4291214499
CN1C=NN=C1C2CCCN2C(=O)C3=CC(O)=NN3C=4C=CC=CC4F,Z4307337293
O=C1NC(CC2CC2)C(=O)N1CC=3C=CC(=CN3)C(F)(F)F,Z4312769332
CN(CC1OCC2=CC=CC=C21)C(=O)C3=CC=CN(C3=O)C4CCC4,Z4352633309
COC=1C=CC=2N=C(CSC=3N=CC(=CN3)OC=4C=CC=CC4)NC2N1,Z4368501053
CC1(C)CC1C(=O)NCCNC=2N=CC=CC2C=3N=NNN3,Z4368533207
CC1=CC=C(C(=O)N(C)C(C)C=2C=CC=C(C2)C=3N=NNN3)N1C,Z4368581483
CCC(OC)C(=O)N(C)C(C)C=1C=CC=C(C1)C=2N=NNN2,Z4368581636
O=C(CSC=1C=CC(=CC1)C=2N=NNN2)N3C[C@H]4CC=CC[C@H]4C3,Z4383751436
O=C(NC1(CC1)C2CCCCO2)C3=CC=C(C=4N=NNN4)C(Cl)=C3,Z4390703444
O=C(NC=1C=CC=C(F)C1F)C(=O)N2CC(O)(C2)C3=CC=CC=C3F,Z4398723372
COC(=O)C=1C=C(C=2C=COC2)N(CC3CCCCO3)N1,Z4414515654
CN1N=CC(NC(=O)C2CCC3(CCNCC3)CC2)=C1CC=4C=CC=CC4,Z4421898083
N#CC=1C(=NNC1NC(=O)C=2C=CC=CC2S(=O)(=O)N3CCCCC3)N4CCOCC4,Z4425232390
CN(C)CC(CNC1=CC=NC2=NC=CN12)C=3C=CC(Cl)=CC3,Z4439098407
CN1CCC(CC1)N(CC=2C=CC(F)=CC2)C(=O)C3=CC=NC(=C3)C=4N=NNN4,Z4444738574
CC(C)(C)N1C=C(C=N1)CN2C=C(CC=3C=CC=CC3)N=N2,Z4445353168
O=C(CNC(=O)C=1C=CC=C2NC=CC12)NCC=3C=CN=C(N3)N4CCCC4,Z4445500954
CC1(C)CC(C)(CN1)C2=NC(=NO2)C=3C=CC=C(N3)N4C=CN=C4,Z4446221024
CCC1=NC=2C=CC=CC2N1CC3=NOC(=N3)C4(C)CNC(C)(C)C4,Z4446224133
CC(NC(=O)NCC=1C=CC=C(C1)C2(C)NC(=O)NC2=O)C3=NC(=NO3)C=4C=CC=C(F)C4,Z4452148258
COCC1(CCCCC1)C(=O)NC2=CN=C3C(F)=C(F)C=CC3=C2,Z4456355354
CC=1C=CN(N1)C=2C=CC(=CN2)CNC(=O)C=3C(C)=NC=NC3C,Z4457795383
CCOC=1C=CC(=CC1C)C(=O)N(C)CCC=2C=CC(O)=C(C2)OC,Z4472868774
COC=1C=CC(=CC1)NC2=NC(=CS2)C(=O)NC(C)C=3C=CC=C(C3)N4CCNC4=O,Z4493169168
CC(O)CC1CCN(CC2=CC=C(S2)C=3N=NNN3)CC1,Z4509022871
CC=1C=C(F)C=CC1N2N=C(CN3C=NC=N3)N=C2C4CCCC4O,Z4510605214
CCN1N=C(COC=2C=CC=CC2)N=C1C=3C=C4CCCN4N3,Z4510605239
CC(NC(=O)CC=1SC(=NC1C=2C=CC=CC2)C3=CC=CS3)C4=CC=C5C(=C4)CC(=O)N5C,Z4512871064
O=C(NCC1=CC(=NO1)C2CC2)C3=CC(=O)NC(=N3)C4CC4,Z4521695184
C[C@]12CN(C[C@]2(C)CN(C1)C=3N=CN=C4COCC34)C(=O)C5=CC=CN5,Z4521999294
NC(=O)C1=NN=C(S1)N2CCC(CNC(=O)C3(F)CCC3)C42CC4,Z4521999988
CC[C@@H]1C[C@H]1C(=O)N2CC(C)(C2)C3=CN(N=N3)C4=CC=CC(F)=C4F,Z4522001277
COC(=O)C=1C=C(C=CC1N(C)C)OC[C@@H]2C[C@](O)(C2)C(F)(F)F,Z4562197346
CC(C=1C=CC=CC1C(F)(F)F)N2C=C(N=N2)S(N)(=O)=O,Z4562820052
CC1=CN(CC=2C=CC=CC2)N=C1NC(=O)C3=CC=4CCC(=O)NC4C=C3F,Z4635112842
C[C@@H]1CC[C@H](CC1)NC(=O)C=2C=CC=CC2SCC3=CC=CN=C3,Z4635650252
CN1CCC=2C=C(C=CC2C1=O)NC(=O)C=3C=CN=C4NN=CC34,Z4638117740
C[C@@H](O)C(=O)N1CC(C1)NC(=O)C2=CC=C(N2)C=3C=CC=CC3,Z4661810183
O=C(C=1C=NC=CN1)N(C=2C=CC(Br)=CC2Cl)C3CCC3,Z4662092388
O=C1C=NC(=CN1)C2=NC=3SC=C(C=4C=CC=CC4)C3C(=O)N2,Z4662209517
CC=1C=C(CNC(=O)C2CCN(CC2)C=3C=CC=C(N3)C(N)=O)NN1,Z4735137547
CC=1NN=C(C1C(=O)N2CCC=3C(=O)NC(=O)NC3C2)C(F)(F)F,Z4740213170
COC[C@@H](NC(=O)C1=CNN=C1C=2C=CC=C(Cl)C2)C=3C=NC=CC3,Z4754545408
COCC1(CCCCO1)C(=O)NCC(O)CNC(=O)C2=COC=3C=CC=CC23,Z4780408584
NC(=O)C1=CC=2C=C(C=CC2N1)C=3C=CC=4C=CC(=O)NC4C3,Z4788678854
COC=1C=CC=2C=C(NC2N1)C(=O)NC(C)(CC=3C=CC=CC3)C(=O)O,Z4872634012
CNCC=1C=CC=CC1CNC(=O)C=2C=CC=C(N2)C=3C=CN=CC3,Z4879346737
N#CC=1C=C(Br)C=C(C1)S(=O)(=O)NC(=O)CC2=CSC=N2,Z4884810578
CC=1C=C(C=2C=CC=C3C(=O)N(CC23)C4CCC(=O)NC4=O)C=5C=C(NC5C1)C(=O)O,Z4910990555
CC(C)(C)[C@H](NC(=O)C1=CC(=CC=N1)N2CCCCC2)C(N)=O,Z4916288544
NS(=O)(=O)C1=CNC=2N=CC(=CC12)C=3C=CC(=CC3)C4(O)CCC4,Z4916332892
CC(O)CC1=CN(N=N1)C2CCC(CC2)NC(=O)C=3C=NN(C)C3CC=4C=CC=CC4,Z4917918539
CN1C=CN=C1C(=O)N2CC=3C=CC=CC3CC2CNC(=O)C4=CC=CC=5NN=CC45,Z4921679230
CC=1C=C(ON1)C2CCN(CC2)C(=O)NCC3=CC=C(F)C=C3Cl,Z4924080369
CCC=1C=CC(Br)=C(C1)NC(=O)C(=O)N2CCC3(CN(C)C(=O)O3)CC2,Z4952343036
CNC(=O)CN1C=CC=2C=CC(=CC21)NC(=O)C3(CCCC3)C=4C=C(F)C=C(F)C4,Z4954138964
CC(=O)N1CCC[C@@H]1C(=O)NC(C)C2CCN(C2)C(=O)C=3SN=C4C=CC=CC34,Z4960075381
CC1=NN=C(S1)N(C)C(=O)C=2C(=CC=CC2Cl)OCC3CC3,Z3007434755
CC1(C)CC(C1)C(=O)N2CCCN3N=C(N=C23)C=4C=CC=CC4,Z3016150919
COC=1C=CC=C2NC=C(C12)S(=O)(=O)NC(C)CCSC,Z3016331546
COC(=O)C=1C=CC=2NC(=O)C(CCC2C1)NCC3=CC=NC=C3F,Z3016331798
CC=1C(Cl)=CC=CC1NC(=O)N2CCC(C2)C3=CC(=O)NC(=O)N3,Z3016333473
COC(=O)NC=1C=CC=C(C1)NC(=O)NC2CCC3=NC=CN3C2,Z3016334500
O=C(NC1CCOCC1)C=2C=CC(=CN2)C=3C=CC(F)=C(F)C3F,Z3016337806
CCNC(=O)C=1C=CC(=CC1)NS(=O)(=O)C=2C=NN(C)N2,Z3016340004
CCCCNC(=O)CC1=NOC(=N1)C(C)C=2C=CC=C(O)C2,Z3016340412
O=C(O)C=1C=CN=C(C1)N2CCC(C(F)(F)F)C3(CCOCC3)C2,Z3016340817
COC=1C=CC(F)=CC1C(C)NC(=O)NCC2=CC(C)=CNC2=O,Z3019184661
CC(C(=O)N1CCC(O)(CN2CCCCC2)CC1)C3CC3,Z3026725163
CCOC=1C=CC=C(N1)N2CCC(CC2)NC(=O)C3=CC=C(C)O3,Z3026725526
CC=1C=C(N=CN1)N2C[C@H](O)C[C@H]2C3=NNC(=N3)C=4C=CC=CC4,Z3027211783
FC=1C=C(CN2C=NC3=C2CCNC43CCOCC4)C=5N=CC=CC5C1,Z3040124510
CCC1OC2(CCN(CC2)C3=CC(=NC=N3)N(C)C)NC1=O,Z3040637783
CN1CCC2(CN(C(=O)C=3N=CN=C4SC=CC34)[C@@H]5COC[C@@H]52)CC1,Z3041092802
CC(=O)N1CC2(CCN(CC2)C(=O)CCC=3C=C(F)C=CC3F)[C@H]4COC[C@H]41,Z3041159464
CC1OC2(CCN(CC2)C(=O)CNC=3C=CC(Br)=CC3)NC1=O,Z3041558533
"O=C([C@H]1C[C@H]2OCC[C@H]2N1)N3CCN4C(CC5=CC=CC(F)=C5)=NN=C4C3 |&1:2,4,8,r|",Z3042649853
CCN1CCN(CC21CCOC2)C(=O)C=3C=NN(C3C)C=4C=CC=C(Cl)C4,Z3043544548
CCN1CCN(CC21CCOC2)C(=O)CCC=3C=NN(C3)C=4C=CC=CC4,Z3043545285
COCCN1C(=O)C[C@H](CNC(=O)CC2=CSC=N2)[C@H]1C=3C=NN(C)C3C,Z3043633574
CC1CN2N=C(C=C2C(=O)N1)C(=O)NC3=CC=4OCOC4C=C3Cl,Z3045657653
CNC(=O)CCC(=O)NC1=NC=2C=C3OCCOC3=CC2S1,Z3048207706
CN1C=CC(=N1)C2=CC(=NO2)C(=O)N3CCC(CC3)C=4C=CSC4,Z3051059065
CC1=CC(COCC(=O)N2CCCN(CC2)C=3C=CC=CC3F)=NO1,Z3051935294
CN(C)C=1C=CC(=CC1)C(=O)N[C@@]2(C[C@H](O)C2)C=3C=CC=CC3,Z3053851899
COC=1C=CC(C(=O)NC2CC(C2)NC(=O)OC(C)(C)C)=C(F)C1,Z3058897355
COCCN1C(=O)C[C@H](C(=O)NC=2C=CC(=CN2)C3CC3)[C@H]1C4=NC=CN4C,Z3063132123
"O=C(C=1C=CC=C2C=NC=CC12)N3[C@H](C[C@H]4OCC[C@H]43)C(=O)N5CCCC5 |&1:13,15,19,r|",Z3063427074
CCC=1C=C(C(C)=CC1OC)S(=O)(=O)N2CC(C2)OCCO,Z3063546733
CC(C)C=1N=CC=C(N1)N2CCN(C=3C=NC=CN3)C(C)C2,Z3063557178
CC1CCCCC1N(C)C(=O)CN2N=C(OC2=O)C3=CC=CN=C3,Z3063577666
CCN1CCCC(NCC2=CN=NN2C)C=3C=CC=CC31,Z3063578384
O=C(NC1=NNC=2N=C(C=CC12)C(F)(F)F)C=3C=C(NN3)C4CC4,Z3063592964
CC(C)(C)OC(=O)N1CC2(CCCC2)CCC1CN3CCCN(CC3)C(N)=O,Z3068704667
CC(C)(C)OC(=O)N1CCCC(C=2C=CC=CC2)C1C(=O)NCC(N)=O,Z3068704752
CC(C)(COCC=1C=CC=CC1)C(=O)N2CC(CO)C(CCO)C2,Z3071539644
CC(C)(C(=O)N1CC(CO)C(CCO)C1)C=2C=CC=C(Cl)C2,Z3071539650
CC1=NC(CN2CCN(CC2)C(=O)C3=CC=CC4=CC=NN34)=NN1,Z3071553500
N#CC=1C=CN=NC1N2CCCC(C2)C3=CNC=4N=CC=CC34,Z3071585108
CC(C)N(C)CCNC1=CC=C(F)C=C1S(=O)(=O)N[C@@H](C)CO,Z3074710009
CC1CCN(CC1)S(=O)(=O)C2=CC=C(C#N)C=C2NCCCO,Z3074710120
BrC=1C=NN2C=CN=C(NCC3(CCCOC3)N4CCOCC4)C12,Z3076413511
CCC=1C=CC(=CC1Cl)N2CCN(CC2)C3=CC(=O)N(C)C(=O)N3,Z3077095444
COC1(CCN(CC1)C=2N=CN=C3C=CSC23)C4=NC=CN4C,Z3077815335
CN1C=NC=2C(=NC=NC21)N3CCN4CCOCC4(CO)C3,Z3077966157
"CS(=O)(=O)C1=CC=C(CNC(=O)[C@@H]2C[C@H]2C=3C=CN=CC3)S1 |&1:12,14,r|",Z3084189755
COC(=O)C=1N=COC1C2CCN(CC2)C(=O)C3=CNC=C3C4CC4,Z3091706703
CC(CC1CN(C1)C(=O)OC(C)(C)C)NC(=O)C(C)N2C=CC=N2,Z3091713917
CC=1C=C2CN(CCN2N1)C3=NN=C(CN4C=CC5=CC=CC=C54)N3C,Z3096060334
CN1C=C(CNC(=O)N[C@H]2CC(=O)N(C)C2)C(=N1)C=3C=CC=CC3,Z3103035029
O=C(NC1CCN(CC1)C=2C=CN=CC2)NC3CCN4C=CN=C4C3,Z3103280984
O=C(NCC=1C=CC=C(C1)OC(F)(F)F)NC2CC32CCOCC3,Z3104820376
COCC(NC(=O)N1CCC[C@H]1C(F)F)C2CCOCC2,Z3105668429
COC=1C=CC=C2CC(CCCC12)NC(=O)NCC3=NON=C3C,Z3132106680
O=C(NC1CC21CCOCC2)C=3C=CC(=CC3)C=4C=NNC4,Z3202016196
CC1(C)CC(=O)NC=2C=CC(=CC21)S(=O)(=O)NC=3C=CC=C4OCCC34,Z3212000971
COCC(OC)C(=O)N1CCCC1CSC2=NN=C(C)S2,Z3215989409
O=C(C=1C(Cl)=CC=C2C=NNC12)N3CCC4(CC4(F)F)CC3,Z3216001485
CC(C)N1CCC(NS(=O)(=O)C2=CN=C3C=CC=NN23)C1=O,Z3216016241
C#CC=1C=CN=C(C1)N(CC)C(=O)C=2C=CC=C(C2)OCCOC,Z3216017839
CC=1C=CC=C(C(=O)O)C1NC(=O)C(O)(C=2C=CC=CC2)C=3C=CC=CC3,Z3269089388
CC1=CSC2=NC(C)=C(C(=O)N12)S(=O)(=O)NC=3C=CC=C(C3)C(F)(F)F,Z3221652981
"CC1CCN(CC1)C(=O)[C@@H]2CS(=O)(=O)C[C@H]2NC(=O)CCC3CCOC3 |&1:9,15,r|",Z3252908664
CCC1(CN2C=C(N=N2)C=3C=CC=C(N3)C(F)(F)F)COC1,Z3254715146
CS(=O)(=O)C=1C=CC=C(C1)N2C=C(N=N2)C3(O)CCOC3,Z3254809428
CCN(CC)C(=O)NCC1=NC(=CN1)C=2C=CC(C)=CC2,Z3268498578
CCC(CO)NC(=O)CC=1C=CC(=CC1)NC(=O)C2=CC=CC(=C2)N3C(=O)C=4C=CC=CC4C3=O,Z3288567182
CN(C)C=1C=NC=C(C1)C2=NC(=NO2)C(C)(C)NC(=O)OC(C)(C)C,Z3290576820
CN(C)C(=O)N1CCN(C(=O)C=2C=CN=C3NN=CC23)C(C)(C)C1,Z3290588473
CCC(F)(F)CC(=O)NC=1C=CC(=CC1)CCS(C)(=O)=O,Z3290588734
COC=1C=CC=CC1C=2C=CC=C(C2)NC(=O)NC3CCC=4C=CC(O)=CC43,Z3290934564
O=S(=O)(NC=1C=NC=2CCCC2C1)C=3C=CC=CC3C(F)F,Z3294562482
CC1=NN(C)C=2N=C(C)C(=CC12)NS(=O)(=O)C3=CC=NS3,Z3294800934
CC=1N=C(NCC=2C=NN(C)C2)SC1CC=3C(F)=CC=CC3F,Z3294981397
C[C@@H](CCNC(=O)CC1CCC(=O)N1C)NC(=O)C2=CNC(=O)C=3C=CC=CC23,Z3299516755
COC(C(=O)N1CCC2(CCCC12)NC(=O)CC3=CN(C)N=C3C)C4CC4,Z3299530089
CC=1C(Cl)=C(SC1S(N)(=O)=O)C(=O)N[C@@H](C)C2=CC=C(F)C=C2OC(F)F,Z3303387691
COC=1C=CC(=CC1)CN2C=CC(=O)N(CC=3C=CC(=CC3)OC)C2=O,Z3303460961
CS(=O)(=O)CC[C@@H]1N=C(C=2C=CC(Cl)=CC2NC1=O)C3CCOC3,Z3307798281
O=C(OCC=1C=CC=CC1)N2CCN(CC2)C(=O)C=3C=NC=C4N=C(NC34)C(F)(F)F,Z3334129553
CCC(C)(C)NC(=O)C(C)N1C=C(N=N1)C=2N=CC=CC2F,Z3343261402
COCCN1CC(=O)N(CC2=NN(C)C(=O)C=3C=CC=CC23)C1=O,Z3349560017
O=C(NC1CCN(CC1)C(=O)C=2C=NNC2)C=3C=CC=4CCOC4C3,Z3354599535
COC=1C=C(C=CC1Cl)CNC(=O)C2=CC=3C(=O)NCCCC3O2,Z3356434624
C1=NC(=CN1)C(NCC2=NN=C3CCCCCN23)C=4C=CC=CC4,Z3358939609
NS(=O)(=O)C=1SC=CC1CNC2CC=3C=CC(Cl)=CC3C2,Z3364410200
N#CC1=C(NC(=O)C=2C=CC=C(F)C2Cl)N(CCC=3C=CC=CC3)C=4N=C5C=CC=CC5=NC14,Z3379624398
CC=1OC=C(C1CC(=O)N2CC3CCC2CN3)C(F)(F)F,Z3382885932
COC=1C=CC2=C(C1)N(CC2C)C(=O)CC3CCNCC3,Z3385298483
"C[C@@H]1[C@H](CCN1C(=O)C=2C=CC=C3C=NNC23)NC(=O)CC=4C=NN(C)C4 |&1:1,2,r|",Z3388126606
O=C(CC1=NNC(=O)C=2C=CC=CC12)NC=3C=CC(O)=NN3,Z3492694606
CC1(CC(=O)N2CCC(CC2)S(C)(=O)=NC(=O)[C@@H]3C[C@H]3C4CCOCC4)CCCC1,Z3397372038
COCCN(C1CC1)S(=O)(=O)C=2C=CC=C3C=CN(C)C23,Z3403841840
N#CC=1C=CC(F)=C(C1)NC(=O)C2CC(=O)N(C2)C=3C=CC=CC3,Z3409369175
COC(=O)C1=NN(C)C=C1NC(=O)N(CC(C)(C)O)C2CC2,Z3409692762
CC1=NC=2C=CC(=CC2O1)NC(=O)CC=3C=CC=C4N=CC=CC34,Z3410095791
N=S1(=O)CCCC2(CCCN2C(=O)CCOC=3C=CC=CC3)C1,Z3416652973
CC(=O)N1CCOC2(CCS(=O)(CC2)=NC(=O)C(C)C=3C=CC(F)=CC3)C1,Z3416970061
COC=1C=C(C)C=CC1NC(=O)C2CC3(C)CCCN3S2(=O)=O,Z3437512758
O=C(CN1C=C(N=N1)C=2C=CC=C(Cl)C2)NCCOC=3C=CC=C(F)C3,Z3476328031
COC=1C=CC=NC1CNC2=CC(C)=C(C#N)C3=NC=4C=CC=CC4N23,Z3476794866
"CO[C@@H]1CNC[C@H]1NC(=O)CC=2C=CC=CC2C(F)(F)F |&1:2,6,r|",Z3485111084
O=C1C=2C=CC=C(O)C2C=NN1C=3C=CN(N3)C4CCOCC4,Z3492918834
COC12CCC(CC1)(C2)C3=CN(CC4OCCC4(C)C)N=N3,Z3497499647
CCC(C=1C=C(Cl)C=C2CCOC12)N3C=C(CN4CCOCCC4=O)N=N3,Z3497508160
COC=1C=CC(=CC1)N2C=CN(C2=O)C(C)C(=O)N3CCN(CC3)C(C)=O,Z3500478772
"CC1=CC(=O)C(C2=NOC(=N2)[C@@H]3C[C@H]3C4=CC=C5OCCOC5=C4)=C6CCCN16 |&1:11,13,r|",Z3500606992
CCCC1=C(N=NN1CC)C2=NC(CC3(C)CC3(F)F)=NO2,Z3500990337
CC=1C=CN=C2C=CC(=CC12)C=3C=CC(=CC3)N4CCC(O)C4,Z3506431782
CC=1C=CC(=C2N=CC=CC12)S(=O)(=O)NC3CCNC43CCCC4,Z3510598495
O=C(CN1C=NC(=N1)C=2C=CC=CC2)NCC34CCCC4NCCC3,Z3521390705
"CC1=C(CN2C[C@@H]3CCCC[C@]3(CO)C2)NN=C1C(F)(F)F |&1:6,11,r|",Z3533230221
CN1C=C(C=N1)CC2CN(C2)C(=O)C=3C=NN(C3)C4=CC=CC(F)=C4,Z3555677779
CC(=O)NCCCNC=1C=CN=C(CCC=2C=CC=CC2)N1,Z3556139664
CSC=1C=CC(=CC1)C(CNC=2N=CN=C3C=NN(C)C23)N(C)C,Z3558701392
CN1C(=O)CCCC=2OC=C(C(=O)N3CCC4=C(Cl)C(Cl)=CC=C43)C21,Z3583514816
CCC=1C=CC=C2C=CC(=NC12)C(=O)NCC34CC(CCC3)C(=O)N4,Z3590331927
CCSC1(CC1)C(=O)NC2CC=3C=CC(Br)=CC3NC2=O,Z3591390877
CC(=O)OC(C)(C)C(=O)NCC1=NN(C)C(=O)C2=CC=CC=C12,Z3593047509
O=C(NCCC1CCOC=2C=CC=CC21)C=3C=CC=4C(=O)NCC4C3,Z3595966348
CC(C)(C(=O)NCCC=1N=CC=C(N1)C(F)(F)F)C=2C=CC=CC2,Z3598829475
"COC(=O)[C@H]1[C@H]2CC[C@H]2CN1C(=O)CCC3=NNC=4C=CC=CC34 |&1:4,5,8,r|",Z3603332811
CN(C(=O)NC=1C=CC=2N=CN(C=3C=CC=CC3)C(=O)C2C1)C4CCOC4,Z3606316627
O=C(C=1C=CC(=CN1)CO)N2CCC(CC2)OC=3C=CC(Cl)=CC3,Z3610793501
O=C(CC1CCNC1=O)N2CCC(O)(C2)C=3C=CC=C(C3)C(F)(F)F,Z3611099296
CCC1=NC=CN1CC(C)NC(=O)C2=NC=3C=NC=CC3S2,Z3614743101
CC(N(C)S(=O)(=O)C1=CN(C)N=C1C=2C=CC=CC2)C3(CC3)S(C)(=O)=O,Z3622646143
"CN(C)[C@@H]1COC[C@H]1CNC(=O)C2=CC=3C(=CC=CC3N2)C4CC4 |&1:3,7,r|",Z3626172592
O=C(NC=1C=C(C=CN1)C2CCOC2)C3CCCN(CC(F)F)C3,Z3627987563
COC(CN1N=NN(C1=O)C=2C=CC(F)=CC2)C3CCCOC3,Z3634023963
CC=1C=C(NC(=O)N2[C@@H]3CC[C@H]2C[C@H](C3)C4=NC=CN4C)ON1,Z3634481209
FC=1C=CC(=CC1)CNC2(CC2)C=3N=CC=C(N3)C(F)(F)F,Z3642675103
CC(C)(C)OC(=O)N1CCC21CN(C2)C(=O)C3=NNC4=CC=CC=C4C3=O,Z3645913795
CC1C=2C=CC=NC2CCN1C(=O)CC3=NNC(=O)C=4C=CC=CC34,Z3648204186
CC(C(=O)N1CCN(CC1)C(=O)C=2C=CC(F)=CC2)N3C=CC(=N3)C4CC4,Z3666297380
COC1=NSC=C1C(=O)NCC=2C=CC(=CC2)N3CCCC3,Z3666647613
CC=1N=CN(C1C)C=2C=CC(=CC2)NC(=O)C3CC(=NO3)C(C)C,Z3670064033
"CC=1C=C(C=CC1OC=2C=CC=NC2)CN[C@@H]3CC(CN4C=CC=N4)C[C@H]3O |&1:16,26,r|",Z3686084510
"O[C@@H]1CC(CN2C=C(Cl)C=N2)C[C@H]1NCC=3C=NC(=NC3)N4CCOCC4 |&1:1,12,r|",Z3686109861
"O[C@@H]1CC(CN2C=CC=N2)C[C@H]1NC=3N=CC=C(N3)N4C=CC=N4 |&1:1,11,r|",Z3686305176
"O=C1NC(=NC=C1Cl)N[C@@H]2CC(CN3C=C(Cl)C=N3)C[C@H]2O |&1:9,20,r|",Z3686319120
CC=1C=C(N=C(N1)NC[C@]2(CO)COC[C@@H](C)N2C)N3C=CC=N3,Z3686369015
CN1C(=O)NN=C1C2C(CCN2C(=O)CCN3C=CC=C3)C4CC4,Z3686724648
CN1C(=O)NN=C1C2C(CCN2C(=O)NC=3C=C4C=CC=CC4=CN3)C5CC5,Z3686935955
"CC1=CON=C1C(=O)N[C@@H]2CC(CN3C=CN=C3C=4C=CC=CC4)C[C@H]2O |&1:9,25,r|",Z3687105972
C[C@@H]1COC[C@@](CO)(CNC(=O)C=2C(Cl)=CC=C3C=COC23)N1C,Z3687119020
C[C@@H]1COC[C@@](CO)(CNC(=O)C2=COC(=C2)CN3C=CC=N3)N1C,Z3687119906
CC1=NNC(C(=O)N2CC(O)(C2)C=3C=CC=CC3F)=C1O,Z3702917343
CNC=1N=CC=CC1C(=O)NC=2C=CC(=CC2)C3=CN4C=CC=CC4=N3,Z3709602646
CC(CC(=O)N1CCN(CC1)C=2N=C(O)C3=C(N=CN3C)N2)C=4C=CC=CC4,Z3718842048
CNC(=O)C=1C=CC(=CC1)S(=O)(=O)N2CCC=3C(=CN=CC32)C4=CC=CC=N4,Z3719316835
O=C(C=1C=NC=C(F)C1)N2CC3(C2)CCN(C3)C(=O)C=4C=CC5=CC=CN=C5C4,Z3722387225
NC(=O)C1(CCN(CC2=COC(=N2)C=3C=CC(Cl)=CC3)C1)C=4C=CC=CC4,Z3741074423
CC1=NN(CC=2C=CC=CC2)C(N)=C1C(=O)NC=3C=NC=4NC=CC4C3,Z3765495294
CC=1SC=2N=C(NC(=O)C2C1C=3C=CC(F)=CC3)C4=CN=CC(Cl)=C4,Z3771849500
[Na+].CC=1N=C(OC1C)C=2C=CC=C(C2)NC(=O)CC(CC=3C=CC=CC3)C([O-])=O,Z3824025304
COC1=C(C)C=NC(CN2C=C(N=N2)C(C)(C)NCC(C)C)=C1C,Z3789317619
CC=1N=CN=C(C1C#N)N2CCC3(CC3C4=NN=C(O4)C5=CC=CC(F)=C5)CC2,Z3828805988
C=1N=C(OC1CC2=NOC(=N2)C3(CCOCC3)OCC=4C=CC=CC4)C5CC5,Z3837826768
COC=1N=CC(Br)=CC1S(=O)(=O)N2CCC(C2)OC=3C=CC=CN3,Z3844318557
O=C(CC1=CNC=2C=CC=CC12)N3CCC=4OC(=CC4C3)C=5C=CC=CC5,Z3847408747
CC1=NN=C(CNC(=O)C2=NN=C(O2)C=3C=CC=CC3)O1,Z3889886351
CC=1C=C(Cl)C=C2CCN(CC12)C(=O)C3=CC(=NO3)C=4C=NN(C)C4,Z3889886398
CC1=C(N=NN1C=2C=CC=C3N=CC=CC23)C(=O)NC=4C=CC(OC(F)(F)F)=C(Cl)C4,Z3889889815
CC1=NNC=2CCC(CC12)NC(=O)C3=CC=4SC=CC4N3,Z3893007610
O=C(CC=1C=CC=2OC(=O)NC2C1)N3CCCC(CC4=NN=NN4)C3,Z3965269489
CN(C)C1=NC=2C=CC=C(C(=O)NCC(C)(CO)CO)C2O1,Z4008274112
COCCC1=NSC(=N1)N[C@H](C)CNC(=O)C2=CC=NS2,Z4020123542
CCN1CCCN(CC1)C=2C=C(C)N=C(N2)N3N=C(C)C=C3C,Z4025239997
CC(C)(C(=O)NCCN(C(=O)CC1CCC2CC12)C3CC3)S(C)(=O)=O,Z4034633264
O=C(C=1C=CC(F)=C2CNCCC12)N3CCC=4C=NNC4C3,Z4057732812
CN(CC1CCNCC1)C(=O)C=2C=CC(=NN2)C=3C=CC4=NC=CN4C3,Z4081985481
C#CC=1C=CC(=CC1)C2CCCN2C(=O)C=3C=NC=CC3C,Z4088103023
COC=1C(Cl)=CC=CC1C(=O)NCCC=2C=NN(N2)C=3C=CC=CC3,Z4119276277
O=C(NCCC=1C=NN(N1)C=2C=CC=CC2)C3(CC3)C=4C=CC(Cl)=CC4,Z4119276299
CNC=1C=CC(=NC1)C(=O)NCCC2=C(C)NC=3C=CC=CC23,Z4119329633
CC=1C=CC=C(C1)C(C)(C)C(=O)NCC2=NN=NN2C=3C=CC(F)=CC3,Z4124910672
COC(=O)N(C)C=1C=CC(=CC1)NC(=O)C=2C=CN(N2)C3=CC=CC(=C3)OC,Z4131950918
CCOCCN1C=C(C=N1)C(=O)NC=2C=C(C=CC2F)NC(=O)CN3CCCCC3C,Z4134138995
CC1=NOC=C1S(=O)(=O)NC=2C=CC=C(C2)S(=O)(=O)N(C)C=3C=CC=CC3,Z4135993569
CN1N=CC=2C=C(C#N)C(=NC21)N3CCC(CC3)NC=4C=CN=CC4,Z4138406198
COC=1C=CC=NC1C(=O)NC=2N=C(C)N(N2)C=3C=CC=CC3,Z4142324857
O=C(O)C1=CSC=2C=C(NC12)C(=O)NC(CC(F)(F)F)C3CC3,Z4144115315
CC1=NN(N=C1C(=O)N(C)C2CCN(C2)C=3C=CN=CC3)C=4C=NN(C)C4,Z4167038541
COC=1C=CC(=CC1)CC(=O)NC=2C=CC=3N=C(OC3C2)N4CCOCC4,Z1454060954
CC1CN(CC(C)O1)C2=NC3=CC=CC=C3N=C2N4CCC(C4)C(N)=O,Z1454339284
CC=1SC(=O)N(CC(=O)N(C)CC(=O)O)C1C=2C=CC(F)=CC2,Z1454832185
CN1C(=O)NC=2C=C(C=CC21)C(=O)N3CCC=4C=CNC(=O)C4C3,Z4067163928
CC1=CC=CN2C=C(CC(=O)N3CCC=4C=CN=C(O)C4C3)N=C12,Z1862861052
CC=1C=C(N=C(N1)C(F)(F)F)C(=O)NC2=CC=C(OCCO)C(C)=C2,Z1747660635
O=C(CC=1C=CC(=CC1)N2C=NN=N2)N3CCCC(C3)OCC4CC4,Z1747623366
CC=1C=C(N=C(N1)N2CCC(CC2)C=3C=CN=CC3)C(F)(F)F,Z1864136280
CN(C)S(=O)(=O)C1=CC=CC(=C1)C(=O)N2CCC(O)(CC2)C(F)F,Z1748807787
CC=1C=NC=CC1CNC(=O)C=2C=CC=CC2N3CCOCC3,Z1749072449
O=C(NC1CCN(CC1)C=2C=CC=NN2)N3CCC=4C(F)=CC=C(F)C4C3,Z1865323247
Cl.CC(NC(=O)C1CNCCO1)(C=2C=CC=CC2)C=3C=CC=CC3,Z1458917134
COC=1C=CC(Br)=C(C1)CN(C)C(=O)[C@@H]2CCCN2C(N)=O,Z1866836613
CC1=NN=C(O1)C=2C=CC(=CC2)C(=O)N3CCC(CC3)C=4C=CN=CC4,Z1867169057
O=C(NC1CCN(C1)C=2C=CC=C(Cl)C2)C=3C=NN4C=CC=NC34,Z1355039646
CCN(CC)S(=O)(=O)C1=CC=CC(=C1)NC(=O)CN(C)CCC(=O)O,Z2573603264
O=C(O)CCN1CCCN(CC1)C(=O)CCC=2C=CC=CC2,Z1363942109
COC=1C=C2C=C(NC2=CC1OC)C(=O)N[C@H](CC(N)=O)C=3C=CC=C(Cl)C3,Z1368887720
CNCCCC(=O)NC=1C=CC(=NC1)OC=2C=CC=C(Br)C2,Z2436582684
CC(C)C1CCC=2C=CC=CC2N1C(=O)C3=CSC(=N3)C=4C=NN(C)C4,Z1460496194
CC=1C=CC=CC1C2CN(C(=O)C3=CC=C(S3)C=4C=CNN4)C(C)CO2,Z1870076488
CC(CC=1C=CC(=CC1)NC(=O)C=2C=NC=3C=CSC3C2)C(=O)O,Z1870254965
COC1CCCC(C1)C(=O)N2CCCC(C2)C(=O)N3CCOCC3,Z2214118544
CC1CC=2C=C(C=CC2O1)S(=O)(=O)NC=3C=CC=4N=C(OC4C3)C5CC5,Z1357398366
CC=1N=C(NCC=2C=C(F)C(Cl)=CC2F)C=3C=NN(C)C3N1,Z1918743554
CC(C)N1CCCN(CC1)C=2N=CC=C(N2)OC=3C=CC=CC3,Z1918462231
COC=1C=CC(=CC1)NC(=O)C=2C=CC=C3CNC(=O)C23,Z2216910669
CCN1N=C(C)C(=C1C)S(=O)(=O)NC=2C(C)=CC=CC2O,Z1359500881
CC=1C=CC(C(=O)NC=2C=CC=3CCN(CC(N)=O)CC3C2)=C(Cl)C1,Z1919875541
CN(CC=1C=NN(C)C1)C(=O)C=2C=CC(=CC2)C3=NC(=NO3)C4CC4,Z1360178529
CCN1C=C(C=N1)CN(C)C(=O)N[C@@H]2C[C@H]2C=3C=CC(F)=CC3,Z1921104236
CC1=CC=C(O1)C2=NNC(NC(=O)CC3=CCCCC3)=C2C,Z1467435402
O=C(C=1C=CC=2NN=NC2C1)N3CCCC(C3)OCCO,Z1468351182
CC=1C=C(NC(=O)C(C)NC2=CC=CC(=C2)C3CNC(=O)C3)ON1,Z1470589007
CC1=CON=C1NS(=O)(=O)C=2C(C)=CC(=CC2C)C(C)(C)C,Z1470658426
CC1=NN2C(=CN=CC2=N1)N3CCN(CC3)C(=O)C=4C=CN(C)C(=O)C4,Z1761722331
NC(=O)C=1C=CC(=CC1)S(=O)(=O)N[C@@H]2C[C@H](C2)C=3C=CC=CC3F,Z1973724924
CC1CCCC(C1)C(=O)N2CCCC(CC2)N(C)CC(=O)O,Z1762692339
CN1C=C(C=N1)C2=NNC=C2C(=O)NC=3C=CC=4NC=CC4C3,Z1763751189
CC1=NC=2C(=CC=NC2N1)C(=O)NCC=3C=CC(Cl)=C(C)C3,Z1974264711
CCN1C=C(C(=O)NC2=NNC(=N2)C3CCC3)C(=N1)C(F)(F)F,Z1974265334
O=C(NCC=1C=CC=CC1C(F)(F)F)N2CCCN(CC2)C(=O)C3CC3,Z1764217760
CC1=CC(=CC(Br)=C1)S(=O)(=O)NC=2C=CC=C3C=CNC23,Z1764448101
O=C(N[C@H]1CC[C@H](C1)C(=O)N2CCCCC2)C3CCCOC3,Z1975209029
COC=1C=CC=CC1C2(CNC(=O)N3CCCN(CC3)C(=O)C4CC4)CCC2,Z1765337899
COCC1(O)CCN(CC1)C(=O)C=2C=C(C=C(C2O)C(C)C)C(C)C,Z1534801039
CC=1C=CN2C=NN=C2C1NC(=O)C3CCOC=4C=CC=CC43,Z2235072241
CC(C)N1C=CC(=N1)C(=O)N2CCN(CC2)C(=O)C=3C=CC(O)=CC3,Z1193994695
O=C(NCCNC(=O)C=1C=C(F)C=C2C=CC=NC12)C=3C=CC(O)=CC3,Z1560016133
CC(C)S(=O)(=O)C=1C=CC=CC1C(=O)NC=2C=CC(=CC2)C3=NC(=NN3)C=4C=CC=CC4,Z1481921280
CC1(NC(=O)NC1=O)C2CCN(CC(=O)NC=3C=CC=4OCCOC4C3)CC2,Z1367363851
CC=1N=C(COC=2C=CC=CC2)SC1C(=O)N3CCC(CC3)C(N)=O,Z3075456775
O=C(C=1C=CC=CC1NCC=2C=C(F)C=C(F)C2)N3CCOCC3,Z1783491004
NC(=O)[C@@H]1CC=2C=CC=CC2CN1C(=O)C=3C=CC=4C=CC(Cl)=CC4N3,Z1368986439
CCC1=CN=C(NC(=O)N2CCC=3C=C(OC)C(=CC3C2)OC)S1,Z1278391644
CC(C=1C=CC(=CC1)S(C)(=O)=O)N(C)C(=O)CCC2CCC(C)O2,Z1279457176
COCC1CN(CC(C)O1)C(=O)NCC=2C=CC=CC2OC3CCCC3,Z1785978117
CC(C)C(NC(=O)C1CC21CCC=3C=CC=CC32)C4=NC(=NO4)C5CC5,Z1280836345
CCOC=1C=CC(=CC1OC)C(=O)N(C)C2CCCC3=C2C=NN3C,Z1488470929
COC=1C=CC=C(C1)C(C)CC(=O)NC=2C=CC(=CC2)C3=NN=NN3,Z1373775034
CC=1C=CC2=C(C1)OC(C)CN2C(=O)C=3C=NC(=CN3)C(=O)O,Z1991703751
CCOC1CC(CO)(NC(=O)C=2C=C(C=CN2)N(C)C)C1(C)C,Z1787535833
CN(C)C=1C=CC=C(C1)S(=O)(=O)N2CCCC(C2)C3=NN=CN3C,Z1788075558
CNS(=O)(=O)CC(=O)NCC=1C=CC(=CC1Cl)N2C=NC3=CC=CC=C32,Z1492349227
CC=1C=C(C=CC1NC(=O)C2OCCC=3C=CC=CC32)OCC(=O)O,Z1493135099
O=C(NC1CCOC2(CCCCC2)C1)C=3C=CC=4CCCCC4N3,Z1494823657
CCC(=O)N1CCCC(C1)C(=O)N(C)C=2C=CC(=NN2)C=3C=CC=CC3,Z1379389856
CC=1C=CC=C(C1)NC2CCN(CC2)C(=O)C3=CC=C(C#N)C(O)=C3,Z1796170723
CCN(CC=1C=CC=2NC=CC2C1)C(=O)C=3C=CC=4C(=O)C=COC4C3,Z1997517915
CN1C(=O)NC=2C=CC(=CC21)NC(=O)C=3C=NN(C3N4C=CC=C4)C=5C=CC=CC5F,Z1998573658
CCN(CC1=CNC=2C=CC=CC12)C(=O)C3CCN(CC3)S(N)(=O)=O,Z1797787027
CCC=1C=CC=C(C1)S(=O)(=O)N2CCN(CCS(N)(=O)=O)CC2,Z1381644425
CN1CCN(CC(=O)NC=2C=CC=3NC(=NC3C2)C=4C=CC=CN4)CC1=O,Z1765580112
CN(CC1CCCCC1O)C(=O)NCC2CCN(CC(F)(F)F)CC2,Z1765476422
CC1=C(N=NN1CC=2C=CC(F)=CC2)C(=O)N3CCC=C(F)C3,Z1885626067
CN1C=C(C=N1)[C@@H]2CN(C[C@H]2CO)C(=O)CC3OC=4C=CC=CC4NC3=O,Z1886767548
CC(CNC(=O)C(=O)NC=1C=CN(CCC#N)N1)N2CCCC(C)C2,Z1386097035
[O-][N+](=O)C=1C=CC=2N=C(CN3CCOC4(C3)CCCCCC4)NC2C1,Z1887496273
O=S(=O)(NCCN1CCCC1)C=2C=NC=3C=CC=CC3C2,Z1888649743
OC1(CCCCC1)C2=NC(=NO2)C=3C=CC=C(C3)OCC4=CC=CN=C4,Z1778578235
CC(C)NC(=O)C=1C=CC(=CC1)C2=NC(=NO2)C=3C=NC(=NC3N)C4CC4,Z1891142748
CC1=NOC=2N=C(C=C(C3=NC(=NO3)C4=CN=C5C=NC=CN45)C12)C6=CC=CO6,Z1891236166
CC1=CC(=NN1)C2=NC(CN3C(=NC=4C=CC=CC43)C(C)C)=NO2,Z1890957860
CN1C=C(C=C1C(=O)NC=2C=CC(F)=C(C2)C3=NN=C4CCCCCN34)C(N)=O,Z1389339426
COC=1C=CC(=CC1OC)C(C)(C)C2=NOC(=N2)C=3C=C(C)NN3,Z1891418803
O=C(CN1CCCC2(CCCC2)C1)N3CCN(CC3)C(=O)NC=4C=CC=CC4,Z1779721199
COC=1C=C(C)C(=CC1OC)C(=O)N(C)C2CCCN(C2)C=3C=CC=NN3,Z1390305151
CC1=CC=C(S1)C(=O)NC=2N=CN=C3C2C(C)=C(C)N3CC4CCCO4,Z1779544033
CCCC1=C(C=NN1C=2C=CC=C(C)C2)NC(=O)NCC=3NN=CC3Br,Z1893009216
O=C(CN1CCOCC1)NC2(CCOCC2)C=3C=CC=C(C3)C(F)(F)F,Z1893240252
CC1=NN(C)C(NS(=O)(=O)CC=2C=CC(Cl)=C(F)C2)=C1C,Z1897654925
CN(CC=1C=C(NN1)C(C)(C)C)C(=O)C2=CC=C(S2)C=3C=CNN3,Z1893624719
CN1N=CC(C(=O)NC=2C=CC=3CC(O)CC3C2)=C1CC=4C=CC=CC4,Z1929484038
N#CC=1C=CC=NC1N2CCN(CC2)C(=O)NC=3C=CC(=NN3)C4CC4,Z1479054400
COCCC1(CC1)C(=O)N2CCN(CC2)C3=NC(C)=NS3,Z1479334815
CC=1C=C(CC(C)NC(=O)C=2C=C(N=C3C2C(=O)NN3C)C4CC4)N(N1)C=5C=CC=CC5,Z1479654663
CCC1=NC(C)=CN1S(=O)(=O)C=2C=C(C)C(=CC2C)OC,Z2734688330
CCOC=1C=C(C=CC1Br)S(=O)(=O)NC=2C=CC=C3C=CC=NC23,Z3243746272
NC1=NC(=O)C2=NN(N=C2N1)C=3C=CC=C(C3)C(=O)NCC=4C=C(Cl)C=C(Cl)C4,Z3681631358
CC1(O)CC(C1)C(=O)N2CCN(CC2)C=3C=CC=CC3Cl,Z2252228846
COC1=CC=2CCN(CC2C=C1OC)C(=O)CC3=CN(C)N=C3C,Z2252699040
CN1C(=O)N2CCCCC2=C1C(=O)N3CCC(CC3)C4=CNC=5N=CC=CC45,Z2254917068
COC=1C=CC(=CC1)OC=2C=CC(=NC2)C(=O)NCC3=NN=CN3C(C)C,Z2255535281
NC(=O)C=1C=CC(=CC1)CCC(=O)N2CCN(CC2)C3CCC3,Z2256040070
COCCOC=1C=C(C=CC1OC)NC(=O)CC=2C=CC(=CC2)C(=O)O,Z2256255660
COC=1C=C(C=CC1CCNC(=O)C=2C=C(C)N=C3ON=C(C)C23)C(=O)O,Z2256284924
CCOC1CC(N(C)C(=O)C2=CC(C)=C(C=N2)C(N)=O)C31CCCCC3,Z2269538161
CCN1N=NC(C)=C1C(=O)N2CCC=3C=C(C=CC32)C=4C=CC=CC4,Z2270672409
O=C(NC1CCOC2(CCCC2)C1)C=3C=CC=4N=CC=NC4N3,Z2270697815
CC1=C(C=NN1C2CCOCC2)NC=3N=CN=C4C=CC(F)=CC34,Z2273038729
COC(CC=1C=CC=CC1)C(=O)N2CCC(O)(CC3=CC=CC(F)=C3)CC2,Z2273641535
CN1C=C(C(=N1)C(F)(F)F)S(=O)(=O)N2CCC=3C=CC=C(C(=O)O)C32,Z2275335103
CN1C=C(NS(=O)(=O)C2=CC=C3CCCC3=C2)C(=N1)C4CCCCC4,Z2275458446
CC(C)S(=O)(=O)N1CCC(CC1)NC(=O)C2=NN(C)C=3CCCCC23,Z2276489217
CC(C)(CC#N)CS(=O)(=O)N1CC=2C=CC=CC2C3(CC3)C1,Z2277393619
CN(C1(CO)CC1)S(=O)(=O)C2=CC=C(C#N)C(=C2)C(F)(F)F,Z2277841592
CCN1C=C(N=C1C)S(=O)(=O)N2CCC=3C(Cl)=CC(F)=CC3C2,Z2278283489
COC1CC(N(C)S(=O)(=O)C2=CC=C3NC(=O)C=NC3=C2)C41CCC4,Z2279545837
CC1=NN(C)C(=O)C(C(=O)N2CCC3=C(Cl)C=C(F)C=C3C2)=C1C,Z2284235957
O=C(C1=CN2C=CC=CC2=N1)N3C[C@@H]4C[C@H](C3)C5=CC=CC(=O)N5C4,Z2284796073
"C=C[C@@H]1OCC[C@H]1NC(=O)C=2C=NN(CC(C)C)C2C(F)F |&1:2,6,r|",Z2285058760
CC=1C=CC(=CC1Cl)C2=NOC(=N2)C3(C)CCC(=O)NC3,Z2286072543
CC1(C)CCCC1C(=O)NS(=O)(=O)CC=2C=CC(Br)=C(F)C2,Z2289235323
CN1N=C(C(=O)NS(=O)(=O)C=2C=CC(F)=CN2)C=3CCCCC31,Z2289412984
CC1=NC(=CS1)C=2C=CC(=CC2)NC(=O)N3CC[C@@H](F)C3,Z2290960375
CC=1C(=NN(C)C1NC(=O)N2CCC(O)CC(C)(C)C2)C(F)(F)F,Z2293365708
CCN1CC(CC1=O)NC(=O)N2CCO[C@H](C2)C=3C=CC(Cl)=CC3,Z2294303481
COC(=O)C=1C=C(C=C2NC=CC12)NC(=O)N3CC(OC(C)(C)C3)C(F)(F)F,Z2294452352
O=C(O)C1CCCN(C1)C(=O)C2=CN(C=3C=C(Cl)C(F)=CC3C2=O)C4CC4,Z2295626028
"O=C(O)[C@H]1CN(C[C@H]1C=2C=CC=CC2)C(=O)CCC3CCOCC3 |&1:3,7,r|",Z2296075496
"O=C(O)[C@H]1CN(C[C@H]1C=2C=CC=CC2)C(=O)CN3C(=O)NC4=CC=CC=C43 |&1:3,7,r|",Z2296076433
NC(=O)[C@H]1CCCN1C(=O)C=2C=CC(=CC2)C3=NC(=NN3)C4CC4,Z2297676332
CC1CN(CC(F)(F)F)CCN(C1)C(=O)C=2SN=C(O)C2Cl,Z2298458559
CC(=O)N1C[C@@H](O)C[C@@H]1C(=O)N2CCCC2C=3C=CC(F)=CC3C,Z2298808363
CC=1C=C(F)C=CC1C2CCCN2C(=O)C=3C=NN(C)C3N,Z2298808693
"CC=1C=CC(C(=O)N[C@H]2CC[C@H](C2)C(N)=O)=C3CCCC13 |&1:8,11,r|",Z2298963894
CNC1=NN=C(CC(=O)N2CC3(CCCC3)C2C(C)C)S1,Z2299301870
COCC1(CCCC1)C(=O)N2CCCN(CC2)C3=CC=C(C)N=N3,Z2302418134
CC1(CC=CCC1)NC(=O)C=2C=CC(=CC2)S(=O)(=O)NC3CC3,Z2305938290
CC=1C=CC=C(C1C)C(C)NC(=O)N(C)CC2=NN=CN2,Z2306462318
O=C(NCC1=NC(=NN1)C2=CC=CO2)N3C[C@@H]4C[C@H]3CS4,Z2306587758
O=C(NC1CCC(F)(F)CC1)N2C[C@@H]3C[C@H](C2)C4=CC=CC(=O)N4C3,Z2307134955
CC=1C=CC(=C(C)C1)C2(CNC(=O)N3CCCC(C)(O)C3)CC2,Z2308896566
"CO[C@H]1COC[C@H]1NC(=O)N2CCN(C)CC2C=3C=CC=CC3 |&1:2,6,r|",Z2311548135
O=C(NC1=NC=2CCOCC2S1)N3CCC=4C=CC=C(Cl)C4C3,Z2312297007
"O=C(NC=1C=NC=2CCCCC2C1)N3CC[C@H](O)[C@H](C3)C4CCCC4 |&1:16,18,r|",Z2312639537
CC=1C=CC(=CC1)N2C=C(N=N2)C(=O)N3CC4CCCN4CC5=CC=CC=C53,Z2316306425
CC1=CC=CC(C)=C1CC(=O)NC=2NN=NC2C(=O)N3CCCC3,Z2323786586
COC=1C=CC2=C(C1)CCN2C(=O)CC(C)C=3C=NN(C)C3,Z2330256460
CC=1C=CC(=NN1)C(=O)N2CCN(CC2)C(=O)C3=CC=C(Cl)C=C3F,Z2330574763
COC=1C=CC=2N=C(CN3CCCC(CC3)N4CCCC4=O)SC2C1,Z2330908306
CC1=NC=CN1CC2CCCN2C(=O)[C@H]3C[C@@H]3C=4C=CC=CC4,Z2331272451
CNC=1C=CC=CC1C(=O)NCC=2C=CN(N2)C3CCCC3,Z2331412446
CNC=1C=CC=CC1C(=O)NCCC2CCS(=O)(=O)CC2,Z2331536706
O=C([C@H]1CC[C@H](C1)C(=O)N2CC(=O)N(C2)C3CC3)N4CC(=O)N(C4)C5CC5,Z2331944527
CNC=1C=CC=CC1C(=O)N2CCN(CC2)C=3N=CC=NC3C,Z2332131155
CC=1C=C(C=CC1OCCN(C)C)NC(=O)C2=CC3=CC=CN=C3N2,Z2334658450
COC(C)(C(=O)N1CCOC(C1)C(C)O)C=2C=CC=CC2F,Z2335522213
CC=1N=C2C=CC(=NN2N1)N3CCC(CC3)C=4C=CN=CN4,Z2348110434
O=C(NCC1CNC(=O)C1)N2CC3(CCCC3)C=4C(F)=CC=CC42,Z2348517897
COC(C(=O)N1CCNC(=O)C1C=2C=CC(Br)=CC2)C3CC3,Z2349092845
O=C(NCC1=NN=C(S1)C2CC2)N3CCC(CC3)C(F)(F)F,Z2349408129
CCCC(C)C=1C=C(NS(=O)(=O)C=2C=CC(=CC2CC(=O)OC)OC)NN1,Z2352003762
O=C(O)[C@H]1C[C@H](C1)NC(=O)C2CCCN2C(=O)C34CC5CC(CC(C5)C4)C3,Z2352639574
CCC(C(=O)N1CCOC=2C=CC(=CC21)OC)N3CCCC3=O,Z2355202233
O=C(NCC(CO)CC=1C=CC(=CC1)C(F)(F)F)C=2C=CC=3NN=NC3N2,Z2357803037
O=C(NC=1C=CN(N1)C=2C=CC=CC2)N3CCC4(CCC4)S(=O)(=O)CC3,Z2360353208
CC1=NC(=NN1)C2CCN(C2)C(=O)NC=3C=CC(Br)=C(C)N3,Z2360826866
CCN1C=CC=C(NC(=O)N2CCCC(CC2)C(C)C)C1=O,Z2361207109
CC(O)(CNS(=O)(=O)C1=CN=C2ON=C(C2=C1)C3CC3)C(=O)O,Z2361653171
O=C(NCC1CNCCCO1)N2CCCN3C=4C=CC=CC4CC3C2,Z2364578763
CCC(C)S(=O)(=O)NC(=O)C1=CSC(=N1)C2CCCCC2,Z2368716598
CC1=NN(C)C=2N=CC=C(C12)N3CCCC(CS(C)(=O)=O)C3,Z2370531902
COC=1C=CC=2CN(CC(C)(C)OC2C1)C(=O)NC=3C=NN(C)C3,Z2371295214
CC1=C(Cl)C(=NN1C)C(=O)N2CCCN(CC2)C(=O)C3=CC=CC(C)=C3,Z2372802039
CC1(CC=2C=CC(F)=CC2)CCCN1C(=O)COC3=CC=CN=C3,Z2373432816
CN1N=NC=2C(=CC=NC21)C(=O)N3CCCC(CC(F)(F)F)C3,Z2373475939
CC(NC(=O)C1CC(C)CCN1)C2=NOC(=N2)C=3C=CC(Cl)=CC3,Z2377823918
CC=1C=C(NC(=O)N2CC3(CCC3)C2C4CCOCC4)N(C)N1,Z2380902299
FC=1C=C(Cl)C=NC1NC[C@H]2CC[C@H](O2)C3=NC(=NN3)C4CC4,Z2384675768
O=C(C=1C=NN2C=CC=CC12)N3CCC(CC3)N4N=CC=5CNCC54,Z2386275767
CC1=C(OC=2C=CC(F)=CC12)S(=O)(=O)N3CCCC(C)C3C(=O)O,Z2389929683
CC=1C=C(F)C=CC1C2=NN=C(O2)[C@@H]3CCCO[C@H]3C4=CC=NN4C,Z2391493401
COC=1C=NC=CC1N2CCN(CC2)C(=O)CC3=NSC4=CC=CC=C34,Z2407523655
CC=1C=CC(C(=O)N2CCCC(C2)N3C=CN=N3)=C(F)C1Cl,Z2407945080
CC1(C)CC(C=2C=CC=CC2)N(C1)C(=O)C3CCC4=NN=CN4C3,Z2408239300
O=C(C=1C=C2NC=NC2=CC1F)N3CCC(O)(CC=4C=CC(F)=CC4)CC3,Z2409610869
O=C(O)CCC(=O)NC1=NC(=CS1)CN2CCCCCC2,Z2442162418
CC1=NSC=2N=CN(CC3=NC(=NN3C)C4CC4)C(=O)C12,Z2442314913
FC=1C=CC(Cl)=CC1N2N=C(C3=NC(=NO3)N4CCNCC4)C=5CCCC52,Z2445420608
"O=C(O)[C@H]1CC[C@H](C1)NC(=O)NC=2C=CC(=CC2)OC3=CC=CN=C3 |&1:3,6,r|",Z2446375042
"CC(=O)NC=1C=CC(=CC1NC(=O)[C@@H]2C[C@H]2C(=O)O)C(F)(F)F |&1:13,15,r|",Z2467019898
CCCCN1N=NN=C1CS(=O)(=O)C=2C=CC(Cl)=C(F)C2,Z2475307508
CC1=NN=C(NC(=O)N2CCC(CCC=3C=CC(F)=CC3F)CC2)S1,Z2494466992
CC(C)CCN1C=CC(=N1)NC(=O)NCC2CCC3(CCCC3)O2,Z2494704478
O=C(NC1CCC=2C=CC=CC2NC1=O)N3CC=4C=C(F)C(F)=CC4C3,Z2496310891
COCC1(CNC(=O)C2=CC(=O)NC=3N=CN(C)C23)CCC1,Z2498981953
CC1=NN(C=C1C(=O)NC=2C=CC=C(C2)C(=O)N3CCCCC3C(=O)O)C(C)C,Z2506964792
CC1=NN=C(CN2C=C(N=N2)C(C)(O)CC=3C=CC=CC3)O1,Z2527329176
CN1C(=NC=2C=CC=CC21)C3=CN(N=N3)C4CCNCC4,Z2527352074
CC=1C=CC(CNC2=NC=3C=CC=CC3N2C(C)C)=NC1,Z2569736557
CC(C)C(=O)N(C)CC(=O)N1CC2(CCOCC2)C1C=3C=NN(C3)C(C)C,Z2585179564
CNS(=O)(=O)C=1C=CC(=CC1)CN2C=NC3=C(C=NN3C(C)(C)C)C2=O,Z2589166074
CC=1C=CC=C2NC(=CC12)CNC3CCC=4C=NNC4C3,Z2589914526
"CC1(C)C(NCCNS(=O)(=O)C=2C=CC=CC2)[C@H]3CCC[C@H]31 |&1:17,21,r|",Z2591067909
"O=C(O)[C@H]1CCC[C@H]1NC(=O)C=2C=CC(=CC2)CN3CCCC3=O |&1:3,7,r|",Z2595769153
CC=1C=C(F)C=CC1CC(C)NC(=O)N2CCCC(C2)C3CCCCO3,Z2603081691
O=C(NC=1NN=NC1C(=O)N2CCCC2)N3CCCC3C4=NC5=CC=CC=C5N4,Z4966514472
O=C(O)C1=CN(CCCCNS(=O)(=O)C=2C=CC=C3C=CC=CC23)N=N1,Z4983960302
COC=1C=CC=2C(=NC=NC2C1)NCCCC=3C=CC=4C(=O)N(C(=O)C4C3)C5CCC(=O)NC5=O,Z4994234521
O=C(NC=1C=CC(=NC1)OC(F)F)C=2C=CC=3CN(C(=O)C3C2)C4CCC(=O)NC4=O,Z4999574325
CC1=CC(=NO1)NC(=O)N2CCC(C#CC=3C=CC=C4C(=O)N(CC34)C5CCC(=O)NC5=O)CC2,Z4999895819
CN1CCC2(CC1)CN(CC=3C=CC=CC32)C(=O)C=4C=CC=5C=NNC(=O)C5C4,Z5007633108
COCN1N=C(C)C(NS(=O)(=O)C=2C=C(C)C(Cl)=CC2Cl)=C1C,Z5017398643
CC1=CC(=O)C(=NN1)C(=O)N2[C@@H]3CC[C@H]2C[C@H](CNC=4N=CC=CN4)C3,Z5027823112
CC=1C=CC(=CC1)CC(C)(C)NCC=2C=CC=3C=CNC3N2,Z5033002420
CN(CCN1CCC=2C=CC=CC21)C(=O)C3=CC=C(S3)C4=NOC(=O)N4,Z5036188886
CN(CC=1C=C(F)C=C(F)C1)C(=O)CCCC=2C=CC(=CC2)C3=NOC(=O)N3,Z5036192049
CC=1C=CC=2N=CC=CC2C1NC(=O)C3=NC=4CCN(C)CC4S3,Z5045417555
CC1=NN(C=2NC(=O)C=C(C(=O)N3CCC(CC3)OC=4C=CC(Cl)=CC4)C12)C(C)C,Z5052249649
O=C(CC=1C=CC=NC1)N2CC(C2)N3C=C(N=N3)C4=CC=CN=C4,Z5089080081
CCOC(=O)C=1NC(C)=C(C1C)S(=O)(=O)NC=2C=CC=3C(=O)N(C)C(=O)N(C)C3C2,Z5099661806
C1=NN(C=C1C2=CN(CC3CCCN3)N=N2)CC4CCOC4,Z5102760798
O=C(CCNC(=O)C=1NN=C2C=CC=CC12)N[C@H]3CCCC=4C=CC=CC43,Z5107081324
COC(=O)C=1C=CN=CC1N2C=C(N=N2)C=3C=CC=C4C(=O)N(CC34)C5CCC(=O)NC5=O,Z5112204372
O=C(NCCCC=1C=CN=C2C=CC=CC12)C=3C=CC=C(C3)C=4C=CC(=O)NN4,Z5164733504
NC(=O)CNC(=O)C1=NNC=C1NC(=O)C=2C=CC=3C(Br)=CN=CC3C2,Z5177345807
C1=CC(=NN1)C=2C=CC=C(C2)C=3C=NC=C(N3)NC4CCNC4,Z5183354499
CCCC=1NN=CC1C(=O)N2CCC(C)(C2)NC(=O)C(C)OCC,Z5186244956
CN1CCCC=2C=C(C=CC21)CC(=O)NC=3C=CC=CC3NS(=O)(=O)C4=CC=CS4,Z5211131220
CCN1C=C(C=N1)NC(=O)CN2C=C(N=N2)C3(O)CC[C@H]4CO[C@@H]3O4,Z5244226528
N#CC=1C=CC=CC1OCC2=CN(CCC=3C=CC=CC3)N=N2,Z5268028625
CN1C(=CC=2CNCCC21)C(=O)NC=3C=CC(=CC3)NC(=O)C4=CC=CS4,Z5292429792
CN1C=C(C=C1C#N)CNCCC2=C(NC=3C=CC=CC23)C(F)(F)F,Z5292446006
CCC(C=1C=CC(=CC1)C=2C=CC=3NC(=O)N(C)C3C2)N4CCNCC4,Z5292501395
CCCC(C)(C)C(=O)NC(CNC(=O)C=1N=CN=C2NC=CC12)C=3C=CC=CC3,Z5330395551
CCOC(=O)C1=NN=C(O1)N2CC(C)(C)C(O)C(C)(C)C2,Z5334487034
CC=1C=C(F)C=CC1C2C(=O)NCCN2C(=O)NC3=CC(=CC(=C3)C(F)(F)F)N(C)C,Z5335660469
CN1CCCC=2C=C(C=CC21)CC3=NC(=NO3)C4=CC5=CC(Br)=CC=C5NC4=O,Z5347221912
CC1=NC=2CCN(CC2N1C)C(=O)NC=3C=C(Cl)C(C)=CC3C,Z5360939618
COCC(C=1C=CC(F)=CC1)N(C)C2=NC=3N=CC=NC3S2,Z5373059086
CN(CCNC(=O)C=1C=CC(=CC1)C=2C=NNC2)C(=O)C=3C=CN4C=NN=C4C3,Z5428534550
C1=CN(CCC=2C=CC=CC2)C(CNC3=NC=CN4N=C(C=C34)C=5C=CC=CC5)=N1,Z5499030469
CC(=O)NCCC=1C=CC(=CC1)S(=O)(=O)NC=2C=CC(=CC2)C3=CC=CC(O)=C3,Z5517583563
O=C(NC=1C=CC=2C=CNC(=O)C2C1)C=3C=CC=4NC(=NC4C3)C=5C=CC(Cl)=CC5,Z5714502375
"CC(C)(C)CC(=O)N1[C@@H]2CC[C@H]1[C@H](CNC(=O)CC=3SC(O)=NC3O)C2 |&1:8,11,12,r|",Z5865466279
O=C(C=1C=NC=2NC=CC2C1)N3CCC=C(C3)C=4C=CC=CC4,Z5890615051
COC(=O)C[C@H]1CC[C@H](CNC(=O)CC=2C=CC=3OCCCC3C2)CC1,Z5909834093
CC(C)NC=1C=CC(=CC1)C(=O)N2CCC3(C2)OCCCO3,Z6128190552
N#CC=1C=C(F)C=CC1N2CCC(CC2)C(=O)NCC=3C=CC(F)=CC3Cl,Z6190457193
CC=1C=CC(Br)=CC1NC(=O)C=2C=NN3CCC(CNC(=O)OC(C)(C)C)CC23,Z6190468775
CC=1C=C(C)N(N1)C=2C=CC(=CC2)C3=NC(C)=NN3C4CCN(CC4)C(=O)OC(C)(C)C,Z6190512983
O=C(CN1C=C(N=N1)C=2C=CC=CC2Cl)NC=3C=CC=C4C(=O)N(CC34)C5CCC(=O)NC5=O,Z6284278633
CC1=CC=C(S1)C=2C=CC(=CC2)CNC(=O)CN3C=NC=N3,Z6289338988
CSC(C(=O)NC(CNS(=O)(=O)C=1C=NN(C)C1)C=2C=CC=CC2)C=3C=CC=CC3,Z6309485256
CSC=1C=NC=C(N1)C(=O)NC2CCCC3=C2C=NN3CC=4C=CC=CC4,Z6309534660
CC(C)(C)OC(=O)N1CCC(CC1)C2=CSC(=N2)C=3C=CC=4C(=O)NCC(=O)NC4C3,Z6309562920
CC(C)(O)C=1C=C(C=CN1)C2=CN(CC=3C=CC=4C=NNC4C3)N=N2,Z6334642263
CCOC(=O)C1CCCN2C(CC3=CC(C)=NN3)=NN=C12,Z6346602953
O=C(NCC=1C=CC(=CC1)C2=CC=CO2)C(=O)N[C@@H]3C[C@H]3C=4C=CC=CC4,Z6458507385
CC(C)OC=1C=CC(=CN1)C2=CN(N=N2)C3CCC4=CC=CN=C43,Z6472168407
O=S1(=O)CCCC(C1)C2=CN(N=N2)C=3C=CC(Cl)=CC3O,Z6472655303
CC=CC1=CN(CC=2N=CC=C(OCC(F)(F)F)C2C)N=N1,Z6472939019
CC=1C=CC(=NC1)C(=O)N2CCC(C2)NC(=O)C3=NNC=4C(C)=CC=CC34,Z6476391436
O=C(CC=1C=CC=2NC=NC2C1)NC=3C=CC=C(C3)OCCN4C=NC=N4,Z6480520198
CN1CC[C@@H](C1)C(=O)N2CC[C@H](C2)NC(=O)C3=CC=CN4N=C(N)N=C34,Z6508482432
CCN1C=NC=2C(=NC(=NC21)N3CCC(C)C3)N4CCOCC4,Z6614999356
O=C(NCC1=CC=2C=NC=CC2O1)C=3C=C4C(=O)NC=CN4N3,Z6660996148
CN1C=CC(=N1)C2=CN(CC(O)C=3C=CC(Cl)=CC3Cl)N=N2,Z6739504152
CC(C1=NC(=NO1)C2=CN=C(N=C2N)C3CCCC3)N4CCNCC4,Z6741335575
CCC1C(=O)N(C)CCN1C(=O)C=2C=CC=C(C2)S(=O)(=O)NC=3C=C(C)ON3,Z7195090913
CN1C=CC(CN(CC2C(F)(F)C32CCC3)C=4N=CC(F)=CN4)=N1,Z7226622885
CCC=1C(F)=CC=CC1C(=O)N2CC3CCC2CN3C(=O)COC4CCOC4,Z7396312607
COC(=O)C=1C=CC(=CC1Br)C2=NC=3N=CC=CC3N2C,Z7428499725
CC(C)(C)C=1C=CC=C(N1)NC(=O)CN2C(=O)NC(C)(C2=O)C=3C=CC(F)=CC3,Z7481193088
COC=1C=CC=2C(=C(OC2C1)C(=O)NC3CC(Cl)(Cl)C3)C=4C=CC=CC4,Z7648402557
CC=1C=CC(=CC1S(=O)(=O)NCC=2C=CC=CC2CO)C=3C=CC(=O)NN3,Z7671651237
CCS(=O)(=O)NC=1C=CC(=CC1)NC=2C=CN=C(N2)C=3C=CC(F)=CN3,Z7712526364
COC(=O)C=1C=CC=CC1C(=O)NC2=NN=C(S2)C=3C=CC=CN3,Z7980114411
COC=1C=C(Br)C(=CC1OC)CCNC=2C(F)=CN=CC2F,Z7997153731
CC=1N=C2C=CC=CC2=C(C(=O)NC3CC(C)N(C3)C(=O)C4=NNC(=O)NC4=O)C1C,Z8346604954
"CN1C=C(C=N1)C(=O)NC[C@H]2C[C@@H]3CN(C[C@H]23)C(=O)C=4OC=CC4C=5C=CC=CC5 |&1:10,12,16,r|",Z8357115358
COC=1C=CC(C)=CC1NC(=O)CC(NS(C)(=O)=O)C=2C=CC(Cl)=CC2,Z8401689029
CC1=NN=C2CCC(CNC(=O)NCC3CCC4(CCCCC4)CC3)CN12,Z8435261121
CC(SC1=NC=2C=CC=CC2S1)C(=O)NCC(C)(C)CNC(=O)C3=CNC(C#N)=C3,Z8486969532
CCNC(=O)C=1C=CC(=CC1)CNC(=O)CN(C(=O)CC2OCCC=3C=CSC32)C4CC4,Z8592448156
O=C(O)CC1COCCN1C(=O)C2=COC=3C=CC=CC23,Z1404667989
CN1N=C(C(=O)NC(CC2CC2)C(=O)O)C=3C=CC=CC31,Z2035180356
O=C(O)C1(CNC(=O)NC=2C=CC=3OC(F)(F)OC3C2)CCC1,Z1496190855
CN1N=NC=C1C(=O)NC2CCN(C2)C=3C=CC=C(C3)OC(F)(F)F,Z1983987796
CC=1C=C(C=CC1NC(=O)NCC=2C=CC=NC2N3C=CN=C3)N4CCOCC4,Z509947392
COC=1C=C(N=CN1)N2CCN(CC2)C=3C=CC=C(C)N3,Z1722798935
C1=CC=2C(=NC=NC2S1)NCC=3C=CC=C(C3)OCC=4C=CC=CN4,Z645224832
NC(=O)C=1C=CC(=CC1N2CCCCC2)NC(=O)C=3C=CC(F)=CN3,Z1651515223
CS(=O)(=O)C1CCN(C1)C(=O)C(C=2C=CC=CC2)C=3C=CC=CC3,Z2004642354
COC=1C=CC(=C(C1)OC)N(C)C(=O)CN2N=CC3=CC=CC=C3C2=O,Z1500895260
COC=1C=C2CCN(CC2=CC1OC)C(=O)CN3CCN(CC3)C=4C=CC=NN4,Z1002956778
CCC=1C=CC(=CC1)C(=O)N2CCN(CC2)S(=O)(=O)C=3C=CC=CC3OC(F)F,Z1003230824
CCOC=1C=CC=CC1C(F)(F)C(=O)N2CCC(CC2)NC(=O)C3CC3,Z1505874296
CC1=NN=C(SCCOC=2C=CC(C#N)=CC2)N1C3=CC=CC=C3C,Z17854190
CC=1C=CC=2CC(SC2C1)C(=O)NCC(N3CCNCC3)C(F)(F)F,Z2394635414
CC1=NC2=C(CCCC2CNC(=O)NC3CC(C3)NS(C)(=O)=O)S1,Z2012223755
CC=1C=C(N2CCN(CC2)C(=O)C=3C=CC=4C(=O)N5CCCCCC5=NC4C3)N6N=CN=C6N1,Z383457526
O=C(O)C=1C=CC=C(C1)S(=O)(=O)NC=2C=CC=CC2C3=NN=CN3,Z1508625292
CN1CCC(CC1)N2CCC(CC2)NC(=O)NCC(=O)N3CCCCC3,Z963162434
CC=1C=CC(=C(C1)C(=O)N2CCC=3C=C(F)C=CC32)N4C=NN=C4,Z2015577291
CC=1OC(=NC1CN2CCN(CC2)C(=O)C3=CC=CO3)C=4C=CC=CC4,Z241752748
CC=1C=CC(CNCC2(CC2)C(O)C=3C=CC=CC3)=C(C1)C=4C=NN(C)C4,Z2017559670
CC1=NN(C(C)=C1CNC[C@H]2CCCN2S(C)(=O)=O)C3=CC=CC=N3,Z2017560063
CC1=NC(CNC(=O)C2(CCOCC2)C=3C=CC=C(F)C3)=NC4=CC=CC=C14,Z1022476248
CC(=O)N1C=2C=CC=CC2C[C@H]1C(=O)N(C)CC=3C=COC3C,Z1023053122
COC1(C)CCCN(CC1)C2=CN=CC(=N2)C3=CC=CS3,Z2217912819
CN1CCCC1C(=O)N2CCN(CC2)C(=O)NC3CSC3(C)C,Z2021974154
CN1C=CC(=CC1=O)C(=O)NCC=2C=C(ON2)C=3C=CC=CC3,Z1030553534
CCN1N=NC=C1C(=O)NC=2C=CC(=CC2)C3=NC=C4CCCCN34,Z2218452862
CC(C=1C=CC=NC1)N(C)C(=O)NC=2C=NC(=NC2)C(C)(C)C,Z1032479916
CC=1C=CC(=CC1Cl)N2C=NN=C2SCC(=O)N3CCC4=CC=CC=C43,Z23671396
CC(C)CN1C(=NN=C1N2CCN(CC2)C(C)C)C3=CC=CN=C3,Z2024947381
COC=1C=CC(=CC1Br)C(C)NC=2N=CN=C3N=CNC23,Z373109056
ClC=1C=CC=2C(=CC=NC2C1)NCCCCN3CCOCC3,Z645422076
NC=1N=CC(Cl)=CC1S(=O)(=O)NC=2C=CC=C(C2)CC(=O)O,Z1514018293
COC=1C=CC(=CC1)CCC(=O)N2CCN(CC2)C(=O)NC=3C=CC(=NC3)OC,Z873314622
CC=1C=C(NC(=O)C=2C=CC=C(C)C2Cl)N(N1)C=3C=CC=CC3,Z1515415726
COC1(CCN(CC1)C2C=CCCCCC2)C3=NC(=NO3)C4=CC=CC=N4,Z2219026192
O=C(CCC=1C=CN=CC1)N2CCC(CC2)C3=NNC(=O)O3,Z2027231501
O=C(NC=1C=CN=CC1)C=2C=CC=C(C2)NS(=O)(=O)C=3C=CC=C(Cl)C3O,Z2027060697
CC1=NN(C)C=2NC(=O)C(CCC(=O)NCC=3C=CC(=CC3)CN4C(=O)NC(C)(C)C4=O)=C(C)C12,Z650255162
CNC(=O)C1CN(CCO1)C(=O)C=2C=CC=3NC(=O)NC3N2,Z2027685700
CN1C=CN=C1C2CCN(C2)C(=O)C=3C=CC4=C(C3)N=NN4C,Z1518361748
CC=1C=CC=CC1C(C)NC(=O)N2CCC(CC2)C3=NC4=CC=CC=C4N3,Z445747240
CNS(=O)(=O)C1=CC(=CO1)C(=O)N(C)C2CCCC3=C2C=NN3C,Z1517919607
COC=1C=CC(=CC1F)C(C)NC(=O)N2CCCCCC2C=3C=CN=CC3,Z479970846
O=C(NCC=1C=CC(=NC1)N2C=CN=C2)N3CCN(CC3)C(=O)C4CCCO4,Z494192768
CN1CCN(CC1)C2=CC=C(N=C2)NC(=O)C=3C=CNN3,Z654725028
COCC1(CCC1)C(=O)N2CCN(CC2)C=3C=CC=CC3C#N,Z2032831313
CC(NC(=O)N1CCC(CC=2C=CC=CC2)CC1)C=3C=NNC3,Z1522214730
O=C(NCCC1=COC(=N1)C=2C=CC(F)=CC2)N3CCC(C3)N4CCCC4,Z1055630456
CC(=O)NC=1C=CC=C2CN(CCC12)C(=O)C3CCCN(CC(F)(F)F)C3,Z809091844
CC=1C=C(CN2CCN(CC2)C(=O)NCC=3C=CC(=C(F)C3)N4C=CN=C4)ON1,Z826473420
CC1=NOC(=N1)C2CCN(CC2)C(=O)CCN3NC(=O)C=4C=CC=CC4C3=O,Z730735914
CC1=NC=C2C=CC(=CN12)C(=O)N3CCN(CC3(C)C)C(=O)N(C)C,Z2033590183
CC1=NC(COC2=CC=CC(=C2)C(=O)NC3CCN(CC3)C(=O)C4CC4)=NO1,Z1526958619
N#CC=1C=CC(=CC1C(F)(F)F)S(=O)(=O)N2CCCC(C2)C3=NN=C4C=CC=CN34,Z1527193910
COCC=1C=CC(=CC1)C(=O)N2CCCCC2C(=O)N3CCOCC3,Z1067557048
O=C(C1=CN=C(S1)C=2N=CC=CN2)N3CCCCC3C(=O)N4CCOCC4,Z1067552886
COCC=1C=CC=CC1NC(=O)C=2C=CC(=CC2)N3C=NN=C3,Z991690642
CC=1C=C(C(=O)NCCC=2C=NN(C2)C=3C=CC=CC3)N(C)N1,Z734201318
CC(NC(=O)C1CCC(F)(F)CC1)C=2C=CC=3NC(=O)CCC3C2,Z1527375111
COCC1(O)CCN(CC1)C(=O)C(=O)NC=2C=C(F)C(F)=C(F)C2,Z1528505828
CC1CN(C(=O)C2CCC3=NN=CN3C2)C=4C=CC=CC4O1,Z2221116319
COC(=O)C=1C=CC(=CC1)S(=O)(=O)NC=2C=CC(=CC2)CC(=O)N(C)C,Z738202318
O=C(CN1C=C(C=N1)C(=O)NC(C=2C=CC=NC2)C3CC3)NC4CCCCC4,Z1531598432
COC(=O)CN1C=CC(=N1)NC(=O)C(CC2=CNC3=CC=CC=C23)NC(N)=O,Z1080120806
CC(C)C(=O)NC1=NC(=CS1)CC(=O)NC=2C=CC=C(C2)C3=NN=NN3C,Z450604368
O=C(CCNC(=O)C1=CNC=2C=CC=CC12)NC=3C=CC(=CC3)N4C=NC=5C=CC=CC54,Z466807550
COC=1C=CC=CC1C2CCCN2C(=O)C=3C=C(C)ON3,Z1083734740
NC(=O)C1=CN(CC2=NC(=NO2)C3=CC=CO3)C=4C=CC=CC14,Z1890723432
CCC=1N=CN=CC1C(=O)NC(C)C=2C=CC(=CC2)OC(C)C,Z450853298
CC1=CC(=NO1)C2CCCN2C(=O)CCC3=NC(=NO3)C4=CC=CO4,Z316830106
CC1=C(N=NN1C2CCNCC2)C3=NC(COC4=CC=CC(F)=C4)=NO3,Z2442679212
CC1=NNC(C)=C1CCC(=O)N2CCN(CC2)C(=O)CC3=CNC=4C=CC=CC34,Z749988860
CC1=NN(C)C(OC=2C=CC=NC2)=C1NC(=O)C=3C=CC(=NN3)N4CCCC4,Z1085792078
COC=1C=CC(C(=O)NC=2C=CC=C(C2)C3=NOC(C)=N3)=C(F)C1,Z850300964
COCC1(CCOCC1)C2=NOC(=N2)C3C4CC5CC(C4)CC3C5,Z2222340000
CC1=NN(C(C)=C1CNC=2C=CC=C(C2)OCC(N)=O)C=3C=CC=CC3,Z751931114
COC=1C=CC=C(C1)CNC(=O)CN2CCCC2CN3CCCCC3,Z1088193060
COC1CCCN(CC(=O)NC=2C=CC=C(C2)C(F)(F)F)C1,Z1091852010
CS(=O)(=O)C=1C=CC(=CC1)C(=O)N2CCN(CC2)C(=O)C=3C=CSC3,Z757892446
CC1=NN(C(C)=C1CC(=O)N2CCC=3NN=CC3C2)C(F)F,Z908356764
O=C(NC=1C=CN=CC1)C=2C=CC=NC2OC=3C=CC(Cl)=CC3Cl,Z856241078
CC(=O)N1CCC(CC1)C(=O)NC2=NC(=CS2)C3=CC=CC=C3F,Z759187074
CC(COC1CCOC1)NC(=O)C2=NNC=3C=CC(Cl)=CC23,Z2046806310
O=C(NCC=1C=CC(=C(F)C1)N2C=CN=C2)C3=CSC(=N3)C4=CN=CC=N4,Z1098409815
CCOC=1C=CC=CC1C(CC(=O)N2CCN3CCCC3C2)NC(C)=O,Z1099482877
NC(=O)C=1C=CC=C(C1)NC(=O)NCC2C3CC4CC(C3)CC2C4,Z1545213392
CC1=CC=C(O1)C=2C=C(C(=O)NC=3C=CC=C(C3)C(=O)NCCC(N)=O)C=4C=CC=CC4N2,Z1101950302
CN(C)C=1C=C(C#N)C=C(C1)C(=O)N2CCC3C(CCCN3C4CC4)C2,Z2214395400
CCOC=1C=C(C=CC1OCC(=O)OC)C(=O)N2CCC3=CC(=CC=C32)S(=O)(=O)NC,Z1102316412
CN1C(=O)CCC=2C=C(C=CC21)NC(=O)C(F)(F)C3(O)CCC3,Z1546852938
O=C(NC=1C=CC(C(=O)N2CCOCC2)=C(Cl)C1)C3=CC(=NC4=CC=CC=C34)C=5C=CC=NC5,Z773780724
NC(=O)C=1C=CC=C(C1)C(=O)NC=2C=CC=C(C2)C(F)(F)F,Z317485682
O=C(NCCC1C(=O)NC2=CC=CC=C21)C3=CC=4CCCCCC4S3,Z71102429
CC1=C(SC=2C=CC=CC12)C(=O)N3CCN(CC4CCCO4)CC3,Z115092668
O=C(NC1CCC=2NC=NC2C1)C3=CNN=C3C=4C=CC=C(C4)OC(F)F,Z1549501572
COC=1C=CC=2NN=C(NC(=O)C=3C=NN(C3)C=4C=CC=CC4)C2C1,Z1550658686
CN1C=CC=C1C2CCCN2C(=O)C3CC(=O)N(CC=4C=CC=CC4)C3,Z82272356
CCC1(O)CCC(CC1)NC(=O)C2=CN=C3C(F)=CC=CC3=C2,Z2206759440
CC=1C=CC=C(C1)N2CCN(CC2)C(=O)C=3C=CC=C(C3)OCC(N)=O,Z317702966
CC=1C=C(C(=O)NCC=2C=CC(=NC2)N3C=CN=C3)C=4C=NN(C4N1)C(C)C,Z295543268
O=C(NC=1C=CC=C2N=CC=CC12)C3=CC=C(NC(=O)C4CC4)S3,Z224572184
CCC1=CC(=O)NC(=N1)C=2C=CC=C(C2)NC(=O)CCC3CCNCC3,Z2448502041
CNC(=O)C1CCCC1NC(=O)CN2C=CC=3C=CC=CC32,Z1552633435
CC(C)C=1C=CC=C(C1)NC(=O)N2CCC3(CC2)NC(=O)N(C)C3=O,Z1554284434
CCOC(=O)C=1C(C)=C(C)SC1NC(=O)CN2CCCC(O)(C2)C(N)=O,Z2058572021
CC(C)N1N=CC=2C=C(C=NC21)C(=O)OCC(=O)NCCOC3=CC=C4OCOC4=C3,Z793074644
COC=1C=CC=CC1CC2CCCN2C(=O)C=3C=NN(C3)C(C)(C)C,Z942488252
CC1=CC=2C=CC=CC2N1CC(=O)N3CCNC(=O)C3C=4C=CC=CC4,Z971137354
CC=1C=CC=C2N=C(CNC=3N=CN=C4C3C=NN4C(C)(C)C)N(C)C12,Z1554685091
CN1CCC(CC1)N(CC2=CC=CO2)C(=O)C3CCCN(CC(F)(F)F)C3,Z814653480
CC1(O)CCCN(CCCOC=2C=CC=3C=CC=CC3C2)C1,Z1557189875
CC=1C=C(N=CN1)C(=O)NCC2CCN3N=CC(C(N)=O)=C3C2,Z1852073695
CC(C)(C)S(=O)(=O)CC(=O)N1CCC(CC=2C=CC=C(F)C2)CC1,Z1558946429
CC1=NC(=CS1)C2=CNC(=C2)C(=O)NCC3=CC=C(Br)S3,Z344052466
COC=1C=C(C)C=CC1NC(=O)C=2C=CC=C(C2)C3=NC=NN3,Z1558991945
CC=1OC=NC1C(=O)N2CCC(CC2)C3=NC(=NO3)C=4C=CC=CC4,Z1118886046
O=C(CCC=1C=CC=CC1O)N2CCCC2C(=O)NC3=NC=CS3,Z392965186
O=C1CC=2C=C(C=CC2N1)NS(=O)(=O)C=3C=CC=C(C3)C=4C=CC=CC4,Z2067478346
CON(C)S(=O)(=O)C=1C=CC(=CC1)C(=O)NC2=NC(=CS2)C=3C=CC=4NC(=O)CCC4C3,Z99467323
COC=1C=CC(=CC1OC(F)F)CNC2=NC3=C(C(=O)NC(=O)N3C)N2C,Z805402526
CC=1C(=CC=CC1C(=O)N2CCOCC2)NC(=O)C=3C=CN(C)C(=O)C3,Z806853012
CC=1C=CC=C(N1)NC(=O)C2CCCN(CC3=CSN=N3)C2,Z1564147676
COCCN1C=CC(=N1)NC(=O)C=2C=NN(C2)C=3C=CC(=CC3)C(F)(F)F,Z2069402535
O=C(COC=1C=CC(Cl)=CC1)NC2CCC(CC2)NC3CCN(CC(F)(F)F)C3,Z2225996168
CC=1C=CC(C)=C(C1)NC(=O)C(C=2C=CC=CC2)N3CCC(CC3)C4=NN=C5C=CC=CN45,Z106486018
NC(=O)CCC=1C=CC(=CC1)NC=2C=CN=C(N2)C=3C=CC=CC3,Z1124140079
COC=1C=CC=2NC=C(C2C1)C3CCN(CC3)C=4N=CN=C5NN=CC45,Z815790172
CCC(O)C1=CN(CC2=CC=C(O2)C(=O)N(CCO)CC=3C=CC=CC3)N=N1,Z4168480405
CC(NC(=O)NC1CCC=2NC=3C=CC(Cl)=CC3C2C1)C4=CC=C5NC(=O)CC5=C4,Z4188715649
CC=1C=CC(=C(C)C1)C2(CNC(=O)[C@@H]3NC[C@@H](O)[C@H]3O)CCCC2,Z4214673451
O=C(NCCN1CCNC1=O)NC=2C=CC(=CC2)NC(=O)C=3C=CC=4OCOC4C3,Z4225448785
CCC1=CN2N=C(C=C(Cl)C2=N1)NCC3=CNC(CC)=NC3=N,Z4231132421
CN1CCC2(CC1)CCN(CC2CO)C3=NC=NN4C=C(Br)C=C34,Z4231566681
CC(C)CC(CC=1C=CC=CC1)NC=2C=CC(=CN2)P(C)(C)=O,Z4233339970
CC1=CC(Br)=C2N=CN=C(C2=C1)N3CCC(CCNS(N)(=O)=O)CC3,Z4238486775
"O=S(=O)(N[C@H]1C[C@H]2CC[C@@H]1O2)C3=CN(N=N3)C=4C=CC=CC4 |&1:4,6,9,r|",Z4277013780
COC(=O)C1C=2C=NN(C)C2CN1S(=O)(=O)N3CCCCC3,Z4278708770
COC(CNS(=O)(=O)CCOC1CCC1)C=2C=CC=C(F)C2,Z4279472274
CC=1N=CN(C1C)C=2C=CC(=CC2)NC(=O)CC=3N=CN(C)N3,Z4291789345
CC=1C=CC=C(C1)N2CCCC(NC(=O)C=3N=NNC3C4CC4)C2=O,Z4294730583
CC1=C(C=NN1CCN(C)C)C(=O)NC=2C=CC=3OC=CC3C2,Z4304296596
CC=1NN=C(C(=O)N2CCCCC3(CCN(C3)C(=O)C4=CN=CC(Cl)=C4)C2)C1C,Z4305549231
O=C(C1CNC2=NC=NN2C1)N3CCC(CC=4C=CC(=CC4)C(F)F)C3,Z4311022707
CC(C)(C)C(C(=O)NC1CC1(C)C)N2C=C(CCCO)N=N2,Z4327478539
CC=1C=CC=2C(=CC(=NC2C1C)C=3C=NN(C)C3)C(=O)NC4COC5CC4C5,Z4329814261
COC=1C=CC(=CC1)C2=NC(=NN2C3CCCC3)C=4C=NC=CN4,Z4344242884
COC(=O)C(CC1CC1)NC(=O)CC=2C=CC(=CC2)C=3N=NNN3,Z4368591889
"CCO[C@@H]1CCCC[C@H]1N2C=C(N=N2)C=3C=CC=C(C3)CC(=O)OC |&1:3,8,r|",Z4380325692
O=C(NC1=CN=C2C=CC=NN12)C=3C=C(N=C4C=CC(F)=CC34)C5CC5,Z4384074569
CCN1CCCN(CC1)C(=O)C2CCN(C2)C=3C=CC(=CC3F)C=4N=NNN4,Z4385423181
CC=1C=CC(=CC1)CNC(=O)COC=2C=CC(=CC2)S(=O)(=O)NC(=O)CC=3C=CC(C)=CC3,Z4403885071
CC(C)C=1C=CC(=CC1)CN(C)C(=O)C(C)(C)C=2N=NNN2,Z4405105415
CC1=C(NC(=O)C=2C=CC=CC12)C(=O)N3CCN(C(=O)CC=4C=CC=C(Cl)C4)C(C)C3,Z4408210189
"O=C([C@@H]1C[C@H]1C=2C=CC=C(C2)C=3N=NNN3)N4CCCC(CC4)N5CCOCC5 |&1:2,4,r|",Z4414755479
CCC=1C=CC(=CC1)N2N=C(N=C2C3CCC(CC3)C(=O)N(C)C)C4CC4,Z4417529154
COC=1C=CC=CC1N2CCN(CC2)C(=O)C=3C=C(C=4C=CC(Cl)=CC4)N(C)N3,Z4421211596
Cl.CCOC(=O)C(CCC1=CN=CC=N1)NC(=O)C2=CC=3CNCCC3N2C,Z5007804328
O=C(NC1CNCCC=2C=CC=CC21)C=3N=CN=C4CCCC34,Z4429703790
O=C(CC=1C=CC=C(F)C1F)NC2CCN(C2)C(=O)CCN3C=CN=C3,Z4438672046
Cl.CC(C)(C)OC(=O)NC1C2=CC=CC=C2CC31CCNCC3,Z4461633822
CC=1C=CC(=CC1)S(=O)(=O)NC(=O)C=2C=CC=C(N2)C=3C=CN=CC3,Z4450559686
O=C(NC1CCN(CCN2CCCC2=O)C1)[C@@H]3CC(=O)NC(=O)N3,Z4461555698
CC=1C=C(C(=O)NC2CC3CN(CC3C2)C(=O)OC(C)(C)C)N(CC(F)(F)F)N1,Z4464308348
CC1(C)CCC(NC(=O)CCC2=CN=CS2)C(C1)C=3C=CC=CC3,Z4480730222
COC=1C=CC(=CC1)CCC2=NN=C(N2CCN3CCN(C)C(C)(C)C3)N4CCC(CO)CC4,Z4480906349
COC=1C=CC(=CC1N2C=NN=N2)NC(=O)CCC(C)CN(C)C,Z4484193779
CC=1C=C(NC(=O)NCC=2C=CC=C(C2)OC=3C=CC=CC3F)N(N1)C4CCS(=O)(=O)C4,Z4509483639
CC1=CSC(C(=O)N2CCC3(CN(C3)C(=O)CC4CCC4)CC2)=C1Cl,Z4509556185
COC[C@H]1CN(CC2=CC=C(O2)C=3N=NNN3)C[C@H]1COC,Z4511256824
CN1C=C(C=N1)C2=CC=C(O2)C(=O)NC=3C(=O)NNC3C=4C=CC=CC4,Z4519649921
O=C1NCCC1N2C=C(C=N2)NS(=O)(=O)C=3C=CC=CC3,Z4521694863
O=S(=O)(NC=1C=NC(=NC1)C2CC2)C3=CNC=4C=CC=CC34,Z4521696422
Cl.CNC=1C=CC(=CN1)NC(=O)CC=2C(C)=NS(=O)(=O)NC2C,Z4623613462
CCOC(=O)N1CSCC1C(=O)NC2CC=C(CC2)C=3C=CC(F)=CC3,Z4525863631
CN1C=CC(=N1)C=2NN=CC2C(=O)NC=3C=CC(=CC3)C4=CC(=O)NN4,Z4558418617
O=C(C=1C=CC(=CC1)NS(=O)(=O)C=2C=C(Cl)C=CC2Cl)N3CCC(CC3)C=4C=NNC4,Z4561574571
O=C(NCC=1C=CC(=CC1)N2C=NC=3C=CC=CC32)C4=CC5=CN=CC=C5N4,Z4561574577
CC(NC=1N=CN=C2N=C(SC12)N3CCOCC3)C=4C=C(F)C=CC4N5CCC(O)CC5,Z4597720120
CN1C(=NC=2C=C(C=CC21)NC3=NC=CN4N=C(C=C34)C5CCC5)C6CC6,Z4601327465
CC=1SC(=NC1C(=O)NC=2C=C(C=CC2C)C(=O)NC3CC3)C=4C=CC(=CC4)C(F)(F)F,Z4607404566
CC(=O)N1CS(=O)(=O)CC1C(=O)NC=2C=CC(Cl)=CC2C,Z4617265864
FC=1C=C2C=CNC2=C(F)C1C=3C=NN(C3)C4CCCCO4,Z4626451567
CC=1C=C(C=NC1N)C2=NOC(=N2)C3=COC=4C=CC(F)=CC34,Z4655554294
CC1=NN2C=CNC(=O)C2=C1C(=O)N3CCC(C3)C(=O)OC(C)(C)C,Z4662215468
OCC1(F)CCN(CC1)C=2N=CN=C3C2N=CN3C4CC(O)C5=CC=CC=C54,Z4770216425
COCC(OC=1C=C(F)C=C(F)C1)C(=O)NCC(C(=O)N2CCOCC2)C=3C=CC=CC3,Z4780408016
CN1N=C2C=CC=CC2=C1C3=CN(CCCS(=O)(=O)C(C)(C)C)N=N3,Z4889198725
O=C(NC=1C=CC=C(C1)C(=O)NC=2C=CC(Cl)=CN2)NC3CCC(=O)NC3C4CCCO4,Z4897995952
CNS(=O)(=O)C=1C=CC(=CC1)CCNC(=O)C2=CC(=NC3=CC=CC=C23)C=4C=CN=CC4,Z4909932025
O=C(C=1C=CC(=CC1)C=2C=CC=CC2)N3CCCC3C4(N=N4)C(F)(F)F,Z4912156923
O=C(CN1CCN(C1=O)C2CC2)NC(C(=O)NC=3C=NC=C4C=CC=CC34)C=5C=CC=C(Cl)C5,Z4912983672
CC=1C=CSC1C(=O)N2C[C@H]3CN(C[C@H]3C2)C(=O)C(C)C=4C=NN(C)C4,Z4921564842
O=C(C1CC(=O)NC(=O)C1)N2CC34CN(CC4(C2)CCCC3)C5=CC(=O)N6C=CC=CC6=N5,Z4927221870
CC(C)(C)N1N=NC(CNC(=O)C=2C=C3COCCC3=NN2)=N1,Z4946618481
CC1=NNC(C)=C1CCCN2C(=O)NC(CC3=CN(N=N3)C(C)C)C2=O,Z4946680079
CC=1C(=CC=CC1C(=O)NC=2C=NN3C=CC=NC23)OC(F)(F)F,Z4951929964
O=C1NCC=2C=C(C=CC12)NS(=O)(=O)C=3C=CC=C4C=CC=CC34,Z4971742143
COC(=O)C=1C=NN(C)C1NC(=O)C(=O)NC2(CC=3C=CC(Cl)=CC3Cl)CCC2,Z4982197431
O=C(O)C=1C=C(C=CC1Cl)NS(=O)(=O)C=2C=NN3N=CC=CC23,Z4984031072
CC1=NSC=2N=CN(CC(=O)N3CCN(CC3)C(=O)C4=CC=CS4)C(=O)C12,Z4989107844
CN1C(=CC=2C=CSC21)C(=O)NS(=O)(=O)C=3C=CC(F)=CC3F,Z4994451870
CC=1C=CC(=CC1Cl)S(=O)(=O)NC=2C=CC=C3N=CC=NC23,Z5009981828
O=C(CC1CN2C(=NC=3C=CC=CC32)NC1=O)NC4=CC=CN=C4,Z5012228236
CN1C=C(C=N1)CN2C=C(N=N2)C(C3CC3)N4CCNCC4,Z5020319827
CC=1C=CC(=CC1)C(=O)NC=2C=CC=C(C2)CNC(=O)C3=CC=C4N=C(OC4=C3)N(C)C,Z5020637797
CCC=1C=C2OC(=O)C=C(COC(=O)C=3C=C4NC(=CC(=O)N4N3)C=5C=CC=CC5)C2=CC1Cl,Z5027904292
CCC(COC)N1C=C(N=N1)C=2C=CC(=CC2)C(F)(F)F,Z5057723092
CC(C)(C(=O)N1CCC(CC1)C(=O)NC=2C=CC=3OCOC3C2)C=4C=CC=C5C=CC=CC45,Z5084936619
CC(C(=O)N(C)CC=1C=CC=C(C1)C=2N=NNN2)C=3C=CC=C(O)C3,Z5105070680
O=C(O)COC=1C=CC(=CC1)C(=O)NC2CCSC3=CC=CC=C32,Z5107063829
COC=1C=CC(=CN1)N(C)S(=O)(=O)C2=CC=CC3=C(Cl)C=C(C)N=C23,Z5129499083
O=S(=O)(NC=1C=CC=2OC=CC2C1)C=3C=CC=C4C=CC=NC34,Z5193516470
CCS(=O)(=O)N1CCC(CC1)(C2=NC(CC3=CN=C(O3)C4CC4)=NO2)C=5C=CC=CC5,Z5210486867
CCCC(CCO)NC(=O)C(C)(C)OC=1C=CC=C(C1)C2=NOC(=O)N2,Z5210940553
CN1N=C(C=C1C(F)F)C(=O)NC2=NC(=NN2)C=3C=CC=CC3F,Z5231193189
COC=1C=C(C)C(=CC1C(F)(F)F)NC(=O)CN2SC=3C=CC=CC3C2=O,Z5231998238
COC(=O)C=1C=COC1CN2C=C(N=N2)C3(O)CC[C@H]4CO[C@@H]3O4,Z5244226523
O=C(O)C(F)(F)F.CC(C)(C)OC=1C=CC=C(C1)COC(=O)C=2C=CC3=CN=CN3C2,Z9402729888
COC=1C=CC=2C=CC(=NC2C1)N3CCC(C3)OC4=CC=NC(C)=C4,Z5292456359
O=C(NCC1CC=2C=CC=CC2CN1)C3=CC(Cl)=C4NN=CC4=C3,Z5292472553
O=C(C=1C=CC(=CC1)C2=CNC=N2)N3CCNC(CC=4C=CC=CC4)C3,Z5292497551
CN(C)C(CNC1=CC(=O)NC=2C=NC=CC12)C=3C=CC=CC3,Z5292499047
CNC(=O)CNC=1C=CC=C(C1)C2=CN(CC3=CC=4C=CC(F)=CC4NC3=O)N=N2,Z5294338754
O=C(C=1C=CC(=CC1)CN2C=C(COC=3C=CC=C(O)C3)N=N2)N4CC(C4)C=5OC=NC5CO,Z5347222676
O=C(C1=CC=C(S1)C=2C=CC=C(F)C2)N3C[C@H]4C[C@@]4(CO)C3,Z5363493096
CCOC=1N=CC=CC1NC(=O)C=2C=CC=C3N=C(O)C=CC23,Z5375223951
COC=1C=CC=C(C1)CNC(=O)CN2CC3CC3(C2)C=4C=CC(C)=CC4,Z5397887596
O=C(O)C[C@@H](CC=1C=CC=CC1)NC(=O)CC=2C=CC=3SC=CC3C2,Z5398378783
O=S1(=O)NCCOC=2C=CC(=CC21)C=3C=CC=C(O)C3F,Z5483050635
CC=1C=CC=2SC(CNC(=O)C3=CSC(=N3)C(C)C)=NC2C1,Z5498326345
CC=1C=NN2C(=CC(=NC12)N3CCN(C4=NC=CN5C=NN=C45)C(C)C3)C=6C=CC=CC6,Z5499030529
CC=1C=CC=2C=C(C=NC2C1C)C3=CNC=4C=NC=CC34,Z5499163455
O=C(C1CCC=2N=CSC2C1)N3CCC(C3)N4C=NC=5CCCCC54,Z5504465023
COC(=O)C=1N=CC(=NC1C)N2CCC(C2)N3C=CC=C3,Z5534261464
CC=1C=NN(C)C1CC(=O)N(C)C2CCN(CC2)C(=O)C3(CC3)C(C)C,Z5553105660
CN1C(=O)OC=2C=C(C=CC21)NS(=O)(=O)C=3C=CC(Cl)=C(F)C3,Z5608773933
O=C(NCC=1C=CC=C(C1)C2COC2)C=3C=C4C(=O)NC=CN4N3,Z5860376961
O=C(CC1=CC=NN1C2CCC2)NC=3C=C4CCCCCC4=CN3,Z5879934696
CC=1N=C(C2=CNC=3C=C(Cl)C=CC23)N(N1)C4CCOCC4,Z6041014425
CC1=NN2C=CC=CC2=C1C(=O)N3CCN4N=C5CCCCC5=C4C3,Z6046611625
CC(CN1N=CC=2CCCCC21)C(=O)N[C@H](C(=O)O)C=3C=CC=CC3,Z6096109445
CC1(C)CN(C=2N=CN=C3C(F)=CC(Cl)=CC23)C1C4=CC=CN=C4,Z6142645603
O=C(NC=1C=NN(C1)C2CCCCC2)N3CCCN(CC3)C(=O)C=4C=CC(F)=CC4,Z6190451551
C=CCOC=1C=CC=C2NC(=CC12)C(=O)NCC=3N=CN(N3)C(C)C,Z6259236319
CCN1C=CC(=N1)NC(C)C(=O)NC=2C=CC=CC2CC=3C=CC=CC3,Z6259263629
COC=1C=CC=C2C=CC=C(C(=O)NC=3C=CN(CC(=O)N(C)C)N3)C12,Z6301216177
CC(C)(CC=1C=CC=CC1)C(NCCC=2C=NC=CN2)C3=NN=NN3C=4C=CC=5OCOC5C4,Z6309268427
COC(=O)C=1C(CN(CC2CCCC(C)C2)OC)=NN3CCCCC13,Z6309544518
CC1=NN(C(C)=C1C2=NC(=CS2)C3CCN(CC3)C(=O)OC(C)(C)C)C4CCOCC4,Z6309562384
"CC1=NNC=2C=C(C=CC12)C(=O)N3C[C@H](O)[C@H](C3)N(C)C(=O)[C@H]4CCN(C)C4 |&1:14,16,r|",Z6455967620
CC(C)C1(C)NC(=O)N(C1=O)C=2C=CC(F)=C(C2)C(=O)O,Z6467122528
CC1=NNN=C1CN2C=C(N=N2)C3(O)CCC(C)(C)CC3,Z6473033607
O=C(CN1CCC(O)C(CO)C1)N2CC=C(CC2)C=3C=CC=CC3,Z6476400479
CC1=CC=CC2=CC(=NN12)C(=O)NC=3C=CC=C4CCNCC34,Z6476401945
CC=1C=CC=C(N1)C(C)(C)CNC=2N=CC=C3C2N=NN3C,Z6494974647
CC1=NNC=2C=CC(=CC12)C(=O)NCC3(CC=4C=CC(F)=CC4)CCCC3O,Z6559893945
C[C@@H](NC(=O)C1=CN=C(NC1=O)C2=NC=CS2)C3=CC=CC(F)=C3,Z6739477528
COC(CC=1C=CC(F)=CC1)CN2CCN(CC2)C=3N=CNC4=NC=CC34,Z6739523366
NS(=O)(=O)C=1C=NC(=NC1)N2CC(C2)C=3C=CC(O)=CC3,Z6911689668
CCN(CC)CC(=O)N1CCN(CC(CO)C1)C(=O)C2CC32CCC4(CC4)CC3,Z7130695229
CCN1C=C2N=C(NC(=O)C2=N1)C=3C=NC=4C=CSC4C3,Z7156123362
O=C1NC(CC=2C=CNN2)=NC=3C=C4OC(F)(F)OC4=CC13,Z7160558176
CCN1CCC=2C=C(C=CC21)C3=NC=4N=CC=C(C#N)C4N3,Z7160609750
CCC=1N=CC=C(N1)N(CC2=CN(N=N2)C(C)C)CC3C=CCC3,Z7215933131
C/C=C/CCCN(CC=1C=NNC1)C=2C=C(N=C(N2)C3CC3)C(N)=O,Z7221588067
FC(F)(F)C=1C=CC=CC1C2=CN(CCC=3C=CC=CN3)N=N2,Z7226732391
O=C(O)C=1C=CC=CC1CN2C=C(N=N2)[C@H](O)C=3C=CC=CC3,Z7335476392
"O=C(N[C@@]12C[C@H]2CN(C1)C(=O)C3(CC=4C=CC=C(F)C4)CC3)C5CCCCC5 |&1:3,5,r|",Z7371476382
COC(=O)C=1C=CN=C2N=C(NC12)C=3C=CC(=CC3)OC4CC4,Z7388062198
CNC=1C=CC(C#N)=CC1NS(=O)(=O)C2=CNC=3C=C(C=CC23)C(F)(F)F,Z7492950327
N#CC=1C=CC=2CN(CCC2C1)C(=O)NC=3N=CC(=CN3)OC=4C=CC=CC4,Z7667619188
CCN(CCN1CCOCC1)C(=O)C2=CN(C)C3=NC=CC=C23,Z7688971262
O=C(C=1N=CN=C2OCCOC12)N3CCCC3CC4=CC=CC5=CC=CC=C45,Z7750507835
CC1=NN(C)C(CN2C=NC(=C2)C(C)(C)C)=C1S(N)(=O)=O,Z7776813403
CC(=O)N1C[C@@H]2CC[C@H](C1)N2C(=O)C=3C=CC=CC3C=4C=NNC4,Z7856593230
COC=1C=CC(=CC1S(=O)(=O)N(C)C)NC(=O)CN2CCN(CC2)C=3N=CNC4=NC=CC34,Z7933828213
CC=1C=CC(=C(C)C1)N2C=C(CN(C)C(=O)C=3C=CC=4C(C#N)=CNC4C3)N=N2,Z7990584939
O=C1NC(CSC2=NC=3C=C(C=CC3N2)OC(F)F)=NC4=C1C=NN4C=5C=CC=CC5,Z8409418587
NC(=O)C=1C=CC=2NC(=NC2C1)NC(=O)C3=CSC(=N3)C=4C(F)=CC=CC4F,Z8424106423
NC(=O)C=1C=CC=2NC(=NC2C1)NC(=O)C3=CSC(=N3)NC4CC4,Z8424106432
CN(CC1=CN=C2C=CC=CN12)C(=O)C3=CC=4COC=5C=CC=CC5C4S3,Z8434941565
CCNC(=O)C1(CNC(=O)[C@@H]2CC3(CC3)CN2C(=O)C=4C=NN(C4)CC)CCC1,Z8592448661
"O=C(C1=NNC2=C1C[C@@H]3C[C@H]23)N4CC=C(CC4)C=5C=CC=C6C=CC=CC56 |&1:8,10,r|",Z8665839688
CCN1N=CC=C1CNC(=O)N2CCCC(C2)N3C=CC(=N3)C(=O)NC,Z2605141129
CN(C)C=1N=CC=CC1CNC(=O)NC2(CC2(C)C)C=3C=CC=CC3,Z2611735839
CCC=1N=C(C#N)C=C(N1)OC=2C=CC=3C(=O)N(C)CC3C2,Z2612374671
CC(NC(=O)N1CCC2(C=CC=3C=CC=CC3O2)CC1)C4COC=5C=CC=CC54,Z2615533877
CC1=CC=CC(C)=C1C2CCCN2C(=O)NC(C=3C=CC=CC3)C4CCOC4,Z2615758829
"COC=1C=CC(=CC1)[C@@H]2C[C@H]2C(=O)N3CCC(CC3)C(=O)N4CCOCC4 |&1:8,10,r|",Z2618681468
C[C@H](OC=1C=CC(Cl)=CC1Cl)C(=O)NC=2C=CC(=CC2)NC(=O)C3CC3,Z2619876585
CCC1=CC=C(CC(=O)NC=2C=CC(=CC2)C(=O)N3CCCC3)N=C1,Z2620031709
CC=1C=CC(=CC1NC(=O)CC=2C=CC(=O)NC2)C(=O)NC3CC3,Z2622327079
CCC=1C=C(C=CC1C)NC(=O)NC2CC=3C=CC=CC3N(C)C2=O,Z2622511731
CC(=O)NC=1C=CC=C2CN(CCC12)C(=O)C(C)N3C=NC4=C(N)N=CN=C43,Z2623333182
CC(C)N1C=CC(CNC(=O)C2=CN(C)N=C2C3=CC=CO3)=N1,Z2631061304
CC(C)N1CCN(CC1)C2CCN(C2)C(=O)C3=C(F)C=CC=C3N4C=CC=N4,Z2633289255
NC(=O)CN1CCC=2C=CC(=CC2C1)NC(=O)CN3C(=O)CC=4C=CC=CC43,Z2637752662
O=C(NC[C@H]1CCC[C@@H]1O)C2=CC=3C=C(C=CC3S2)C(F)(F)F,Z2641392636
CC1(C)CC(CO1)NC(=O)C=2C=C(NN2)C=3C=CC=CC3Cl,Z2643001006
CC=1C=CC(=CC1)C2=NC(=CS2)CC(=O)N3CCC(O)C(F)(F)C3,Z2644210590
CC(C)C(=O)N1CCCN(CC1)C=2C=CN=C(CC=3C=CC(F)=CC3)N2,Z2654536566
CCN1N=CC(Cl)=C1C(=O)NC(CC(=O)O)C=2C=CC(F)=CC2,Z2655864370
CC1=CC(CC(=O)N2CC=3C=CC(=CC3C2)C(=O)O)=NO1,Z2656053859
CCN1N=CC(Cl)=C1C2=NC(CC=3C=CC=CC3OC)=NO2,Z2657539804
CC(=O)NC=1C=CC=C(C1)C(C)NC(=O)CC2CCC(=O)NC2,Z2668077077
C[C@H]1CN(C)C=2C=CC=CC2CN1C(=O)NC=3C=CC(F)=CC3N4CCOCC4,Z2670976615
CC(C)C(C(=O)N1CCC=2C=NC(N)=NC2C1)C=3C=CC=C(Cl)C3,Z2691673014
COC=1C=CC(CCNC(=O)N2CCC(C)(CC2)N3CCOCC3)=C(Cl)C1,Z2698500620
CCCOC=1C=CC=C(C1)CCNC(=O)N2C3CCC2CC4(CC4(F)F)C3,Z2698565994
COC(=O)C=1C=CC(=NN1)N2CCC(C2)C=3C=CN=CC3,Z2700046823
COC=1C=C(OC)C=2CCCN(C2C1)S(=O)(=O)C=3C=NN(C3)C=4C=CC=CC4,Z2704482972
CC=1OC(=CC1C(=O)N2CCC(CC2)N3C=CN=N3)C=4C=CC=CC4,Z2708302564
CC1(C)OCC2CC21NC(=O)NC3=NC=C(CC=4C=CC(F)=CC4)S3,Z2708332934
CC(C)OC=1C=CC=C(C1)CN(C)C(=O)C=2C=CN=C(N2)N3CCOCC3,Z2708586979
"CC1(CC=2C=CC=CC2)CCCN1C(=O)[C@H]3CC[C@H](O3)C(=O)N4CCOCC4 |&1:15,18,r|",Z2709913451
COCCN(C(=O)C1CCC1C=2C=CC(F)=CC2)C3CCCC4=CC=CN=C43,Z2710053380
O=C(NC1=CC(CC2CC2)=NN1C=3C=CC=CC3)N4CCCC(F)(F)CC4,Z2710127176
CC1CN(CCC1C(=O)O)C(=O)NC2CC(=O)N(CCOC=3C=CC=CC3)C2,Z2711535240
O=C(CC=1C=CC=CC1F)N2CCN(CC3=CN(N=N3)C=4C=CC(F)=CC4)CC2,Z2715779791
"COC(=O)C=1C=CN=C(C1)C(=O)N[C@@H]2CC=3C=CC=CC3O[C@H]2C(F)(F)F |&1:13,22,r|",Z2718119530
COC=1C=CC(=CC1)OCC(=O)NCC2C=3C=CC=CC3C(=O)N2C,Z2719880463
CCC1=NC(=CN1CC2CC2)S(=O)(=O)N(CC#N)C=3C=CC(F)=CC3C,Z2721602360
CCOC(C)C1=NOC(=N1)C=2C=CC(=CC2)C(=O)N3CCOCC3,Z2721662585
CC=1C=CC(NC(=O)CN2CCCC2(C)C(=O)O)=C(F)C1,Z2722345728
CS(=O)(=O)NCC1COCCN1C(=O)C=2C=CC(=CC2)OC=3C=CC=CC3,Z2722506748
N#CC=1C=CC=C(C1)NC(=O)C2=CC(=NN2)C=3C=CC=NC3,Z4924509504
CN1CCCC(CCNC(=O)C=2C=NC(=NC2)N3CCOCC3)C1,Z2736041951
COC=1C=CC(=CC1)C=2C=C(NN2)C(=O)N3CCCC(C#N)C3,Z2736415225
CN(C)C(=O)N1CCC(CC1)C(=O)NCC(C(=O)O)C2CCCCC2,Z2755537520
COC=1C=CC=CC1C(=O)N2CCC(C(=O)O)C3CCCC32,Z2755548201
CN1C[C@@H](NC(=O)CN2N=C3CCCCN3C2=O)[C@@H](C1)C4=CN=CN4C,Z2763712069
O=C(O)CN1CCC(CC1)NC(=O)NC=2C=CC=3CCCC=CC3C2,Z2763783307
CC=1C=CN=C(C1)C2=NOC(=N2)C3CN4CC5CC4(C5)CO3,Z2764686817
COC=1C=C(C)C=CC1C(=O)N2CCC(CC2)[C@@H]3CC[C@@H](O3)C(N)=O,Z2766394441
NC(=O)[C@H]1CC[C@H](O1)C2CCN(CC2)C(=O)CC3=CC4=CC=CC=C4O3,Z2766484174
CN1C=C(CN2CCC(C2)NC(=O)C3=CC=CN3C4CC4)C(=N1)C(N)=O,Z2766805707
CC1=NN(CC2=NC(CC3CC3)=NO2)C(=O)C(C#N)=C1C,Z2769123687
CCC1=NN(CC=2C=CC=C3COCCC23)C(=O)C(C#N)=C1CC,Z2769155478
C=1C=CC2=C(C1)CCCC=3C=C(N=NC32)N4CCOCC4,Z2769304403
CN(C)CC1(O)CCCN(C1)C=2C=C(N=CN2)C(C)(C)C,Z2770914596
COC=1C=CC=2C(=NC=NC2C1F)N3CCN(CCC=4C=NC=CN4)CC3,Z2771680815
CC(=O)N1CCCC1C2=NOC(=N2)C=3C=C(O)N=C4C=CC=CC34,Z2773889835
N#CCC=1C=CC=CC1C(=O)N2CCN3C(=O)CCC3C2,Z2773949858
CC(CS(C)(=O)=O)C1=NC(=NO1)C2(CCC2)C3=CC=CC(Cl)=C3,Z2774094819
O=S(=O)(C=1C=CC=C(Cl)C1O)N2CC(CO)(C2)C=3C=CC=CC3,Z2774670974
CC1C(=O)NCCCN1C(=O)CCC=2C=CC=CC2C(F)(F)F,Z2775766576
O=C(NCC1=NOC=2CCCCC12)C=3C=CC(=CC3)C4CCOCC4,Z2777432999
CSC1CCN(CC1)C(=O)N[C@H]2CCO[C@@H]2C3=NC=CN3C=4C=CC=CC4,Z2778027048
CCN1N=CN=C1C=2C=CC(=CC2)C(=O)NC3COC(C)(C)C3,Z2780114310
CN1CCC(CC1)OC=2C=CC(=CC2)C(=O)NC=3C=NN(C3)CCF,Z2780751628
"CCN1C(=O)NC=2C=C(C=CC2C1=O)C(=O)NC[C@@H]3CCO[C@H]3C=4C=CC=CC4 |&1:18,22,r|",Z2784398602
CC(C)(C)OC(=O)N1C2CCC1CC(CNC3=CC=C(C#N)N=N3)C2,Z2787447738
O=C(O)[C@@H]1C[C@H](C1)NC(=O)NC2=CC(=NS2)C=3C=CC=CC3,Z2788444092
CC=1C=C(N2CCN(CC2)C(C(=O)O)C3CC3)N4N=CN=C4N1,Z2795228127
O=C(O)[C@H]1CCCN(C1)C(=O)N[C@@H]2C[C@H](C2)C3=CC=CC(F)=C3,Z2798431745
CC=1C=C(C=2C=CC=CC2)N(N1)C=3C=CC(=CC3)C(=O)N(C)C,Z2799525903
CCN(C(=O)C=1C=CC=CC1)C=2C=CC(=CC2)N3CCOCC3,Z2802212251
O=C(C=1OC=C2CCCC12)N3CCN(CCC=4C=CN=CC4)CC3,Z2802506037
CN1CCN2N=C(C=C2C1)NC(=O)C=3C=CC4=C(C3)NC(=O)CCN4C,Z2803369409
O=C(NCC1CN(C1)C(=O)C2=CNN=C2C=3C=CC(F)=CC3)C(F)(F)F,Z2803806051
CC(=O)N1CCOC2CN(CC21)C(=O)NCCC3=CNC4=CC=CC(C)=C34,Z2809166794
CCN1C(=NC=2C=C(C#N)C=CC21)NC(=O)C3=CC(C)=NN3C4CCOCC4,Z2812751830
COC=1C=CC(=CN1)C(NC(=O)N2CC=3C=CC=CC3C2)C4CC4,Z2819399357
"C[C@H]1[C@H](OCCN1C(=O)C2CC32CCNCC3)C(F)(F)F |&1:1,2,r|",Z2827156611
NC1=NC2=NC=3C=C4OCCCOC4=CC3N2C(N1)C=5C=CC=C(C5)OCC=6C=CC(F)=CC6F,Z2830825680
CC1=NC(CC(C)C)=C(S1)C(=O)NC(CO)CC2OCCO2,Z2832179842
CC(C)(C)OC(=O)NCCC(=O)NC1CC=2C=NC=CC2NC1=O,Z2832180075
CC=1C=C(N=CN1)C(=O)N2CCC=3N=C(SC3C2)N(C)C,Z2832180174
O=C(CC1=NC(CC=2C=CC=CC2)=NO1)N3CCCC3C=4C=CC=CC4,Z2832185064
"CC(N[C@@H]1CCO[C@H]1C2=CC=C(F)C(F)=C2)C(=O)N(C)CCC#N |&1:3,7,r|",Z2838120743
C=CCN(CC=1C=CC(=CC1)OC)C(=O)NC2=NC(=NS2)C(F)(F)F,Z2839483992
FC(F)(F)COC=1C=CC(=CC1)CN2C=C(CN3C=CN=C3)N=N2,Z2845866961
CC=1C=CC=C(C1)C(C)CNC(=O)N2CCO[C@@H](C2)[C@@H](O)CO,Z2853752355
COC=1C=CC=CC1C(C)(C)N2C=C(COC3CCCCO3)N=N2,Z2864061639
C=1SC(=NC1C2=CN(N=N2)C3CC3)C=4C=CC(=NC4)N5CCCC5,Z2864100933
CC=1C=NC=CC1C(=O)NCC2(C)CCOC3(CCC3)C2,Z2876885721
CC(C)C=1C=CC=CC1C2=NC(=NO2)C3CCS(=O)(=O)C3,Z2878480941
"CC=1C=CC=CC1CC2=CN=C(NC(=O)[C@H]3CC[C@H](O3)C(=O)O)S2 |&1:15,18,r|",Z2897422993
O=C(O)CN1CCCCC(NC(=O)C=2C=CN=CC2Cl)C1=O,Z2898113376
CC(C1=NOC(=N1)C2=CC=NC3=CC=NN23)C4CCCO4,Z2899269970
CCCN(CCC1=CC=CS1)C(=O)C=2C=CC=C3N=CNC(=O)C23,Z2900719691
CC(C)(C)OC(=O)NCCC(C)(C)NC(=O)C1=CNC=2N=CN=CC12,Z2900719939
COCCOC=1C=CC=C(C1)C(=O)NC=2N=CN=CC2C(C)C,Z2900815287
"C[C@H]1C[C@H](CCN1C(=O)C2CCCC=3SC=CC32)C(=O)O |&1:1,3,r|",Z2902309406
"CCO[C@@H]1COC[C@H]1N2C=C(N=N2)C(=O)N(CC)C=3C=CN=CC3 |&1:3,7,r|",Z2906111363
COC=1C=CC(=CC1F)N2CCN(CC2)C(=O)C3CCCC(=O)N3C,Z2906368809
CC1=CC(C)=NC(=N1)N2NC(=CC2=O)C(=O)N3CCCCCO3,Z2907286513
CC1(C)CN(CC(C)(C)N1)C(=O)C2CCN(CC2)C(=O)NCC3=CC=CO3,Z2908877557
CN1N=C(C=C1C(=O)N2CCC3(CC2)OCCC=4C=CC=CC43)C=5C=CC=NC5,Z2910812854
CC1CN(CCN1C(=O)C=2C=CC=C3CCOCC23)C=4C=CC(=CC4)C(=O)O,Z2912492867
CC1=NC(=CS1)C2=CC=CC(=C2)CNC(=O)C3(O)CCOCC3,Z2914945640
C=1C=C(OC1CN2CCCCC2)C3=NC(=NO3)C=4C=CN5C=NC=C5C4,Z2924079721
CC1COCCN1CCN2C(=O)NC(C2=O)C=3C=CC=C4C=CC=CC34,Z2926364695
COCC1=CC=C(O1)C2COCCN2C(=O)C3=NC=C(C)C=C3C,Z2932297849
CN1C=C(C=N1)CC2=NC(=NO2)C3(CCCCC3)C(F)(F)F,Z2936883585
O=C1CCCN1C=2C=CC(=NC2)NCC=3C=NC=C(Cl)C3Cl,Z2936889827
O=C(CC(C1CCC1)C2CCC2)N3CCC(C3)C=4C=NC=CN4,Z2936895897
"CN(CC(=O)NCCC1=CN(C)C=2C=CC=CC12)[C@@H]3CCC[C@H]3O |&1:18,22,r|",Z2936904289
CC[C@H](C1=NC(=NO1)C=2C=CC=C(C2)CN3N=C(C)C=C3C)N(C)C,Z2936915119
CCNC=1C=C(C=CN1)CNC(=O)N2CCC(CC)(CO)CC2,Z2936915640
O=S(=O)(CC1CCCO1)NC2=CC(=C3C=NNC3=C2)C(F)(F)F,Z2936917232
CCC=1C=C(N=C(CC)N1)N2CCCN(CC=3C=NN(C)C3)CC2,Z2941715084
CC1=CC(=CC(C)=N1)NC(=O)NC(C=2C=CC=CN2)C3CC3,Z2949635200
CCC1=NOC(C)=C1NC(=O)N2CCC(CC2)C=3C=C(C)C=CC3C,Z2949913018
CCNC=1C=C(C=CN1)CNC(=O)NC=2C=CN=CC2C,Z2950058018
"CO[C@@H]1CCOC[C@H]1NC(=O)NC=2C=NN(N2)C=3C=CC=CC3 |&1:2,7,r|",Z2950086693
CCC=1C=CC2=C(C1)CCN2C(=O)NC3=CN(C)N=C3C(F)(F)F,Z2950524842
CN1N=C(C=C1CNC(=O)NC2=CC(=NN2C)C3CCCO3)C4CC4,Z2951273889
CCO[C@H]1CCN(C1)C(=O)NC=2C=C(CC)N=C3C=CC=CC23,Z2951847905
COC=1C=CC(NC(=O)CN2CC3=CNN=C3C(C)C2)=C(C1)OC,Z2951849485
CC(C)CN1C=CN=C1NC(=O)C2=CC3=CC=CN3C=N2,Z2952015483
CNC(=O)C=1C=CC(=NN1)NC(=O)N2C[C@H]3CN(C)C[C@H]3C2,Z2952524897
COCC=1N=CC=C(N1)NC(=O)NCC=2C=CC=C3CCOC23,Z2952755562
"CC1=CN2C=CC(=CC2=N1)NC(=O)NC[C@@H]3C[C@H]3C(F)(F)F |&1:15,17,r|",Z2952783154
CN1N=CC=C1C2CCCN2CC(=O)NC=3C=C(F)C=CC3F,Z2953271113
NS(=O)(=O)CC1CCN(CC=2C=CN(N2)C=3C=CC=C(F)C3)C1,Z2954594253
CCC1CN(C(=O)C=2C=NN3C=CC=C(OC)C23)C=4C=CC=CC4O1,Z2955687139
CC=1C=C(NN1)C2CCCN(C2)C(=O)C=3C=C4C(C)=CC=CN4C3,Z2959442799
O=C(N1C[C@H](O)C[C@H](O)C1)C2(CCC=3C=CC=CC3)CC2,Z2956269304
"C1=NN(N=C1CN2CCO[C@H]3COCC[C@H]32)C=4C=CC=CC4 |&1:10,15,r|",Z2956311668
CN1C(=O)CN(C(=O)C=2C=NN(C2)C3CCC3)C=4C=CC=CC41,Z2956498902
O=C(NC1CCN(C1)C=2N=CC=CC2F)C=3C=C(O)C=CN3,Z2957073696
CC(C)OC=1C=NC=CC1NC(=O)N2CCN3N=C(C=C3C2)C4CC4,Z2957260424
O=C(NCC=1C=CC=CC1N2C=CN=C2)C3=CC(=O)NC=4CCCCC34,Z2958247000
CN1CCN(CC1C2=NC=CN2)C(=O)C=3C=CC(F)=C4OC=CC34,Z2958668371
CCN1C=C(N=N1)C(=O)N[C@H](C)C(=O)N2CC=3C=CC=CC3C2,Z2959241520
CCC1=NC=2C(=CC=NC2N1)C(=O)N3CCCCC3C4=CN=CN4C,Z2959837070
CCCC1=CC(=CC(=O)N1)C(=O)NC2CCN(C2)C=3C=CC=CC3F,Z2959986093
COC1=CC(=O)NC=C1C(=O)N2CCOCC2C=3C=CC(F)=CC3,Z2960201713
"COC=1C=CC=C(C1)[C@@H]2C[C@H]2NC(=O)C3=CNC(=O)C=C3OC |&1:8,10,r|",Z2960205126
CCC1(CN(C1)C(=O)[C@@H](C)NC(=O)CN2C=NN=N2)C=3C=CC=CC3,Z2960296173
O=C(CC=1C=CC=C(N1)C(F)(F)F)N2CCCC(C2)N3C=CN=N3,Z2960455341
O=C(N[C@H]1C[C@H](C1)N2CCCC2)C=3C=CC=C4NC(=NC34)C(F)F,Z2960599615
COC=1N=CC=C(N1)C(=O)N2CCCCC2CC=3C=CC=CC3F,Z2960648512
CCCC1=CC(=CC(=O)N1)C(=O)NC=2C=NC(OC)=C(C2)OC,Z2961076698
COC=1C=CC=CC1C2CN(CCO2)C(=O)C=3C=C(O)C=CN3,Z2961210654
COC=1C=CC(=CC1)C2CN(CCN2)C(=O)C=3C=C(O)C=CN3,Z2961211765
CC1=CC=CN2C=C(C=C12)C(=O)NC3=C4CCCCC4=NN3C,Z2961261496
CC=1C=CC(F)=C2OC(=CC12)C(=O)NCC3CCC43CCOCC4,Z2961316836
CC(=O)N1CCOC(C1)C(=O)N2CCC(C)(CC2)N3CCCCC3,Z2961431384
CC1(CC(F)(F)C1)NC(=O)C2=CC=CC(=C2)NC3=NC=CS3,Z2961460756
"CC(C)(C(=O)NC[C@@]12CCC[C@H]2OCC1)C3=CC=C4OCOC4=C3 |&1:7,11,r|",Z2961831580
CN1N=C(C=C1CNC(=O)C2=CC=NN2C3CCCC3)C(F)(F)F,Z2961887302
CC=1C=CC(=NN1)C=2C=CC(=CC2)C(=O)NCC3(C)CCCCO3,Z2962137622
CC(C)(C)C=1C=C2CN(CCN2N1)C(=O)C=3N=CC=C4C=CC=CC34,Z2962284103
O=C(CCC=1C=CC=CC1F)N2CCC3(CC2)CC(O)CNC3=O,Z2962557573
CCO[C@H]1CCN(C1)C(=O)C=2C=CC(=CC2)OC=3C=CC=NC3,Z2962733683
O=C(CN1N=C2C=CC=CN2C1=O)N[C@@H]3CCCC4=CC=CN=C43,Z2962748821
CC(C)C(NC(=O)C=1C=CC(=CN1)C=2C=NNC2)C=3C=NN(C)C3,Z2962765879
CC=1C=CC=2SN=C(C(=O)NC(C=3C=NN(C)C3)C(C)C)C2C1,Z2962767912
CC(C)(C)OCC=1C=CC=C(C1)NC(=O)C=2C=NN3N=CC=CC23,Z2962838681
O=C(C=1C=NC=C(O)C1)N2CC(CC=3C=CC(Br)=CC3)C2,Z2962866076
O=C(NCC1=NC=2CCOCC2S1)C3CCC=4C=CC=CC4C3,Z2963052816
COC=1C=CC(CNC(=O)C=2C=CC=3OCCC3C2)=C(C)C1OC,Z2963082656
CC[C@H]1C(=O)NCCCN1C(=O)C2=CC=3C=NN(CC)C3N=C2C,Z2963344112
"COC1=CC=CC2=C(C=NN12)C(=O)N[C@H]3C=4C=CC=CC4CC[C@H]3O |&1:14,23,r|",Z2963476006
CCC1(CC)CNC(=O)C1NC(=O)C=2N=C(SC2C)C3=CC=CO3,Z2963477375
CCC1(CC)CNC(=O)C1NC(=O)C2=CSC(=N2)C3=NC=CN3,Z2963510892
CN1N=C(C(=O)N2CCOC=3C=CC=CC3C2CO)C=4C=CC=CC41,Z2963778225
CC1(C)CCC(CCNC(=O)C2=CSC3=CN=CN23)OC1,Z2964024733
O=C(C=1C=CC=C(C1)N2C=CN=N2)N3C[C@H]4CS(=O)(=O)C[C@H]4C3,Z2964298789
CC=1C=C(N=C2N=C(O)NC(=O)C12)C(=O)N3CCC(C3)C(F)(F)F,Z2964382089
O=C(NC1=CC=NN1CC2=CC=C(Cl)S2)C=3N=COC3C4CC4,Z2964543226
CCC=1N=C(C=CC1NC(=O)C=2SC(=NC2C)C3CCOC3)OC,Z2964558277
O=C(NCC=1C=NN(C1)CCF)C=2C=NC=C(C2)N3CCOCC3,Z2964612892
CC1=NC=C2CCC(CN12)C(=O)NCC=3C=NN(C3)CCF,Z2964615049
O=C(NC1(COC1)C=2C=CC=CC2)C=3C=C(C=CN3)OCC(F)F,Z2964722616
"O=C(C1=CN=C(O1)C2CC2)N3CC[C@H]4CC[C@]43C5=CC=CN=C5 |&1:13,16,r|",Z2964917959
"CN1C=C(C(=O)N2CC[C@H]3CC[C@]32C=4C=CC=NC4)N(C)C1=O |&1:9,12,r|",Z2964918181
"O=C(N[C@H]1CCC[C@H]1N2C=CN=C2)C=3C=CC4=NNC(=O)N4C3 |&1:3,7,r|",Z2965019747
"CO[C@@H]1CCOC[C@H]1NC(=O)CC=2C=CN(N2)C=3C=CC(F)=CC3 |&1:2,7,r|",Z2965105872
"CC=1C=CC=CC1CC(=O)N[C@H]2C=3C=CC=CC3OC[C@H]2CO |&1:11,20,r|",Z2965352067
CC(CN1C=CC=N1)(NC(=O)C=2C=CC=3OC(C)(C)CC3C2)C(N)=O,Z2965374937
O=C(NCC=1N=CC(Br)=CN1)C2CCC=3C=CC=C(O)C32,Z2965428915
O=C(NCC=1N=CC(Br)=CN1)C2OCCC=3C=CC=CC32,Z2965430319
O=C(NC=1C=CC=NC1C2CC2)C=3C=CC=C4OCCOC34,Z2965525750
O=C(NCCC1CCC(F)(F)C1)C=2C=NC=C(C2)N3CCCC3=O,Z2965594494
CN1C=NC(=C1)CNC(=O)C2CN(C)C(=O)C=3C=CC=CC32,Z2965661076
O=C(CC=1C=CC=C2C=NC=CC12)NC3CCOC43CCCC4,Z2965838032
CC=1C=NC2=NC(=NN2C1)C(=O)N3CCOCC3(C)C4CC4,Z2966020782
CC=1C(Cl)=CC=CC1N2CCN(CC2)C(=O)C3=CNC(=O)N3C,Z2966460028
"CC=1C=CN=CC1CC(=O)N[C@@H]2CC=3C=CC=CC3[C@H]2O |&1:11,19,r|",Z2966499383
NC(=O)CC1(CCCCC1)NC(=O)C=2C=CN(N2)C(F)F,Z2966781513
"C[C@@H]1CN(C[C@H]1CS(N)(=O)=O)C(=O)NCC2CCCCC2 |&1:1,5,r|",Z2967456214
CC(C)NC(=O)CNC=1C=CC2=NN=C(C=3C=CC=CN3)N2N1,Z2967663103
CN(CC=1C=COC1)C=2C=CC(=CC2)S(=O)(=O)N3CCCC3,Z2968408894
C=C1CCN(CC1)C(=O)NCC=2C=CC(=CC2)S(=O)(=O)NC3CC3,Z2968732809
CN1C=CN=C1CN2CCN(CC2)C=3C=CC=4C=C(Cl)C=NC4N3,Z2969368765
CCC1=CNC=2N=CN=C(NCCC3C(=O)NN=C3C)C12,Z2969650561
CCN1N=NC=2C(=NC=NC21)N3CCN(CC(O)C4CC4)CC3,Z2969691898
O=C(NC=1C=CC(=CC1)C2=NN=CN2)C=3C=CN=C(C3)NC(=O)C4CC4,Z2070654467
CN1CCC(C1=O)N2CCC(CC2)NC(=O)C3=CC(Br)=CC=C3F,Z2143908473
O=C1CCCN1C=2C=CC(=CC2)S(=O)(=O)NC=3C=CC=C(O)C3,Z115592084
CC(NC(=O)CNC(=O)C1C=2C=CC=CC2C(=O)N1C3CC3)C=4C=CC=CC4,Z826866222
CC=1ON=C(C1C(=O)N[C@H]2C=3C=CC=CC3C[C@H]2O)C4=CC=CN=C4,Z2073085712
CC1OC=2C(=CC=CC2NC1=O)C(=O)NC3COC4=CC=CC=C4C3,Z1128128036
CC1CC=2C=CC=CC2N1C(=O)COC(=O)C=3C=CC=4NC(=O)CCC4C3,Z166508542
O=C(NCC1=NC=2C=CC=CC2O1)C=3C=C(N=C4ON=C(C=5C=CC=CC5)C34)C6CC6,Z2227285424
C=1C=CC(=CC1)CCN2CCN(CC2)C3=NC=4C=CC=NC4S3,Z1130071320
CC(=O)NC=1C=CC(=CC1)NCC2=CC=C(O2)C=3C(F)=CC=CC3F,Z1213031776
O=C(C=1SC=CC1C2CC2)N3CCC(CC3)C(=O)N4CCCCC4,Z899176378
CN1C=CC=C(C(=O)N2CCN(CC3=NC=CN3C(F)F)CC2)C1=O,Z1131145544
CN1C(CNC(=O)N2CCCC2CN3CCCCC3)=NC=4C=CC=CC41,Z1132690719
O=C(NC=1C=CC=CC1C2=NN=CN2)C3CCN(CC3)C(=O)C=4C=CC=CC4,Z1576136991
NC(=O)NCC=1C=CC(=CC1)C(=O)NC2CC32CCCCC3,Z1576312633
CCNS(=O)(=O)C1CCN(C1)C(=O)C2=CN=C(S2)C=3N=CC=CN3,Z1576387975
COC=1C=CC(=CC1OC)NC(=O)CN2CCC(CC3=CC=CN=C3)CC2,Z1578249419
O[C@@H](COC=1C=CC(=CC1)OCC=2C=CC=NC2)C=3C=CC(Cl)=CC3,Z1578738239
O=C(OCC=1C=CC=2N=CC=CC2C1)C=3C=CC(=CC3)N4C=NN=C4,Z1136379714
CCC1(O)CCC(CC1)NC(=O)NC=2C=CC(=CC2)OC3=CC=CC=C3C(N)=O,Z1580141772
O=C(NC(C=1C=CC=CC1)C2CCOC2)C3CCC(=O)N3,Z1581656445
CCONC(=O)C(CC)N1N=NC(=N1)C=2C=CC(Cl)=CC2,Z193289240
CC=1C=C(C)N(N1)C=2C=CC(Cl)=C(N2)C(=O)NC3CCS(=O)(=O)C3,Z185507332
CC=1N=CN(C1C)C=2C=CC(=CC2)NC(=O)CC=3C=NN(C)C3C,Z2227950297
COC=1C=CC=2OCCCC(NCC=3C=CC(=CC3)N4C=NC=N4)C2C1,Z1440136596
CC=1N=C(SC1C(=O)N2CCCC(C2)N3CCNC3=O)C4=CC=CS4,Z851036204
COC=1C=CC(=CC1)CNC(=O)CNC(=O)CCCC2=CNC3=CC=CC=C23,Z852211210
CCC=1C=C(N=CN1)N2CCN(CC(=O)NC=3C=CC(F)=CC3)CC2,Z1143444162
CN1CCN(CC1)C=2C=CC(=CN2)NC(=O)C3CC3C=4C=CC=CC4Cl,Z230203548
CC=1SC=C(C(=O)NC=2SC=3CCCCC3C2C(=O)NCC4CCCO4)C1C,Z1585334043
COCC1=NC(=CS1)C(=O)N2CCN(CC2)C(=O)C=3C=CC(C)=C(F)C3,Z854802216
O=C(CCNC(=O)C=1C=CN=CC1)NCC=2C=CC(=CC2)N3C=CC(=N3)C(F)(F)F,Z855376604
CC(NC(=O)CC1=CCCCC1)C2=NN=C3C=CC=CN23,Z1144040017
CCC1=NN(C)C=C1NC(=O)NC(C)CN2CCOCC2,Z1585481774
CCN1CCN(CC1)C2CCN(C2)C(=O)CCN3C=CC=N3,Z1144865192
CNC(=O)COC=1C=CC=C(C1)CC(=O)NCC=2C=CC=CC2N3C=CN=C3,Z1472270946
CCC=1C=C(C=CC1F)NC(=O)C=2C=NN(C)C2C(F)(F)F,Z2087468763
CN1C(=O)N(CCNS(C)(=O)=O)C(=O)C=2C=CC(=NC21)C(F)(F)F,Z1147676661
COC=1C=CC(OC)=C(C1)C2CCCN2C=3N=C(C)C=C(C#N)N3,Z2088694906
COC=1C=CC(=CC1)C(NC(=O)CNC(C)C=2C=C(F)C=CC2N3C=CC=N3)C4CC4,Z1589753234
CCCOC1CCCN(CC1)C(=O)C=2C=CN(C)C(=O)C2,Z1155327495
COC=1C=CC=C(C1)C(=O)NCCNC(=O)CN2C(=O)NC(C)(C2=O)C3CC3,Z288804622
COCCCN1CCC(CC1)NC(=O)C=2C=CC=NC2C,Z1155472270
COC=1C=CC=CC1N2CCC(CC2)NC(=O)C=3SC=CC3N4C=NN=N4,Z955723266
COCC1=NC(=CS1)C(=O)NC2CCN(CC2)C3=CC=CC=C3OC,Z955714234
CCC=1C=CC(=CC1)C(C)(C)NCC(=O)N2CCN(CC2)C(=O)C3CC3,Z1590559529
COC1=CC(=NC(=N1)N2CCCN(CC2)C(=O)C=3C=CSC3)OC,Z1478470651
NC(=O)C=1C=CC(=CC1)C2=NC(=CS2)CN3CCN(CC3)C=4C=CC(F)=CN4,Z1591617596
O=C(CCC1CCCO1)N2CCC(CC2)C(O)C=3C=CC=CC3,Z364074498
CC1=C(C)N(C(NC(=O)CN2CCN(CC2)C(=O)C3=CC=CO3)=C1C#N)C=4C=CC=CC4,Z224223372
O=C(C1CC1)N2CCCN(CC2)C=3C=CC=C(N3)C(F)(F)F,Z1765271607
C=1NC(=NC1C=2C=CC=CC2)C3CCCCN3C4=NC(=NS4)C5CC5,Z2093105297
O=C(NCC1CCOC=2C=CC=CC21)N3CCOC(C3)C4=CC=CC=C4F,Z1159433878
O=C(NCCNC(=O)C(C=1C=CC=CC1)N2CCCCC2=O)C=3C=CC(F)=CC3,Z1159588049
O=C(NCC1(CCC1)C=2C=CC=CN2)C=3C=CC=C(C3)C4=NOC(=N4)C(F)(F)F,Z2093303035
CC1=NC(CN2CCN(CC2)C(=O)C3=CSC=4C=CC=CC34)=NN1,Z1229920272
CC1=C(N=NN1C=2C=CC=3N=CC=CC3C2)C(=O)N4CCCCC4CNC(=O)NC=5C=CC=CC5,Z1161157772
CC=1C=CN2N=CC(C(=O)NC=3C=C4CCCCN4N3)=C2N1,Z2093987938
O=C(NS(=O)(=O)C=1C=CC=2COCC2C1)C3=CC=4CCCCC4S3,Z1597021159
CN(C(=O)C=1C=CC=C(C1)OC(F)F)C2=NC=3C=CC=CC3S2,Z238291388
O=C(NC1CCN(C1=O)C=2C=CC=CC2)C=3C=CC(=CC3)CN4C(=O)CCC4=O,Z1167357381
CCC=1C=CC(=CC1)C2=NN=C(N2)SC3CCN(C3=O)C=4C=CC=CC4,Z1167062175
N#CCCCCS(=O)(=O)N(CC=1C=CC(F)=CC1F)C2CC2,Z1168369238
CC=1C=COC1CN(C)C(=O)CN2C=CC=3C(=O)N(C)C(=O)N(C)C32,Z2207999636
COC=1C=CC(=CC1NC(=O)C2CC(=O)N(C2)C3CCCC3)C(=O)N4CCCC4,Z913724996
CN(C(=O)C=1C=CC(=CC1)N2C=NN=N2)C3CCN(CCN4C=CC=N4)CC3,Z1167920419
CCCN(CC)C=1C=CC(=CC1)C(=O)N2CCC(CC2)C(=O)N3CCOCC3,Z916815710
CC1CN(CCN1C(=O)C=2C=CC=CC2N3C=CN=N3)C4=CC=CC(F)=C4,Z2229908174
CCC(NC(=O)NC1CCCOCC1)C=2C(C)=NOC2C,Z1601884434
CC=1C=CC(=CN1)C(=O)NC=2C=CC(F)=C(C2)N3CCCNC3=O,Z2099355399
COC1=CN(N=C1C2=NC(=NO2)C=3C=CC=CN3)C=4C=CC=CC4,Z1169951895
CC1(CCCO)CCCN1CC2=COC(=N2)C3=CC=C(F)C(F)=C3,Z1603250293
COC=1C=CC(=CC1)C(NC(=O)C=2C=C(C)N=C3C2C(C)=NN3C)C(=O)O,Z1603599285
CC=1C=NN(C1)C2CCCN(C2)C(=O)CCC3=C(NC=4C=CC(F)=CC34)C=5C=CC=CC5,Z1170724662
O=C(O)COC=1C=CC=C(C1)NC(=O)C2CCN(CC2)C(=O)N3CCCC3,Z929239062
O=C(O)CN(CC=1C=CC=CC1)C(=O)CN2C(=NC3=CC=CC=C32)C(F)(F)F,Z1444360026
O=C(NCC=1C=CC(=NC1)N2C=CN=C2)C3CCCN3C4=NC=CS4,Z392568328
CC=1C=CC(=CC1)NS(=O)(=O)C=2C=CC=C(C2)C(=O)NC(C)CCC(=O)O,Z1609625107
CC=1OC(C)=C(C1C(=O)N2CCC(CC2)C3=NN=CN3C(C)C)S(N)(=O)=O,Z1174622467
CC=1C=C(C=C(O)N1)C(=O)N2CCN(CC3CC3)C4=CC=CC=C42,Z1609893556
O=C(CN1C(=O)COC=2C=CC(Cl)=CC21)N3CCC(C3)C4=CC=CO4,Z1175371690
COC=1C=CC(=CC1)OCC2=NC(=CS2)CNC=3C=CC=4NC(=O)CCCC4C3,Z1462745605
CC(NC(=O)C1CCCN1C(=O)CC2=CC=CS2)C(O)C=3C=CC=C(F)C3,Z1467673408
O=C(CN1CCN(CC1)C(=O)C=2C=CC=C(F)C2)NCCC3=NC=4C=CC=CC4S3,Z354912676
O=C(CN1CC(=O)NC1=O)N2CCC(CC2)C3=NC(=NO3)C=4C=CC=CC4,Z1177977016
COC=1C=CC=C(C1)C(O)CNC(=O)C=2C=CC(=NC2)N3CCCCCC3,Z1178251215
CC=1C(=CC=CC1C(=O)N2CCCC2)NC(=O)N3CC(=O)N(C)C3C=4C=CC=CC4,Z2106856008
COC1=CC(=CC(OC)=C1C)NC(=O)C=2C=CC(F)=C(Br)C2,Z2230651246
CN(CCCNC(=O)C(C)(C)S(=O)(=O)C=1C=CC(Cl)=CC1)C=2C=CC=CC2,Z2107228311
CNC(=O)C=1C=CC=C(C1)NC(=O)N2CCCC(C2)N3C=C(C)C=N3,Z1180134033
O=S(=O)(C1=CC=C2OCOC2=C1)N(CC3CC3)CC4CC4,Z1615143581
COC=1C=CC2=C(C1)CCN2C(=O)CN3C=C(C(N)=O)C=4C=CC=CC43,Z941353188
CC1=NC2=CC(O)=NN2C(C)=C1CCC(=O)N[C@@H](CO)C=3C=CC=CC3,Z1616603047
CC1=NN(C)C=2N=C(C)C(=CC12)C(=O)NCC3CC4=CC=CC=C4O3,Z364782708
CC1=C(SC=2C=CC=C(F)C12)C(=O)N(C)C(C)CS(C)(=O)=O,Z1183628587
CCN1CCN(CC1)C(=O)C(C)OC=2C=CC(=CC2)S(C)(=O)=O,Z298063278
O=C(C1=CC=CS1)N2CCC(CCN3CCOCC3)CC2,Z953550946
CCC=1SC(=CC1C)C(=O)N2CCN(CC2)C=3N=CC=CC3C(N)=O,Z954378960
CC1=NC(=CS1)C(C)NC=2C=NN(C2C)C=3C=C(C)C=CC3C,Z1621306813
CC(C(=O)N1CCN(CC1)C(=O)C=2C=CC(=O)NC2)N(C)CC(F)(F)F,Z1873447813
CO[C@H]1CNCC1NC(=O)C2=CC=C3C=CC(Cl)=CC3=N2,Z2241995191
O=C(C=1C=C(N=C2C=CC=CC12)C3CC3)N4CCC5=CN=CN=C5C4,Z1188982622
CC(C)(C)C=1N=CC(=CN1)C(=O)NCC(C)(O)C2=CC=C(F)C=C2F,Z2116036170
CC1OC=2C=CC(=CC2NC1=O)NC(=O)C3CCN(CC3)C4=CN=CC=N4,Z338509292
CN1C(=O)NC2(CCN(CC2)C(=O)CC3=NNC4=CC=CC=C34)C1=O,Z1349444897
O=C(NC1C2CCC=3C=CC=CC3C12)N4CCOC=5C=C(O)C=CC5C4,Z2118010668
CCN(CC)C(CNS(=O)(=O)C1=CC=C2NC(=O)CCCC2=C1)C3=CC=CO3,Z973003018
CC(=O)NC1=CNN=C1C2CCCN(C2)C(=O)C3=CN=CC(=C3)N4CCOCC4,Z1625845730
CC(=O)NC1=CNN=C1C2CCCN(C2)C(=O)C3CC(=O)N(C)C=4C=CC=CC43,Z1625842338
CC(C)CCOC1CCN(CC1)C(=O)C=2C=NC(=CN2)N(C)C,Z1626649316
O=C(C1CCCCN1C(=O)C=2C=CC(=O)NN2)N3CC=C(C3)C=4C=CC=CC4,Z1626768204
CC1=NC(=NO1)C2CN(CCO2)C(=O)C3(CCCC3)C4=CC=CC=C4F,Z1626808852
COC=1C=CC=C(C1)C=2C=C(NC(=O)C=3C=NN(C3)CCF)N(C)N2,Z2120413154
CS(=O)(=O)C=1C=CC(=CC1)CNC2=NC(=NS2)C=3C=CC=CC3,Z1272190753
CC1=CC=C(S1)C(=O)N2CCN(CC2)C(=O)NC(C)C3CCCOC3,Z1628260768
O=C(C=1C=CNC1C2CC2)N3CCCNC(=O)C3CC=4C=CC=CC4,Z2231655580
CCC=1C=CC(=CC1)C2=NOC(=N2)C(C)NS(=O)(=O)CC=3C=CC=CC3,Z1197795588
CCC1=NOC(C)=C1C(=O)N2CCOCC2C3=NOC(=N3)C=4C=NN(C)C4,Z1630094700
CC=1N=C(C=2C=NN(C)C2N1)N3CCN(CC3)C(=O)CCC4=CC=CO4,Z1203369053
C1=NN(C=2C=CC=CC12)C3CCN(C3)C4=NC=C(S4)C=5C=CC=CC5,Z1636567761
O=C(NC1CCN(C1)C=2C=CC=C(C2)OC(F)(F)F)N3CCN(CC3)C=4N=CC=CN4,Z1205594256
CCC1=NOC=C1CN(C)C(=O)C=2C=CC=3NC=4CCCCC4C3C2,Z2232085868
CC1=NC(=NO1)C(C)NC(=O)N2CCC(C2)NC=3C=CC=CC3,Z2130227354
CN(C)CCN1N=CC=C1NC(=O)C=2C=CC(=CC2)C(C)(F)F,Z2232322287
CC(C(=O)NCC1=CC=C(N=C1)N2C=CN=C2)C(C)(C)C,Z1211455872
CC(C(=O)NC=1C=CN(N1)C=2C=CC(Cl)=CC2C#N)N3C=NC=N3,Z1643478288
CC(CC(=O)N1CCN(CC1)C(=O)C2CCCCC2)C3=CC=CN=C3,Z1211898433
CN1C=CC(CC(=O)N2CCC(CC=3C=CC=CC3)C2)=N1,Z1642769211
CC=1C=C(NN1)C(=O)N2CCN(CC2)C3CCCN(C)C3,Z1212311190
CN1C(CCNC(=O)C2(C)COC2)=NC=3C=C(F)C=CC31,Z1644169114
CCCN1CC2=CC=CC(NS(=O)(=O)C=3C=CC(OC)=C(F)C3C)=C2C1,Z1646189415
CCC=1C=C(NC(=O)C=2C=C(C=3C=CC(=CC3)OC)N(N2)C=4C=CC=CC4)N(C)N1,Z1217419173
CC1=CC=NN1C=2C=CC(=CC2)C(=O)NC3=NC(=CS3)C=4C=CC=C(C4)N5C=NN=N5,Z443929308
COC=1C=CN=C(C1)C(=O)NC=2C=CC=C(C(=O)N3CCCC3)C2C,Z1217340028
CC(C)C=1N=CN=CC1C(=O)NC2=NC=3C=CC(=CC3S2)S(=O)(=O)N4CCCC4,Z451163364
CCC(C)NC(=O)C(C)NC(=O)NC1CCN(CC1)C(C)C=2C=CC=CC2,Z1218431564
CN(C)C=1N=CC=CC1CNC=2C=CN(N2)C=3N=CC=CC3F,Z2146609831
CC1=CC(Br)=CN2C(=CN=C12)CNCC(CO)C=3C=CC=NC3,Z2147005082
CC(C)(NC(=O)C1=CC(=NN1)C=2C=CC=3OCOC3C2)C4=CC=CS4,Z1220539135
CC=1N=C(C=2C=NN(C)C2N1)N3CCN(CC=4C=CN(N4)C(C)C)CC3,Z1220674261
CCOC1CC1C(=O)NC2CCCN(C2)C=3C=CC=C(C3)OC,Z1222624439
O=C1CC(C=2C=CC=CC2)N(CC3=CN=NN3C=4C=CC=CC4)CCN1,Z2149026327
COCCNS(=O)(=O)C=1C=CC=C(C1)CNC(=O)C2CC3=CC(Cl)=CC=C3O2,Z1225304520
CN(CC=1C=NC=CN1)C(=O)C2CC(=O)NC=3C=CC=CC32,Z1225351184
CCC1=NC(=NN1C=2C=CC=CC2Cl)C(=O)NCC=3C=CC=4NC(=O)NC4C3,Z1654008290
CCOC=1C=CC=CC1C(=O)NCC(=O)NCC=2C=CC=C(C2)N3C=NC=N3,Z1226338790
CC(=O)N(C)C=1C=CC=CC1NC(=O)C=2C=CC=C3C=CC=NC23,Z1228374530
COCC1CN(CC(C)(C)O1)C(=O)C2(CCCCC2)S(=O)(=O)C=3C=CC=CC3,Z2154813878
O=C(C=1N=C(C=2C=CC=CC2)N(N1)C=3C=CC=CC3)N4CC5CCC(O)C5C4,Z1657371414
CC1(CN2C=NC3=C(N=NN3C=4C=CC=CC4)C2=O)COC1,Z1229690156
CC1=CN=C(S1)N2CCN(CC2)C(=O)C=3C=CC=C4C(=O)C(C)=C(OC34)C=5C=CC=CC5,Z1229898813
CC=1C=CC=C(C1)C2=NOC(=N2)C3CN(C)C(=O)C4=CC=CC=C43,Z2155886075
CC(C)(OC=1C=CC(Cl)=CC1)C2=NC(=NO2)C=3N=CC=CN3,Z1828868053
COC=1C=CC(=CC1N2N=NN=C2C)NC(=O)C=3C=C(C=CN3)N4C=CC=N4,Z1231242882
O=C(NC1CCN(CC1)C(=O)C2CC2)C=3C=CC(Cl)=CN3,Z1231640379
COCC=1N=C(C=C(N1)N2CCN(CC2)C(=O)C=3C=CC=CC3)OC,Z1661344195
O=C(CNC(=O)COC=1C=CC=CC1)NC2CCN(CC3CCOC3)CC2,Z1232394909
CC1=NN2CC(CCC2=N1)C3=NC(=NO3)C=4C=CC=5NC(=O)NC5C4,Z2158387082
CC=1C=CC(=CC1)N2N=NN=C2NCC(O)C3CCOCC3,Z1233939418
CN1C=C(C2=NC(=NO2)C3COC=4C=CC=CC4O3)C(=N1)C=5C=CN=CC5,Z2159606188
CNS(=O)(=O)N1CCC(CC1)C2=NC(=NO2)C3CCC(F)(F)C3,Z2160175940
O=C(NCC1=CC=CO1)C2CCCN2CC(O)C(F)(F)F,Z1665369870
CCN1CCN(CC1=O)C=2C=NN(C(=O)C2Cl)C=3C=CC(C)=C(Cl)C3,Z1666017202
CC=1C=CC(SCC(F)(F)F)=C(C1)NC(=O)C(=O)N(C)CCN2CCCC2=O,Z1237610248
O=C(C1CC(OC1=O)C=2C=CC=CC2)N3CC=4C=CC=CC4C(C3)C=5C=CC=CC5,Z2161652971
COCC(=O)N1CCC=2C(=CC=CC21)NC(=O)C3=CC(C)=CC=C3F,Z1667155058
CCN1C=NC=2C(=NC=NC21)OC=3C=CC(=CC3)N4C=CC=N4,Z1238996232
O=C(C=1C=C(C=CC1F)N2CCNC2=O)N3CCN(CC3)C(=O)C4CCCO4,Z1239789641
CN1N=NC=2C=CC(=CC21)C(=O)NS(=O)(=O)C=3C=CC=C(Cl)C3,Z1669501242
CC=1C=CN=C(N1)C2CCN(CC2)C(=O)C=3C=CN=C(C3)N4C=CN=C4,Z1670372793
CC=1C=CN=C(N1)C2CCN(CC2)C(=O)C(CC=3C=CC=CC3)NC(N)=O,Z1670374601
CC(C)N1N=C(C=C1NC(=O)N2CCN3CCOCC3C2)C=4C=CC=CC4,Z1670941643
COC=1C=CC(CNC=2C=C(C=CC2CN3C(=O)CN(C)C3=O)C(N)=O)=C(Cl)C1,Z1672034173
NC=1C=CN=C(CN2CCC(CC2)C3=NC(=NO3)C=4C=CC=CC4)N1,Z1492806942
COC=1C=CC(=CN1)NC(=O)CN2N=C(C(Cl)=C2C)C(F)(F)F,Z2168706288
CC=1N=CC=C(N1)NCC=2C=CC=C(C2)C(=O)NC3=CC(=NN3)C=4C=CC=C(F)C4F,Z1673135354
CN1C(=O)C=2SC=CC2N3C(CN4N=NN(C4=O)C5CC5)=NN=C13,Z2169134617
CCOC(=O)C=1C(C)=C(SC1NC(=O)CN(C)CC=2C=CON2)C(N)=O,Z1247360129
CC=1C=CC(=CC1)N2N=C(C=C2NC(=O)C3CC(=O)N(C3)C4CC4)C(C)C,Z1246355485
CC1(CN2C=C(N=N2)C(=O)N3CCC(CC3)N4C(=O)NC5=CC=CC=C54)COC1,Z1676615965
O=C(NC=1C=CC(=CC1)CN2CCOC2=O)C3=CNN=C3C=4C=CC=CN4,Z2170832377
COC1(CNC=2C=CC(=CC2)OC=3C=CC(Cl)=CC3)CCOCC1,Z2170853226
CCC1=CC(=NO1)NC(=O)N2CCN(CC2)C=3N=CN=C4SC=CC34,Z1249123657
COC=1C=CC=CC1N2CC(CC2=O)C(=O)N3CCN(CC3)C4=CC=NC(C)=N4,Z1676022534
CSC1(CNC(=O)C(=O)NC=2C=CC=3N=C(OC3C2)C=4C=CC=CN4)CCN(C)CC1,Z2173424156
O=C(CCC=1C=CC(O)=CC1)NCC2CCN(CC(O)C=3C=CC=CC3)CC2,Z1680770351
CC=1C=CC=C2C(=CNC12)CC(=O)N3CC=4C=CC=CC4C[C@H]3C(N)=O,Z1256077686
CCCNC(=O)C1=CC=CC(=C1)C(=O)N2CCCC2C=3C=C(C)ON3,Z1256107023
CCOC=1C(Cl)=CC(=CC1OC)C2=NOC(=N2)C3CC(=O)N(CC(C)C)C3,Z1682545257
O=C(CCC=1C=CC=NC1)N2CCC(C2)N3C=C(Cl)C=N3,Z2175498814
CC=1C=CC=C(C1)NC2CCN(CC2)C(=O)C=3C=CC(=O)NN3,Z1256553236
FC(F)(F)OC=1C=CC=CC1C2=NOC(=N2)C3(CC3)C=4C=CC=CC4,Z1683396295
COC=1C=CC(C2=NC(=NO2)C=3C=CC=C(C3)C(N)=O)=C(F)C1,Z1683766971
COC=1C=CC=2OC(C)=C(C(=O)NCC3(CC4=CC=CC=C4C3)N(C)C)C2C1,Z1260185864
CCOC=1C=CC=CC1C(=O)N(C)C2CCCCC2S(C)(=O)=O,Z1260111736
CC=1C=CC=CC1CCN(CC2=NC=CN2)C(=O)C=3C=CC=4NC(=O)CSC4C3,Z2177305471
COCCC1(C)CN(C1)C(=O)C=2N=CSC2C=3C=CC=CC3,Z2177894958
CCN(CC=1C=CC=C(C1)C=2C=CN=CC2)C(=O)CN3N=NC4=CC=CC=C43,Z1260533612
CC(C)(C)CC1=NC(=NO1)C=2C=CC(=CC2)C3=NC(=NO3)C=4C=CC=5NC(=O)NC5C4,Z1685088208
CC1=NN=C(N1)C=2C=CC=C(C2)C3=NOC(=N3)C4CC(=O)N(C4)C=5C=CC=6CCCC6C5,Z1685320043
CC=1C=CC(=CC1)N2CCC(NC(=O)C3=NNC(=O)C=4C=CC=CC34)C2=O,Z1261951345
CN1C=CC=2C(=CC=CC21)C(=O)NC3=CC=C4CCC(=O)NC4=C3,Z1261991168
CCN(CC1=NN=C(O1)C=2C=CC=CC2OC)C=3C=CC=C4C=CC=CC34,Z1262724739
O=C(CN1CCC(CC1)C2=CNC=3N=CC=CC23)N4CCN(CC4)C5CCS(=O)(=O)C5,Z1262979725
CSCC=1C=CC=NC1C(=O)NC=2C=CC=C(C2Cl)C(F)F,Z2180886753
CC=1C=CC=CC1C2(CCCC2)C(=O)N3CCCC(O)(C3)C4=CNN=N4,Z2180997266
CN1N=C(C=C1C2CC2)C(=O)NC3(CCOCC3)C=4C=CC(Cl)=CC4,Z1264470530
CCOC=1C=CC(=CC1Br)S(=O)(=O)NC(=O)CC=2C=CC(=CC2)N3C=NN=C3,Z4989108067
CC1(CCC1)C2=NOC(=N2)C=3CCC(=O)N(CC=4C=CC(F)=CC4)N3,Z2900815476
COC=1C=CC=C(C1)C(CNS(=O)(=O)CCC2CCCO2)N3CCCC3,Z1420020595
COC1=CC(=CN2C=C(C)N=C12)C(=O)NCCN3CC=4C=CC=CC4C3,Z4317863009
CNC(=O)C(CO)NC1=NC(=NO1)C=2C=C(Cl)C=C(Cl)C2,Z2142862459
CCN1CCN(CC)CCN(CC1)C(=O)N2CC(C)CC=3C=CC=NC32,Z4169968751
CC(C)(C(=O)N1CCCC=2OC=CC2C1)C=3C=CC(Cl)=CC3,Z2155447695
CC=1C=CC=2C(=CNC2C1)C3=CCN(CC3)C(=O)C(=O)NC=4C=CC(=C(Cl)C4)N5CCCC5=O,Z761421452
CCCOC=1C=CC(=CC1)S(=O)(=O)NC2=NOC(CC=3C=CC=CC3)=N2,Z1918575013
CC(=O)N1CCN(CC1)C2=NN=C(N2)C3=NN(C)C4=CC=CC=C34,Z4168076585
CC1=NNC(NC(=O)C2CCCC(=O)N2C)=C1C=3C=CC(F)=CC3,Z2982802692
COC=1C=C2CCN(CC2=CC1C)C3=NN=C(C=4C=C(C)N=C5NC=NC45)N3C,Z3095928443
COC=1C=CC=2C(=C(OC2C1)C(=O)NC(C)C)C=3C=CC=CC3,Z808663972
CC=1C=C(C)N2N=C(N=C2N1)NC(=O)N3CCC4(CNC5=CC=CC=C54)C3,Z2771623268
CC(C)OC=1C=CC(=CC1)N(C)C(=O)C=2C=C3N(CCNS3(=O)=O)N2,Z3353391972
CN1C(=NN=C1N2CCOC3(C2)CCCCCC3)C=4C=CC=5C=CC=CC5N4,Z2008664736
CNC(=O)C=1C=CC(=CC1)CNC(=O)NC2CCCS(=O)(=O)C2,Z1591031314
C=CCN1C(=NN=C1N2CCN(CCC3=CC=CS3)CC2)C(O)CC(C)C,Z3096684105
CC=1C=C(F)C=CC1N2C=CC(=N2)NC(=O)NCCS(=O)(=O)NC=3C=CC=CC3,Z1657121591
"COC(=O)C=1C=C(C)N=C(N1)N2C[C@H]3C[C@H]3[C@H]2C=4C=CC=CC4 |&1:13,15,16,r|",Z4026850600
CC(C)C=1C=CC=C(C1)C(=O)NC2=CC(=NN2)C3CCCO3,Z2642716629
"CC(C)(C)[C@@H]1OCC[C@H]1C2=NOC(=N2)C3OCCC=4C=CC=CC43 |&1:4,8,r|",Z2386293363
CCC1=NN=C(O1)[C@H]2C[C@@H](O)CN2C(=O)C3=CC(F)=C(F)C=C3Cl,Z1753994880
CC=1N=CC(C(=O)N(CCC(=O)O)CC2CCCO2)=C(C)N1,Z1869717800
CCCCCC1NC(=O)N(CC=2C=CC=CC2N3N=C(C)C=C3C)C1=O,Z1869906557
CC1=C(C=NN1C2=CC=CC=C2F)C(=O)N3CCS(=O)(=O)CCC3C,Z1870701275
CO[C@H]1C[C@H](C2=NN=C(C)O2)N(C1)C(=O)C=3C=C(C(C)C)N(N3)C(C)(C)C,Z1754145787
O=C(NCC=1C=CN(N1)C2CCCC2)NC3CCC=4C=CC=CC4C3,Z1461636531
CN1C(=O)C2=CC=CC=C2N=C1CN3CCN(CC3)C(=O)C=4C=CC(Cl)=CC4,Z1463335355
C=1C=CC(=CC1)N2N=NC=3CN(CCC=4C=CC=5OCCC5C4)CCC32,Z2215644477
CC(=O)NCCNC(=O)CCC(=O)N1CCCCC1C2=CC=C(F)C=C2F,Z1464738788
NC(=O)C=1C=CC=C(C1)CCNC(=O)N2CCC3C(CCCN3C4CC4)C2,Z1478538384
CC=1C=C(N(C)N1)N2CCC(NC=3C=CC(=CC3C)C(=O)NC4CCCC4)C2=O,Z1359822796
OCC1(CCCC1)NC=2N=C(N=C3C=CC=CC23)C(F)F,Z1359568489
O=C(NCC1(CC1)N2CCOCC2)NCC3(CCC3)C=4C=CC(Cl)=CC4,Z1874129663
CN1N=CC=C1C2CCN(CC2)C(=O)C3=CNC4=CC(F)=CC=C34,Z1876008051
CC(C1CC=2C=CC=CC2O1)N(C)C(=O)C=3C=CC(F)=C(C3)S(N)(=O)=O,Z1468570655
O=C(CN1CCC(CC1)C(O)C(=O)NC2CC2)N3CC(=O)NC=4C=CC=CC43,Z1760156893
CC(CC=1C=CC=2C=CC=CC2N1)SC=3N=C(N=C4C3C(=O)NC(=O)N4C5CC5)C6CC6,Z1362319467
COCC(NC(=O)N1CCCC(C1)C2=NC=CN2)C3CCCO3,Z1921267037
CC1=C(C=NN1C=2C=CC=CC2)NC(=O)NC3CCN(CC3)C4CC4,Z1472371751
CCN1C=CN=C1C2CCCCN2C(=O)C3=CC=C(S3)C(N)=O,Z1973294798
COC=1C=C(C)C=CC1C(=O)NCC2=NN=C3CCCCN23,Z1764363512
CC1=CC(=CO1)C(=O)NC=2C=CC=C(C(=O)N3CCOCC3)C2C,Z1764597612
CC(C)(OC=1C=CC(Cl)=CC1)C(=O)OCC2=CC(=O)OC3=CC(O)=CC=C23,Z18465054
COC=1C=C(F)C(=CC1F)NC(=O)C2CCCN2C(=O)C3=CC=CC=C3O,Z1633381997
CN1C=C(C=N1)NC(=O)C2CCCN2C(=O)C=3C=CC=CC3O,Z886831438
CN1C=CN=C1C2CCN(C2)C(=O)C=3C=CC(O)=C(Cl)C3,Z1520425202
O=C(CCNC(=O)C1CCCN1C(=O)C=2C=CC=CC2O)NC3CCCCC3,Z758463786
CC=1C=NC(=NC1C)N2CCN(CC2)C(=O)C=3C=CC(O)=CC3,Z1546700449
Cl.CC1=CC(=O)OC=2C=C(C=CC12)OCC3CCNCC3,Z2235305611
CC(C)(NC(=O)C=1C=CC=2CCCCC2C1O)C3=NN=NN3,Z1669170736
CCOC=1C=CC=C(C1)[C@@H]2C[C@H]2NC(=O)C=3C=C(C(N)=O)N(N3)C=4C=CC=CC4,Z1974497041
O=C(NC=1C=CC=CC1CC=2C=CC=CC2)C(=O)N3CCC(CC3)C4=CNC=5N=CC=CC45,Z1782884035
CC=1C=C(NS(=O)(=O)C=2C=C(C)C(F)=C(C)C2)N(N1)C=3C=CC(=CC3)[N+]([O-])=O,Z1276650163
CC(C)(C)C=1C=CC(=CC1)CCCC(=O)N2CCC(CC2)C3=NN=C4C=NC=CN34,Z1482629069
CCC=1N=CC(=CN1)NC(=O)C2COC=3C=CC(Cl)=CC3C2,Z1481883897
CC=1OC(=NC1C(=O)N2CCCC=3C(C)=CC=C(F)C32)C=4C=NN(C)C4,Z1367448341
O=C(CCC=1C=CC=CC1)N2CCC(CC2)NC(=O)C=3C=CC=C4N=NNC34,Z1783458201
CC[C@@H]1C[C@H]1NC(=O)C2=CN=C(S2)C=3C=CC=4OCOC4C3,Z1975604478
CC(OC=1C=CC=CC1)C(=O)NC2CCCN3N=CN=C23,Z1368561933
CN(CCNC(=O)C=1C=NN(C)C1C=2C=CC=CC2)C(=O)C=3C=NN(C)C3C=4C=CC=CC4,Z1784372032
CC(O)(CNC(=O)NC(CCC#N)C=1C=CC=CC1)C=2C=CSC2,Z1486969929
FC=1C=CC=NC1N2CCCN(CC2)C=3N=CN=C4NC=CC34,Z1785828236
CCN(C(=O)CN1C(=O)NC(C)(C1=O)C2CC2)C=3C=CC=NC3C,Z1981007907
CC1=CC(C(=O)NC2CCN(CC2)C=3N=CC=CC3F)=C(C)O1,Z1373431550
CN(C)C=1C=CC=C(C1)S(=O)(=O)N2CCN(CC2)C=3C=NC=CN3,Z1788073904
CN1N=NC=C1S(=O)(=O)NCC2CCCC=3C=CC=CC32,Z1788072728
CC1CCC=2C=CC=CC2N1C(=O)COC=3C=CC=4CCC(=O)NC4C3,Z1787946485
O=C1CCCN1CC=2C=CC=CC2NCC3=CN=C(S3)C=4C=CSC4,Z1374938277
O=C(NC=1C=CC=C2CNC(=O)C12)C3=CN4CCCCC4=N3,Z1993897019
COCC1=NC(C(=O)NCC=2C=NC=CC2)=C(S1)C=3C=CC=CC3,Z1993784844
Cl.COC(=O)C1=CC=C(S1)S(=O)(=O)NC2CCCNC2C,Z1993955160
CN(CC1=CN(C)N=C1C(F)(F)F)C(=O)C2=NNC=3CCCC23,Z1493512325
O=C(CN1CCC(CN2CCCCC2)C1)NC3=CC(F)=CC=C3F,Z1289579024
CC1NC(=O)CCC1NC(=O)C=2C=C(N=C3C=CC(F)=CC23)C4CC4,Z1995625883
O=C(NC1CCN(CC1)C(=O)NC=2C=CC=CC2)C3=CC(=NO3)C4CC4,Z1995296856
COC1CCN(C(=O)NCCOC=2C=CC(=CC2)C(C)(C)C)C(C)C1,Z1996074457
CN(C(=O)CC1CCOC1)C2CS(=O)(=O)C=3C=CC(Cl)=CC32,Z1493436863
O=C(NC=1C=CC=C(C1)OCC(F)(F)F)C=2C=NN3CCCCC23,Z1494871618
CCC1(O)CCN(CC1)S(=O)(=O)C=2C=CC(C#N)=C(Cl)C2,Z1497149823
CC=1C=CC(=C(F)C1)S(=O)(=O)NC(C)(CO)C=2C=CC=CC2,Z1496909671
COC=1C=CC(=CC1)C(CO)N(C)S(=O)(=O)C=2C=CC=3NC(=O)NC(=O)C3C2,Z1497055035
O=C(NC=1C=CC=C(F)C1F)NC2CCCN(C2=O)C3CCCCC3,Z1798481742
COC=1C=CC=C(C1)C2CCN(CC2)S(=O)(=O)C=3C=CC(C#N)=C(C)C3,Z1883655015
CCCNC(=O)CN1CCC(CC1)NC(=O)N2CCOC[C@H]2C,Z1884232107
CC=1N=C(C=CC1C(=O)N2CCCN(CC2)C(=O)C3CC3)C(F)(F)F,Z1767652893
CC=1N=CC(C(=O)NCCC2=NN=C(C=3C=CC=CC3)N2C)=C(C)N1,Z1771593479
CC=1C=CC(=CC1)[C@H](O)CNC=2C=CC(=C3C=CC=NC23)S(N)(=O)=O,Z1888571455
CC=1OC=NC1C2=NOC(CC(C)C=3C=CC=CC3C)=N2,Z1891535814
CC1=CC(=C(C)O1)C2=NOC(=N2)C3=NOC=4CCCCC34,Z1891314733
COC=1C=CC(=CC1)C2(C)NC(=O)N(C2=O)C=3C=CC(F)=C(C3)OC,Z1891841937
CN1C=C(C=C1C(=O)NC=2C=CC(=CC2)NC(=O)N3CCCCCC3)C(N)=O,Z1390047626
CC(NC(=O)NC1CCN(C1)C=2N=CC=CC2F)C(=O)NCC=3C=CC=CC3,Z1390170805
CCC=1N=C2C(CCCN2N1)NC(=O)C3=CN4C=CC=CC4=N3,Z1391413502
COC=1C=CC(=CC1)N2C=C(CNC(=O)N(C)CCC3CCCCN3C)N=N2,Z1396074974
CC=1C=C(N(C)N1)N2CCCC(C2)NC(=O)N3CCC4=CC=CC(C)=C4C3,Z1898004479
N#CC=1C=C(C=CN1)CN2C(=O)NC3(CCOC=4C=CC=CC43)C2=O,Z1480998920
CC(=O)NC=1C=CC(=CC1)NS(=O)(=O)C=2C=CC(Cl)=C3C=CC=CC23,Z1395321908
CN1C=C(C(=O)NCC=2C=CC=NC2N3C=CN=C3)C(=N1)C=4C=COC4,Z1926382965
O=C(NS(=O)(=O)CC1CCCCC1)C2CCC(CC2)C(F)(F)F,Z1895643922
CCOC1CC(CNC(=O)C2=CC=NC(C)=C2)(C1)N3CCOCC3,Z1928030866
CN1C(=CC=2C(=O)N(C)C(=O)N(C)C21)C(=O)NCCC3=NC(=O)ON3,Z1928169577
CCCN1N=CC(C(=O)N2CCCC3(C2)NC(=O)NC3=O)=C1C4CC4,Z1929424613
COC=1C=C(Cl)C(=CC1OC)S(=O)(=O)N[C@H](C(=O)O)C(C)C,Z1931653487
CC(=O)N1CCC=2C=C(C=CC21)C(=O)NC3=CC=CC(=C3)C4=NN=C(C)N4C,Z1478710933
O=C(CSC1CC1)NC=2C=CC(=CC2)C3=NOC(=N3)C(F)(F)F,Z2255397097
CC1=NC(=NN1)NC(=O)C23CCC(=O)N3C=4C=CC=CC4C(=O)N2C5CC5,Z2255491117
O=C(O)C=1C=CC(=CC1)CC(=O)NCC2(CC2)C3=CC=C(F)C=C3Cl,Z2256278050
COCC(NC(=O)CC1=CNC=2C=CC=C(OC)C12)C(=O)O,Z2256329414
NC=1C=CC(=NC1)C(=O)N2CCC[C@H]2COC=3C=CC(Cl)=CC3,Z2448380129
CC1(C)CNCCC1NC(=O)C2=NNC=3C=CC(Br)=CC23,Z2266296365
CN1C=C(C=N1)N2CCCC(NC(=O)C3=NN(C=C3O)C4=CC=CC=C4F)C2=O,Z2269494584
O=S1(=O)CCC(C1)C2=CSC(=N2)C=3C=CC=4OCCOC4C3,Z2274931266
CC=1SC(NC(=O)CN(C(C)C)C2COC2)=C(C#N)C1C,Z2275759580
O=C1NC(=O)C2(CCCN(C2)S(=O)(=O)C=3C=CC(=CC3)OC4CC4)N1,Z2277611701
CN1C(=O)C=2C=CC(=CC2C1=O)S(=O)(=O)NC3CCOC3(C)C,Z2278482702
CC=1C=NN(C)C1S(=O)(=O)N2CC(C2)C=3C=CC=C(Cl)C3,Z2279242235
CN(C)C(=O)NC1CCCN(C1)S(=O)(=O)C=2C=CC=3NC(=O)NC3C2,Z2279942411
CC1CN(CC=2C=CC=CC2O1)C(=O)CS(=O)(=O)C3CC3,Z2282942523
CC(C)CC1C(=O)NCCCN1C(=O)C2=C(Br)C=NN2C,Z2283164151
"C=C[C@@H]1OCC[C@H]1NC(=O)C=2OC=3C=CC(Br)=CC3C2C |&1:2,6,r|",Z2285070834
"COC=1C=CC=CC1OCC2=CC=C(O2)C(=O)N3C[C@H]4CCN(C)[C@H]4C3 |&1:19,24,r|",Z2285186361
CN1N=CC=C1C2CC(CCO2)NC3CCCC=4C(O)=CC=CC43,Z2286506791
O=C(NS(=O)(=O)C1CCCC2=CC=CC=C21)C3CCCOC3,Z2288552634
CC(C)(C)OCCS(=O)(=O)NC(=O)C1=COC(=N1)C2CCCC2,Z2289180839
O=C(NCC1CCCC1(F)F)NC2CCC=3NC=NC3C2,Z2292710517
O=C(CC1CC2CCC1O2)NC3=CC=C(OC=4C=CN=CC4)C(Cl)=C3,Z2293797766
CS(=O)(=O)NC1CCN(C1)C(=O)NC(C2CC2)C3CCC3,Z2295159158
CC(C)(C)C1=CSC(=N1)C2CN(CCO2)C(=O)C3=CC=CC(=C3)C(=O)O,Z2295669383
CC=1C=CN(C)C(=O)C1NC(=O)C2CN(C2)C(=O)C3CCCCC3,Z2295997861
CN1CCN(CC(=O)NC2(CC=3C=CC(F)=CC3)CC2)CC1=O,Z2297910035
CC1=NC=2C=C(C=CC2N1C(C)CO)NC(=O)C=3C=C(C=CN3)N4CCOCC4,Z2298551514
"CC1=NNC(C)=C1CC(=O)N[C@@H]2CN(CC(F)(F)F)C[C@H]2C=3C=CC=CC3 |&1:11,20,r|",Z2299006835
"O=C(NCC1CCCC2=CC=CC=C21)N[C@@H]3COC[C@H]3O |&1:15,19,r|",Z2303419758
CCC1C(CO)CCN1C(=O)NCC=2C=CC(=CC2)N3CCCC(C3)C(N)=O,Z2304169786
CC=1OC(=NC1C(=O)NC2(C)CC=CCC2)C=3C=NN(C)C3,Z2305944584
CC=1C=CC(=C(C)C1)C2(CNC(=O)N3CCOC(CN(C)C)C3)CC2,Z2308897329
O=C(NS(=O)(=O)C1C[C@@H]2CC[C@H]1C2)C3=CN=C4C=CC=CC4=C3,Z2312423531
CC1CCN(CC21CCC2)C(=O)C(=O)N3CCCC(O)C3,Z2314036233
CN(C=1C=CC=NN1)C2CCN(CCC3(O)CCC3)CC2,Z2328539298
NC(=O)C1(CCN(CC2=NC(CC=3C=CC=C(F)C3)=NO2)C1)C=4C=CC=CC4,Z2330661488
CCCN1CCCN(CC1=O)C(=O)C=2C=CC=CC2NC,Z2331788053
COC=1C=C2N=CC=C(C2=CC1OC)N3CCCC(C3)C4=NN=CN4C,Z2346789603
CN(C=1C=CC=CC1)C2CCN(CC2)C=3N=CC=4CCCCC4N3,Z2347069904
CS(=O)(=O)C=1C=CC=NC1C(=O)N2CCC(CC2)C=3C=CSC3,Z2348890037
CC=1C=C(C=C(C1C)S(N)(=O)=O)C(=O)N2CC(O)CC2C=3C=CC=CC3,Z2349747338
COC=1C=CC=2ON=C(CC(=O)NC=3C=NC=NC3N4CCCC4)C2C1,Z2355521745
CC=1C=CC(=C(F)C1)N(C)C(=O)C2CCN(CC2)C(=O)CCC=3C=CC=CC3,Z2356854946
CC1(CC=2C=CC=CC2)CN(C1)C(=O)NC=3C=CC=4OCCNCC4C3,Z2356865069
COC=1C(=O)NC(=O)NC1C(=O)NC(C)C=2C=CC=C(C2)C3CC3,Z2358074749
COC=1C=CC(=CC1)C2=CSC=3N=CN=C(C23)N4CCC[C@H]4C(=O)O,Z2358733415
CC(NC(=O)CNC=1C=CN(N1)C=2C=CC=CC2C(F)(F)F)C3CC3,Z2360969481
CN(C(=O)NC1=NC(=CS1)C2CCOCC2)C3CCCC3C(C)(C)C,Z2361041989
COC=1C=CC(=CC1)N2C=CC(CNC(=O)C(C)C(=O)O)=N2,Z2361452658
O=C(NCC=1C=CC=2COCC2C1)NC3CCC(CC3)N4CCNCC4,Z2362518432
O=C(NCC1CNCCCO1)N2CCN(CC2)C3=CC=CC=C3F,Z2364578050
CC1C(=O)N(CCC=2C=CC=C(N2)C(F)(F)F)C(=O)N1C3CCC3,Z2367749975
CC=1C=CC(=NC1C)C(=O)N2CCCCC2C3=NC(=O)NN3,Z2368056232
COC1CCCC(C1)C(=O)NS(=O)(=O)C=2C=NC=CC2C,Z2368799252
COC=1C=CC(=CC1)C2=NN=C(S2)N3CCN(CC3)C(C)C(=O)NC4CC4,Z2370481751
CC=1C=CC(Cl)=C(C1Cl)S(=O)(=O)N2CCN(C2)C(=O)C3CC3,Z2370726577
CC=1C=CC(=C(F)C1)S(=O)(=O)N2CCCC(CCO)CC2,Z2370742462
CC1=NC=2C=CC=CC2C(C)=C1C(=O)N3CCN(C3)C(=O)C4CC4,Z2373667939
"CC=1OC(=CC1S(=O)(=O)N(C)C)C(=O)N2CCC[C@@H](C(=O)O)[C@H]2C |&1:18,22,r|",Z2376917028
"CC(C)(C)[C@@H]1OCC[C@H]1C2=NOC(=N2)C3CC(C)(C)OC=4C=CC=CC43 |&1:4,8,r|",Z2386268204
O=C(O)C(F)(F)F.O=C(O)CN1CCCCC(C1=O)N2CCCC(C2)C3=NNC(=N3)C4CC4,Z3247723015
CC=1C=CC(Br)=CC1CC2=NOC(CN3CCCCC(O)C3=O)=N2,Z2389677562
CC1CCCN(C1C(=O)O)S(=O)(=O)C=2C=CC=C3CCOC23,Z2389927377
CC(C)C=1C=CC=C(C1)NC(=O)N2CCN3N=CC(CO)=C3C2,Z2398481049
O=C(CC=1C=CC(=CC1)N2C=NN=C2)N3CCC3C4CC4,Z2407605897
CC1CC(C#N)(C1)C(=O)NC2=CC=C3C=CNC(=O)C3=C2,Z2408245617
CCOC(=O)C=1C=CC(=NC1)N2CCC=3C=CC=CC3C2C,Z2409509611
CN1N=CC=C1C2=CC3CCC(C2)N3C(=O)C4CCC5=CC=CN=C54,Z2410078963
O=C(NCC=1C=CC=CC1)C2CCN(CC3CC(F)(F)C3)C2,Z2438068879
COC=1C=CC(=CC1)CC2(C)NC(=O)N(CC(=O)N3CCNCC3)C2=O,Z2438124930
CCNC(=O)C=1C=C(N=C2C=CC=CC12)NC(=O)CCC(=O)O,Z2442824110
CC=1C=CC=2C(O)=C(C=NC2N1)C(=O)N3CC(C)CC(C3)C(=O)O,Z2443647419
C=1NN=C(C1CN2CCCC2C3CCCOC3)C=4C=CC=CC4,Z2449169363
CCC=1C=CC(=CC1)CN(CC(C)C)C(=O)CCC=2C=CN(C)N2,Z2454181439
CO[C@H]1CN[C@@H](C1)C(=O)NC(C)C=2C=C(F)C=CC2N3CCN(C)CC3,Z2465223982
O=C(O)C1CC2CCC1N2C(=O)CN3CC=4C=CC=CC4C3=O,Z2466871918
COC=1C=CC=C(C1)C(NC(=O)CC2(CSC)CC2)C3=NC=CN3C,Z2473118771
"C[C@@H]1CC[C@H](C(=O)O)N1S(=O)(=O)C=2C=CC(=CC2)N3CCCC3=O |&1:1,4,r|",Z2475399789
CC=1C=CC(=CC1Cl)NC(=O)N2CCN(CC2)C(=O)C3=CN=C4C=CC=NN34,Z2477937391
O=C(CC1=CN2CCCCC2=N1)N3CCC=4C=CC(F)=CC43,Z2478395624
CC1CCOCCN1C(=O)C=2C=CC(=CC2)N3C=CNC3=O,Z2480496768
O=C(C1CCC2=NN=NN2CC1)N3CCC(CC3)C4=CNC=5C=CC(F)=CC45,Z2482364828
NS(=O)(=O)C=1C=CC(=CC1)N2C=C(CC3(O)CCCCC3)N=N2,Z2527303378
CC1=NC(=CS1)CN2C=C(N=N2)C(O)CC=3C=CC=CC3,Z2527328518
CN1C=C(C=N1)CN2C=C(N=N2)C=3C=CC=C4CCCCC34,Z2527329507
C1=CN=C(N=C1)N2CCC(CC2)C3=NN=C(NC4CCOC4)O3,Z2528121312
O=C(O)CNC(=O)CC=1C=CC(=CC1)NC(=O)C2C3CCCCCCC23,Z2595568325
CCCN1N=CC=C1C(=O)NC=2C=CC=C(C2)C(C)C(=O)O,Z2595623432
CCC(C)C(=O)N1CCCC(C1)C(=O)NC=2C=CN(N2)C(C)(C)C(=O)O,Z2595692952
CCOC=1C=CC(=CC1F)CNC(=O)N2CCOC[C@@H]2CC(C)C,Z2600957105
CC(C)N1CCC(CC1)NC(=O)CN2CCC(CC3=NC=4C=CC=CC4N3)CC2,Z2601468816
O=C(NCCC1=NC=2C=CC=CC2S1)C3NCC43CCOCC4,Z2605574620
O=C(NC1CCCNCC1)C=2C=CC(=CC2)NC=3C=CC=NC3,Z2606155725
COC(C)(C(=O)O)C(=O)NC1CCN(CC=2C=CC(F)=CC2)C1=O,Z2607552018
O=C(O)C(F)(F)F.CN1CCN(C(=O)C=2C=CC(=CC2)OCC(=O)O)C=3C=CC=CC3C1,Z8992422112
CNC=1N=C(C)C=C(N1)C(=O)NC2(CC(=O)O)CCCCC2,Z2607679323
CN(C)C(=O)NC1=CC=CC(=C1)C(=O)NC2(CC(=O)O)CCCCC2,Z2607681891
O=C(O)C1C=2C=CC=CC2CCN1C(=O)C=3C=CC=4C(=O)N5CCCC5=NC4C3,Z2607823406
COC=1C=CC(=CC1)C=2N=CC=C(N2)N3CCN(CC3)C(C)C(=O)NC4CC4,Z2610593025
CC(C)N(C)C(=O)C1CCN(CC1)C=2C=CC(=NN2)OCC(F)(F)F,Z2610731607
COC1=CC(=CC(=C1)C2=NOC(=N2)NC(C)CSC)OC,Z2611776747
CC=1C=CC(C#N)=C(N1)N2CCCC(C2)C=3C=CN=CC3,Z2613444535
CC=1SC=2N=CN=C(C2C1C)N3CC=4C(N)=NN(C)C4C3,Z2613564498
O=C(CN1N=CC=2N=CC=CC21)N(CC=3C=CC=CC3F)C4CC4,Z2613893395
O=C(NCC(CC=1C=CC=CC1)CC=2C=CC=CC2)N3CCC(O)C(F)(F)C3,Z2616091823
COC=1C=CC=C(C1)C2(CCC2)NC(=O)NCC3=C4CCCCC4=NN3C,Z2617261068
O=C(NCC=1C=CC(=CC1)COC=2C=CC(F)=CC2)N3CCC(O)C(F)(F)C3,Z2618209950
CN1C=CC=C(NC(=O)N2CCOC(CC(F)(F)F)C2)C1=O,Z2621280123
COC=1C=CC(NC(=O)N2CC[C@H](C2)OC=3C=CC=CC3)=C(C)N1,Z2621824210
CCC=1C=CC(=CC1F)NC(=O)N2CC(COC)(C2)C3CCC3,Z2622083396
CN1N=CC(=C1C(=O)NC=2C=CC=C(C2)C3=CN4CCCCC4=N3)C5CC5,Z2623378214
CN1CCN(CC1)C(=O)CC=2C=CC(=CC2)NC(=O)C=3C=CN=C4NC(=O)CC34,Z2623479801
CN1C=C(NC(=O)NCC=2C=CC=3OC=CC3C2)C(=N1)C4CCCCC4,Z2624188848
"CCN1C=C(C=N1)[C@@H]2OCC[C@H]2CN3CCN(CC3)C(=O)C4=CC=CC(F)=C4 |&1:7,11,r|",Z2625401137
COC=1C=CC=C(C1)C(OC)C(=O)N(C)C(C)C=2C=CC=C(C2)S(N)(=O)=O,Z2626995426
O=C(CC=1C=CC(Br)=CC1F)NCCCNC=2C=CC=CN2,Z2630848430
CCN(CCSC)C1=NN=C([C@@H]2CN3CCC[C@@H]3CO2)N1C,Z2630928674
O=C(C=1C=CC2=C(C1)NC(=O)N2C3CC3)N4CCS(=O)(=O)C5CCCC54,Z2641292543
O=C(C=1C=CC(F)=C2C=CN=CC12)N(CC=3C=CC=CC3)C(CO)C4CCC4,Z2642127324
CC=1SC(=NC1C(C)C)NC(=O)C(C)N2C=NC3=C(N)N=CN=C32,Z2643257068
CC1(CN(CCO1)C(=O)C=2C=NN(C2C(F)F)C=3C=CN=CC3)C4CC4,Z2643454525
CC1=C(C=NN1C2CCOCC2)C(=O)NC3=CC=C4C(=O)NC=CC4=C3,Z2644283358
NC(=O)C=1C=CC(=CC1)C(=O)NC2=CC=C3CCCCC(O)C3=C2,Z2644604599
CC1=CNN=C1C(=O)N2CCCC2(C)CC=3C=CC(=CC3)OC(F)(F)F,Z2645306832
"O=C(NC[C@]12OCCC[C@H]1C2(F)F)C3=NNC=4C=CC=CC34 |&1:4,9,r|",Z2645716536
CCOC=1N=CC=C(C)C1C(=O)N2CC[C@H](C2)OC=3C=CC=CC3,Z2647517292
CCOC=1C=NC=C(C1)CNC=2C=CC(=CC2)C(F)(F)F,Z2655039368
COCC1(CCCCC1)C(=O)NC=2C=CC(=CC2)CC(=O)O,Z2655898196
O=S1(=O)CCCC1C2=NC(=NO2)C3(CCC3)C=4C=CC(F)=CC4,Z2657659836
CC1=NN(CC=2C=CC(C)=CC2)C(C)=C1CCC(=O)N3CCCCC3CCNS(C)(=O)=O,Z2668182666
CC1=CC(=NN1C=2C=CC(Cl)=CC2Cl)C(=O)N3CCCN(CC3)S(=O)(=O)N(C)C,Z2669515485
CCOCC=1C=CC(=CC1F)C2=CN=C3C(C=NN3C4CCN(C)CC4)=C2,Z2687610505
CC(=O)NC=1C=CC=CC1CC(=O)N2CCC=3N=CC(C)=CC32,Z2691129730
"O=C1NC(CN2CCO[C@H]3CCC[C@H]32)=NC=4C=C(SC14)C=5C=CC(F)=CC5 |&1:9,13,r|",Z2706461013
CN1C(=O)COC=2C=CC(=CC21)C(=O)NCC(CO)CC=3C=CC(F)=CC3,Z2707486260
CC(C)(C)C=1C=CC(O)=C(C1)NC(=O)C=2C=CC=C(C2)CN3C=NC=N3,Z2708330569
O=C(NC=1C=NN(C1)CCF)NC=2C=CC(=CN2)S(=O)(=O)N3CCCCC3,Z2709985645
CC(C)(NC(=O)NC=1C=CC=CC1C(C)(F)F)C2=NC=3C=CC=CC3S2,Z2710573178
O=C(NC=1C=CC(F)=CC1N2CCOCC2)N3CCCC(F)(F)CC3,Z2710615857
CC1=NOC(COC=2C=CC(=CN2)C(=O)NC3CCC4=CC(C#N)=CC=C43)=N1,Z2711315073
CC1=CC=C(C(=O)N2CCC(C)(CC2)N3CCOCC3)N1C,Z2719629973
O=C(CCN1C(=O)OC=2C=C(Cl)C=CC21)N3CCC=4C(O)=CC=CC4C3,Z2720653895
CC1(CCCN1CC(=O)NC2=CC=C3OCCCOC3=C2)C(=O)O,Z2722346353
C[C@@H](CO)NC=1C=CC(=CN1)C=2C=CC3=C(C2)N=CN3C,Z2723059827
CC(C)N1C=CC2=CC(=CC=C21)C(=O)NC3CCOC(C)(C)C3,Z2736423460
CC=1C=C(C=CC1NC(=O)C=2C=C(C3CC3)N(C)N2)OCC(=O)O,Z2755334702
COC=1C=CC=2C=C(SC2C1)C(=O)NC(CC3CC3)C(=O)O,Z2755375072
"COC=1C=C(C=CC1C(=O)O)NC(=O)[C@@H]2C[C@H]2C3=CC=CC(C)=C3 |&1:14,16,r|",Z2755422419
CC=1C=CC(C(=O)N2CCN(CC2)C(C)CC(=O)O)=C(O)C1,Z2755473950
"CN1C(=O)CCC=2C=C(C=CC21)C(=O)NC=3C=CC(=CC3)[C@@H]4C[C@H]4C(=O)O |&1:21,23,r|",Z2755634321
CO[C@H]1C[C@@H](CNC(=O)C=2C=C(C)N=C3C2C=NN3C)N(C1)C4=CC=NC=N4,Z2762258950
CC(C)OC=1C=CC(=CN1)S(=O)(=O)N(C)C=2C=CC=CC2C(=O)O,Z2763049917
CN1C[C@@H](NC(=O)C=2C=CC=C3NC(=O)OC23)[C@@H](C1)C4=CN=CN4C,Z2763725333
O=C(NCCN1CCCCCC1)C2=NC=C3C=CC=CN23,Z2765682170
O=C(N[C@H]1CCC[C@H]1OC=2C=NNC2)C=3N=COC3C4CC4,Z2766145216
CC=1N=NC=CC1C(=O)N[C@H]2CCC[C@H]2OC=3C=NNC3,Z2766162762
CCN1C=CN=C1C(=O)NC[C@H]2CC[C@H](O2)C3=NC=NN3,Z2766355130
COC(=O)C1CCC2=NN=C(COC=3C=C(C)C=CC3C(C)C)N2CC1,Z2768785606
C1=CN(N=C1CNC=2C=CC3=NN=C(C=4C=CN=CC4)N3N2)C5CCCC5,Z2770017327
CN1CCC2(CC1)CCN(CC2)C3=NN=C(CC=4C=CC=CC4)S3,Z2771445577
CC1CC(C1)N2N=NC=3CCN(CC32)C=4N=CN=C5CCCCCC45,Z2771517084
"CC1=CC(=NN1)OC=2C=CC(=CC2)NC(=O)[C@@H]3C[C@H]3C4CCOCC4 |&1:16,18,r|",Z2772662225
COC=1C=NC(C(=O)NCC(NC(=O)OC(C)(C)C)C2CC2)=C(F)C1,Z2773928379
CC1(C)CN(C(=O)OCC=2C=CC=CC2)C1C(=O)N3CCC(CO)C(O)C3,Z2775842655
"CSC1CCN(CC1)C(=O)NC[C@@H]2CCO[C@H]2C=3C=CC(F)=CC3 |&1:12,16,r|",Z2779343186
CC=1C=CC(=CC1)C(=O)NC2CCN(CC2)C(=O)C3(CCCCC3)N4C=NN=N4,Z2782371955
CN1CCN(CC1)C=2C=CN=C(C2)NC(=O)C=3C=CC=NC3C4CC4,Z2783584320
COC=1C=CC(=CC1)C2CCN(CC2)C3=NN=C(CC4=CC(C)=NN4)N3C,Z2784349819
O=C(N[C@H]1CCC[C@@H]1O)C=2C=CC(C=3C=CN=CC3)=C(F)C2,Z2784681965
CC1=C(C=2C=CC=CC2N1C)S(=O)(=O)NC3CC(C3)C(=O)O,Z2788315479
O=C(O)C1CC(C1)NS(=O)(=O)CCC=2C=CC=3OCCC3C2,Z2788316336
O=C(CN1C(=O)OC=2C=CC(F)=CC21)N3CCC(CC3)C(=O)N4CCCC4,Z2789133861
CC1=NN(CC=2C=CC=C3COCCC23)C(C)=C1C4CCCC(=O)N4,Z2789202492
"COC=1C=CC(=CC1CC=2C=CC=CC2)NC(=O)[C@H]3CC[C@H]3C(=O)O |&1:18,21,r|",Z2792783208
[Na+].COC=1C=CC(OC(C)C)=C(C1)NC(=O)C2C(C([O-])=O)C2(C)C,Z3824712761
O=C(O)C(C1CC1)N2CCN(CC2)S(=O)(=O)C3=CC=C(F)C(F)=C3F,Z2795225745
CCC=1C=C(NC(=O)C2=CC(C)=NN2C3CCOCC3)N(C)N1,Z2810713300
O=C(NC=1C=NC=2CCNCC2C1)C3CC=4C=CC(Cl)=CC43,Z2825686846
CNC(=O)CC(C)NCC=1N=NN(C1C2CC2)C=3C=CC=CC3,Z2829253530
CN1C=NN=C1C2CCN(C2)C(=O)C3COC4=CC=C(Cl)C=C4C3,Z2832179836
CC(C)C(=O)N1CCC(CC1)C2=NC(=NO2)C3CC(C)(C)OC3(C)C,Z2832192170
COC(=O)C1=CC(Cl)=CC(C)=C1NC(=O)C2CCCCO2,Z2832194548
"O=C(NC=1C=CN(N1)C2=NC=CS2)N3C[C@H](CO)[C@H](C3)C(F)(F)F |&1:15,18,r|",Z2837845653
"O=C(NC=1C=C(ON1)C2=CC=CC=C2F)[C@@H]3C[C@H]3C4CCOCC4 |&1:15,17,r|",Z2840911004
CC1=NOC=C1NC(=O)C2CCCN2C=3N=CN=C4SC=CC34,Z2843133919
CS(=O)(=O)C=1C=CC=C(C1)C2=CN(CCN3CCOCC3)N=N2,Z2846176610
CC=1C=CC=C(C1)OCC2=CN(CCC3CCOCC3)N=N2,Z2846194856
CC(C)(NS(C)(=O)=O)C1=CN(CCC=2C=CC(F)=C(F)C2)N=N1,Z2846693688
C1=C(CNCC=2C=CC=CC2)N=NN1CC3CC4(CO3)CCOCC4,Z2846985193
O=C1NCC2CN(CCN12)S(=O)(=O)C=3C=C(F)C=CC3O,Z2850535363
CC=1N=C(NCCN2C=NC=CC2=O)C=3C(=CSC3N1)CC(C)C,Z2851689476
CC=1N=C(O)C=2CN(CC2N1)C=3N=CN=C4CCN(C)CC34,Z2851923259
O=C(COC=1C=CC=NC1)NC2CC3(CCOCC3)OC4=CC=CC=C42,Z2852203134
CCCOC1=CC=CC2=C(C=CN=C12)N[C@H]3C[C@H](O)[C@H](O)C3,Z2861544301
CN1CC(C(=O)N2CCN(CC2)C(C)(C)CO)C(C1)C(F)(F)F,Z2863938216
CC1(CCC1)C2=NOC(CC3=CSC(=N3)C=4C=CC=NC4)=N2,Z2863938650
CC=1C=CC(=CC1)S(=O)(=O)N(C)CC2=NN=C3CCC(C)(C)CN23,Z2863954067
CC=1SC(=NC1C2=CN(CC3CCCN3)N=N2)C=4C=CC=5OCOC5C4,Z2864074618
O=C(NC=1C=NC2=CC=NN2C1)NC3CC4CCCCN4C3=O,Z2869890280
CC=1C=CC(=NC1C)C2=NOC(CN3CCCCS3(=O)=O)=N2,Z2879021501
CC(C)OC=1C=CC(=CC1)CC2=NC(CN3C=CN=N3)=NO2,Z2879159631
O=C(C=1C=C(NN1)C=2C=CC=3C=CC=CC3C2)N4CCC(C4)N5C=C(N=N5)C6CC6,Z2883526912
"O=C(NCCC1=CNC=2C=C(F)C=CC12)C3=CN(N=N3)[C@@H]4CC[C@H]4O |&1:20,23,r|",Z2891757146
CC=1C=C(N)C=2C=C(C=CC2N1)NC(=O)C=3C=CC(Cl)=CC3,Z2895293420
O=C(NC[C@@]1(C[C@H](O)C1)C=2C=CC=CC2)NC3=NN=C(S3)C4CC4,Z2898578702
CC1CCCCC1CC(=O)NCC2=NC=3C=NC=CC3S2,Z2900718745
CCCC(CCC)C(=O)NCC1=NN=C2CC(CCN12)C(F)(F)F,Z2900719425
O=C(CC1=CN=CS1)N2CCC3(CC2)CNCC4=CC=CC=C4O3,Z2900816090
CCC1CN(CC1N2CCOCC2)C(=O)C=3C=C(NN3)C4=CNC=5C=CC=CC45,Z2906278372
CC=1C=CC=C(C1C)C(NC(=O)CC2=NNC=3CCCCC23)C(=O)O,Z2911048515
O=C(NC=1C=NN(C1)C2CCCCO2)C=3C=CC(=CC3)N4C=NN=N4,Z2914588209
CN1N=C(N=C1CN2C=NC3=C(C=NN3C4CC4)C2=O)C5CC5,Z2918902421
O=C(NCC1=CNC(=O)C=2C=CC=CC12)N3CC4(CC=CC4)C3C=5C=CC=CC5,Z2925623537
"O=C(C1=CN=CN1)N2C[C@H]3COC[C@]3(C2)C=4C=CC=CC4 |&1:9,13,r|",Z2929032532
CC(C)(C)NC(=O)C1CCCN1C(=O)CC2=NNC(=O)C=3C=CC=CC23,Z2932579339
O=C(NC[C@H]1CCCC(=O)N1)C2=CC=CN2CC=3C=CC=CC3,Z2933113829
BrC=1C=CC=C2C1CCC2NCC3=NOC=4CCOCC34,Z2936884541
CC(C)CN1CC(CC1=O)C(=O)N2CCN3CCOCC3(CO)C2,Z2936896246
"CCN1C=C(C=N1)[C@@H]2OCCC[C@H]2NC(=O)OCCCF |&1:7,12,r|",Z2936910740
OCC1CCN(CC1)C=2C=CN=C(N2)C=3C=CC(Br)=CC3,Z2936914738
O=C(C1CC=2C=CC=CC2O1)N(CC=3C=CC=CN3)C4CCNCC4,Z2936916342
COC1=CC=CN2N=CC(C(=O)NCCCN3C=CN=C3C)=C12,Z2941714946
CCOC(=O)C1=CN=C(NC2C(=O)NCC2(CC)CC)S1,Z2941715074
CC1=CC(CCC(=O)N2CCC3=C(C=NN3C=4C=CC=CC4)C2)=NO1,Z2948567430
COCC1COCCN1C(=O)NC=2C=CN=C(C2)OC=3C=CC=CC3,Z2948859416
"CC=1C=CC(NC(=O)NC[C@@H]2C[C@H]2C(F)(F)F)=C(N1)N(C)C |&1:10,12,r|",Z2949837399
O=S1(=O)CCC2(C1)CCCN(CC3=CN=C(O3)C=4C=CC=CC4)C2,Z2950103272
CCC=1ON=C(C)C1CNC(=O)NC2=CN(C)N=C2C(F)(F)F,Z2950523565
CC(C)(NC(=O)CC1CC(=O)NC1=O)C=2C=CC=C(C2)C(F)(F)F,Z2952342795
COC=1C=CC(=CC1)N2C=C(N=N2)C(=O)NC(C)C3=CN(C)N=C3C,Z2952410829
O=C(CN1CCC=2NC=NC2C1C=3C=CC=CC3)N4CCNC4=O,Z2952445936
O=C(NCC1CCCC2(CCC2)O1)NC3=CC=4C=CC=CC4N=N3,Z2952458532
CCC=1C(=NNC1NC(=O)C2=CC=NN2C3CCC3)C=4C=CN=CC4,Z2952495714
"CC(=O)NC1=CC=C2N=C(NC(=O)[C@H]3OCCO[C@H]3C)SC2=C1 |&1:13,18,r|",Z2952542603
O=C(CC1CCCC1(F)F)NC=2C=CC=C(C2)C3=NC=CN3,Z2952601597
CCN1N=CC(C)=C1NC(=O)N2CCCS(=O)(=O)CC2C3CC3,Z2952733770
CC(C)C=1C=CC=C(C1)NC(=O)CN2CCC(CC2)C=3C=CN(C)N3,Z2953068127
"CS(=O)(=O)C=1C=CC(=NC1)NC(=O)N[C@@H]2CCO[C@H]2C3CC3 |&1:14,18,r|",Z2953078799
CN1CCN2N=C(C=C2C1)NC(=O)NCCC=3C=NNC3,Z2953184353
CC=1C=C2N=CC=C(NC(=O)N3CCC(C3)C4=CC=CO4)N2N1,Z2953601023
O=C(CN1CCN2C(=NC=C2C1)C(F)(F)F)NCC3CCC3,Z2953910074
CC(C)C1(COC1)C(=O)N2CCN(CC2)C=3C=CC4=NN=CN4N3,Z2954890083
CC[C@@H]1C(=O)NCCCN1CC(=O)NC=2C=CC=CC2C(F)(F)F,Z2955018171
CC[C@H]1C(=O)NCCCN1CC=2OC(=NC2C)C=3C=CC=CC3,Z2955034066
"CO[C@@H]1C[C@H]1C(=O)N2CCN(CC2)C3=NC=4C=CC=CC4O3 |&1:2,4,r|",Z2955047379
CO[C@H]1C[C@H](CNC(=O)NC2=C(NC=3C=CC=CC23)C=4C=CC=CC4)C1,Z2956088497
O=C(NC1=NOC=2CCCCC12)N3CCOC4(CCCOC4)C3,Z2956853563
O=C(CC=1C=CC=C(N1)C(F)(F)F)NC=2C=CC(=CC2)CCO,Z2956979808
CC(C)CC1=NC=C(S1)C(=O)N[C@@H]2C=3C=CC=CC3C[C@@H]2O,Z2957804935
CC1=NN2CC(CCC2=N1)C(=O)NCCC3=CC=4C=CC=CC4N3,Z2957841262
O=C(NC1CCC=2NC=NC2C1)C=3C=CC(=CC3F)OC(F)F,Z2957853956
COC=1C=CC(=CC1)N2C=C(N=N2)C(=O)N3CCOCC3CCO,Z2958088882
"CC1=CC(=NN1C2=CC=CC(Cl)=C2)NC(=O)[C@H]3OCCO[C@H]3C |&1:16,21,r|",Z2958290857
O=C(C=1C=C(OC1C2CC2)C3CC3)N4CCN5C(=NN=C5C4)C(F)F,Z2959206833
CC1=CC=C(O1)C=2C=CC(C)=C(C2)NC(=O)[C@@H]3CCOC3,Z2959242628
CC=1N=C2C=CC(=CN2N1)NC(=O)C3=CC(=NN3C)C4CC4,Z2959290709
CC=1C=CN=CC1N2CCN(CC2)C(=O)C3=CC=C(NC3=O)C(C)C,Z2959349902
CCCC1=CC(=CC(=O)N1)C(=O)N(C)[C@H]2CCO[C@@H]2C3=CC=CN=C3,Z2959598287
CN1C=C(NC(=O)C=2C=C(C=3C=CC(F)=CC3)N(C)N2)C(=N1)C4CC4,Z2959915469
CC=1C=C(C=CC1F)[C@@H](C)NC(=O)C=2C=C(N=CN2)C(F)F,Z2960087231
COC=1C=CC(Cl)=CC1C(O)CNC(=O)C=2C=CC=C3CCOC23,Z2960168961
"CC1(C)CN(C(=O)C=2C=C(C=CN2)C=3C=CC=CC3)[C@@H]4COC[C@H]4O1 |&1:19,23,r|",Z2960670256
CC=1C=CC=C2OC(=CC12)C(=O)N3CC=4C=NN(C)C4CC(C)(C)C3,Z2960996310
CC1=CC(C)=NN1CCCC(=O)N2CC=3C=NN(C)C3CC(C)(C)C2,Z2960996378
"O=C(N[C@@H]1CCO[C@H]1C=2C=CC(Cl)=C(F)C2)C=3C=C(O)C=CN3 |&1:3,7,r|",Z2961190631
CN1CCN2N=C(C=C2C1)NC(=O)C=3C=CC(=NC3)OC(F)F,Z2961357807
"CN1N=NN=C1C2CCN(CC2)C(=O)[C@@H]3C[C@H]3C=4C=CC(F)=CC4F |&1:14,16,r|",Z2961428050
"CCOC1=CC=C2C=CC=CC2=C1C(=O)N[C@@H]3CCOC[C@H]3O |&1:16,21,r|",Z2961463485
CC(C)(C)CC=1C=CC=CC1C(=O)NCC2=NN=C3C(=O)NC=CN23,Z2961631366
"CC(C)C=1OC=NC1C(=O)NC[C@H]2[C@H](C=3C=CC=CC3)C2(F)F |&1:12,13,r|",Z2962060970
O=C(NCC1CCC2(CCOCC2)O1)C3=COC(=N3)C=4C=CC=CC4,Z2962128718
CCCC1=CC(=CC(=O)N1)C(=O)NCC2CCC3(CCOCC3)O2,Z2962135238
COC=1C=CC(=CC1N2C=NN=N2)C(=O)NCC3(C)CCCCO3,Z2962140402
CC1(CC2=CC=CS2)CCCN1C(=O)CN3N=NC=4CCCCC43,Z2962689335
NS(=O)(=O)CC1CCN(C1)C(=O)C2=CC=3CCCCC3N2,Z2962713615
NS(=O)(=O)CC1CCN(C1)C(=O)C2=CC=C(O2)C=3C=CC=CC3,Z2962714739
COC=1C=CC(C(=O)N2CCC(CS(N)(=O)=O)C2)=C3C=CC=CC13,Z2962717451
O=C(C1CC=CCC1)N2CCC(CC2)S(=O)(=O)N3CCCCC3,Z2963133655
CC1=C(CC(=O)N2CCOCC2CC3CC3)N=NN1C=4C=CC=CC4,Z2963308873
CC1=NN(C(C)=C1C(=O)N2CCOCC2CC3CC3)C4CCOCC4,Z2963313698
O=C(CCC=1C=CC=CN1)NC2(COC2)C=3C=CC=CC3F,Z2963433286
"O=C(N[C@H]1C=2C=CC=CC2CC[C@H]1O)C3=CC(=O)NC(=N3)C4CC4 |&1:3,12,r|",Z2963474123
CCC1(CC)CNC(=O)C1NC(=O)CCOC=2C=CC=CC2F,Z2963476495
COCC1COCCN1C(=O)C=2C=CC(=C(C)C2)N3CCNC3=O,Z2963621673
CCN1N=C(C=CC1=O)C(=O)N[C@H]2C[C@](CO)(C2)C=3C=CC=CC3,Z2963665293
CCCCN1C=C(C(=O)NC2(CCOCC2)C=3N=CC=CN3)C(C)=N1,Z2963681018
C=C1CC(C)(C1)C(=O)N[C@H]2CCCCC[C@H]2NC(=O)C3(C)CC(=C)C3,Z2963889180
CC=1N=C2SC=CN2C1C(=O)NCC=3C=NN(C3)CC4CCC4,Z2963981277
"CN1C=C(C=N1)C=2C=CC(F)=C(C2)C(=O)NCC[C@H]3CCCC[C@H]3O |&1:18,23,r|",Z2964091917
COC=1C=CC=CC1C(C)(C)C(=O)N2C[C@H]3CS(=O)(=O)C[C@H]3C2,Z2964301176
CC=1C=CC(=CC1C)OCCC(=O)N2C[C@H]3CS(=O)(=O)C[C@H]3C2,Z2964302472
O=C(C1=CC(CC=2C=CC=CC2)=NN1)N3CCC(=O)N4CCCC34,Z2964505806
CCC=1N=C(C=CC1NC(=O)C=2C=CC=3NC(=O)CCC3C2)OC,Z2964561958
COC=1C=CC(=CC1)[C@@]2(C[C@H](O)C2)C(=O)N3CC(C3)N4CCCC4=O,Z2964847803
"CC(C)C=1C=C(C(=O)N2CCO[C@H]3COCC[C@H]32)N(C)N1 |&1:12,17,r|",Z2964866102
"O=C(CC=1C=CC=2CC(=O)NC2C1)N3CC[C@H]4CC[C@]43C5=CC=CN=C5 |&1:16,19,r|",Z2964915457
O=C(CC1CCCCC1)N2CCCS(=O)(=O)CC2C=3C=CC=CC3,Z2964967934
CC1=NN(CC=2C=CC(F)=CC2)C=3SC(=CC13)C(=O)NC4CC54CC(O)C5,Z2964997178
"CC=1C=C(C(=O)N[C@H]2CCC[C@H]2N3C=CN=C3)C4=NNC=C4C1 |&1:7,11,r|",Z2965021400
O=C(NC(CCO)C1CCCC1)C=2N=CC=CC2C=3C=CC=CN3,Z2965078795
"CO[C@@H]1CCOC[C@H]1NC(=O)C2=CC(Cl)=C3OCCCOC3=C2 |&1:2,7,r|",Z2965109512
CC(CC=1C=CC=NC1)NC(=O)C=2C=CN=C(N2)N3CCOCC3,Z2965400469
COC1=NN(C)C=C1CNC(=O)C2(CCOCC2)C=3C=CC=CC3,Z2965618478
O=C(NCCC1CCC(F)(F)CC1)C=2C=CC=C(C2)C3=CN=CO3,Z2965636420
"CN1C=NC(=C1)CNC(=O)[C@@H]2CN(C)C[C@H]2C=3C=CC=CC3 |&1:10,15,r|",Z2965659682
CN1C=C(C=N1)C2(CNC(=O)C=3C=C4OCCCN4N3)CCCO2,Z2965681271
COC=1C=CC(C)=CC1CC(=O)NCC2(CCCO2)C=3C=NN(C)C3,Z2965686559
CC1CN(CCN1C=2C=CC=CC2)C(=O)C=3C=CN=C(C3)N4C=CC=N4,Z2965710745
CCC=1N=C(O)C(=CC1C)C(=O)N2CCCC2C=3C=CC(=CN3)OC,Z2965734016
"O=C(NC1=CC=NN1C2CCC2)[C@@H]3C[C@H]3C=4C=CC=C(O)C4 |&1:12,14,r|",Z2965815481
CC(C)C1=NC=CN1CC(=O)N2CC=3N=CC=CC3N4CCC[C@H]4C2,Z2966050670
O=C(CC1CCOC1)NC=2C=CC(=O)N(C2)CC3=CC=CC(Cl)=C3,Z2966476012
COC=1C=CC=C2NC(=CC12)C(=O)NCC#CC3CCCCO3,Z2966507120
CN(C)C(=O)CN1CCN(CC1)C2=NN=C(CC=3C=CC=CC3)O2,Z2967630643
CCC1=CNC=2N=CN=C(C12)N3CCN(CC3)C4CCS(=O)(=O)C4,Z2967656323
CC=1N=C2C=CC=CN2C1CNC(=O)NCC3=NN=C4CCCN34,Z2967931528
CC1=NN(C(C)=C1CN2CCC(CC2)C(O)C3=NC=CN3C)C(C)C,Z2968658875
CC1(C)CCN(CC1C=2C=CC=CC2)C(=O)NCC=3C=CNN3,Z2968672209
CC=1C=CC=C2SC(=NC12)N3CCN(CCS(N)(=O)=O)CC3,Z2970037915
CC1CN(CC1N2CCOCC2)C=3C=C(N=CN3)C(F)F,Z2970271765
CN1C=NN=C1C2CCCN2C=3C=CC=C(N3)N4C=NC5=CC=CC=C54,Z2970865290
CN1C=NN=C1C2CCCN2C=3C=CC(=NN3)C=4C(F)=CC=CC4F,Z2970865447
NC(=O)CC1(O)CCCN(C1)C=2C=CC=3C=C(Cl)C=NC3N2,Z2972931424
C1=CN(C=N1)C=2C=C(N=CN2)NCC34COCCN4CCOC3,Z2973759046
OC[C@H]1CN2CCC[C@H]2CN1C=3C=C(N=C(N3)C4CC4)C5CC5,Z2974149722
BrC=1C=NC(=NC1)C2CCCN2C=3N=CN=C4NN=CC34,Z2974962793
COCC1(C)CN(C1)C(=O)NC2CC3(C2)COC(C)(C)C3,Z2978821949
CNC(=O)NCC1=CN(N=N1)[C@H](C)C=2C=CC(=C(F)C2)N3C=CC=N3,Z2982746588
CC=1C=C(F)C=CC1[C@H](C)N2C=C(N=N2)C(C)(O)CC=3C=CC=CC3,Z2982761637
CC1=NOC=C1N2C(=O)C3CC=4C=CC=CC4CN3C2=O,Z2983929072
CC1=NN(C)C(C)=C1C(=O)N2CCC(CCC(=O)O)CC2,Z963574070
CN1CCN(CC1=O)S(=O)(=O)C=2C=CC(=CC2Br)C(=O)O,Z1238861437
Cl.CC=1C=CC(Br)=CC1C(=O)NC2=NC=3CC[C@H](N)CC3S2,Z2148585205
CC=1C=CC(=C(C1)C(=O)NC2CCCOCC2)S(N)(=O)=O,Z1604922959
CCNC=1N=CC(=CC1Cl)S(=O)(=O)NCC2=NN=CN2CC,Z1970325726
COC=1C(=CC=CC1[N+]([O-])=O)C(=O)NC2CCCCC2CO,Z1952492461
CC=1C=CC=C(C(=O)NC=2C=CC(=CC2)CC(=O)N(C)C)C1F,Z1419374030
O=C(O)C1=NN(CC(=O)N2CCCCCC2)C(=O)C=3C=CC=CC13,Z19629962
O=C(NCC1CCCN(C1)C2=CC=C3C=CC=CC3=N2)C4CCCN4,Z1526664849
CC1=NOC(=N1)C2CCN(CC2)C(=O)CC3=NN(C)C(=O)C=4C=CC=CC34,Z804672186
CC1=NOC(=N1)C2CCN(CC2)C(=O)C=3C=CC=4NC(=O)NC4C3,Z806558214
CC1=CSC(=N1)C2=CC=CC(=C2)S(=O)(=O)N3CCCC3CO,Z2000780009
"O=C(O)[C@H]1CC[C@H](C1)C(=O)NC2CCSC=3C=CC(Cl)=CC32 |&1:3,6,r|",Z1955862289
CC=1C(=O)C=2C=CC=C(C(=O)NC(C)C=3C=CC=4NC(=O)CC4C3)C2OC1C=5C=CC=CC5,Z510547088
CN(C)C(=O)NCCNC(=O)C=1C=C(Br)C=C2N=NNC12,Z2003499694
O=C(NC=1C=CC(=CC1)OC2CCCCC2O)C=3C=CC=4OCCCOC4C3,Z1229980625
CCC=1C=CC(=CC1)CN2C(=O)NC=3C=C(OC)C(=CC3C2=O)OC,Z1503796914
CC1=CC(C)=NN1CC2=NN=C(N2C)N3CC(C)(C)OC(C)(C)C3,Z2008662511
CC=1C=CC=CC1CC2=NN=C(N2C)N3CCN4C(=O)NCC4C3,Z2008698478
CN1N=CC=2C(=NC=NC21)N3CCC(CC3)OCC=4C=CC(F)=CC4,Z1564114253
O=C(OCC1=NC(CC=2C=CC(F)=CC2)=NO1)C(C3CC3)C4CC4,Z1506129474
NS(=O)(=O)C=1C=CC(=CC1)C2=NOC(=N2)C(F)(F)C=3C=CC=CC3,Z2011579277
CCN(CC)CCNC(=O)C=1C=C(C=CC1Cl)NC(=O)C=2C=C(O)N=C3C=CC=CC23,Z1506444783
CN1C=C(C=N1)C2CN(CCO2)C(=O)C=3C=CC4=C(C3)N=CN4C,Z1507099395
CC=1C=C(C2=NC(=NO2)C=3C=CC=4OCCC4C3)C=5C=NN(C5N1)C(C)C,Z1507606472
CC(SC1=NN=C(N)S1)C(=O)NC=2C=CC(=CC2)C(N)=O,Z18452383
CC1=NN(C)C=2N=CC(=CC12)C(=O)N3CCCC3C4=CC=CC(F)=C4,Z739595394
CC=1C=CC=CC1N2N=CC(C(=O)NS(=O)(=O)C=3C=CC=CC3)=C2C(F)(F)F,Z610935124
CN1N=CC=C1C2CCCN(C2)C(=O)CC=3C=CC=4NC(=O)NC4C3,Z2013226943
CCC=1C=CC=C(C)C1NS(=O)(=O)C2=CN(C=N2)C(C)C,Z1509810847
NC(=O)C=1C=CC(=CC1)NC(=O)NCCN2CCC=3SC=CC3C2,Z807174714
O=C(NCC=1C=CC(=NC1)N2C=CN=C2)NC3COC=4C=CC=CC43,Z940836918
CCN1C(=O)N(CC(=O)NCC=2C=CC(=NC2)N3C=CN=C3)C=4C=CC=CC41,Z295543210
NC(=O)C=1C=CC(=CC1)NC(=O)C2=NC=CN3C=CN=C23,Z1269526653
COC=1C=C(C=CC1F)N2CCN(CC2)C=3N=CN=C4CCCCC34,Z2017118507
CC(=O)N1C=2C=CC=CC2C[C@H]1C(=O)NCC=3C=CN=C(C3)N4CCOCC4,Z1022022870
CC=1C=CC=CC1C(OCC(O)CNC2CCC(=O)NC32CCC3)C=4C=CC=CC4,Z2019072048
CNC(=O)C=1C=C(C=CC1NC(=O)C=2C=CC(=CC2)CN3C(=O)CCC3=O)OC,Z1022467072
NC(=O)C=1C=CC=C(C1)C(=O)NC2=NC=CN2CC=3C=CC=CC3,Z757398482
NC(=O)NC(=O)C=1C=CC=C(C1)NC(=O)C2CC=3C=CC=CC3C(=O)O2,Z2021035964
CCOC=1C=CC=CC1C(=O)NC=2N=CN(CC(=O)N3CCCCCC3)N2,Z1029950498
CC=1C=C2C=CNC2=CC1NC(=O)C3=COC(=N3)C4CCOCC4,Z1886058204
C[C@@H](NC(=O)NC1=NC=2CCCCCC2S1)C3=NN=C4CCCCCN34,Z1034482636
CC=1N=C(SC1C)N2CCN(CC2)C(=O)CC3=CC=CC(O)=C3,Z1512471863
CN(C(=O)N1CCCNC(=O)C1CC=2C=CC=CC2)C=3C=CC(F)=CC3,Z2218659749
O=C(CN1CCCS1(=O)=O)NCC2CC=3C=CC=CC3O2,Z451149620
CCN(CC)C(=O)CSC1=NN=C(N1)C=2C=C(Cl)C=CC2OC,Z24955667
CC(C)C1=NN=C(NC(=O)C=2N=C(N=CC2Cl)N3CCCC3)N1,Z968817098
CC1=NOC(C)=C1COC=2C=CC=CC2C(=O)NCC3(CCOCC3)C(N)=O,Z647919302
CC=1C=NN(C1)CC2=CC(=NO2)C(=O)NC=3C=CC=C(C3)C4=NN=CN4,Z1517626930
COC=1C=CC=CC1N2CCC(C2)NC(=O)C=3C=C(C=CC3F)S(C)(=O)=O,Z1404491788
CC(C)CN1CCOC(CNC(=O)N2CCN(CC2)C3=CC=CC=N3)C1,Z448876940
CN(CC1=CSC=N1)C(=O)NCC=2C=CC(=NC2)N3C=CN=C3,Z827690976
CC(C)N(CC1=NC=2C=CC=CC2C(=O)N1)C(=O)CC=3C=CC=C(C3)C(F)(F)F,Z28463773
CCOC=1C=CC(=CC1)CCC2CCN(CCN3C=NC=N3)CC2,Z1051128464
CC1=CC=C2N=CN=C(NC3CCN(CC3)C(=O)C4=CC=CO4)C2=C1,Z728988432
O=C(NC1CCCN(C1)C=2N=CC=CN2)C3=CNN=C3C=4C=CC(F)=CC4,Z728456646
O=C(O)C1CC(=O)N(C1)C=2C=CC(=CC2)C=3C=CC=C(C3)C(F)(F)F,Z729605850
O=C1C(Cl)=C(C=NN1CC=2C=CC=CC2)N3CCC4=CC=CC=C4C3,Z31194630
COC=1C=CC(=CC1)N2CCN(CC2)C(=O)CN3CCC(CC3)C4=NC(C)=NO4,Z730771216
CCC=1N=C(NCC2=NC(=NO2)C=3C=CN=CC3)C=4C=CSC4N1,Z1526801785
CN(CC(=O)NC=1C=NN(C1)CC2CCCO2)C(=O)C3=CC=CS3,Z748569740
CC(NC(=O)C(=O)NC1CCCC2=C1C=NN2C)C3=CC=CC(=C3)NC(=O)C=4C=CC=CC4,Z2035169614
CC1=CC=CC(C)=C1NS(=O)(=O)C=2C=CC(=CC2)NS(=O)(=O)C3=CC=NN3C,Z1067877288
CC=1OC=CC1C(=O)NC2CCN(CC2)C(=O)CCC3=CC=CC=N3,Z1067535226
CC(C)(C)N1N=C(C=C1C2CC2)C(=O)NC3=NC=4C=CC(=CC4S3)S(C)(=O)=O,Z734635120
CC1=CC(C(=O)NC2CCN(CC2)C(=O)C=3C=CC(=CC3)NC(N)=O)=C(C)O1,Z1069853408
CC1=CC=C(C2=NC(=CS2)C(=O)N3CCCN(CC=4C=NN(C)C4)CC3)N1C,Z1528146511
O=C(NCCN1CCOCC1)N2CCC=3C=4C=CC=CC4NC3C2,Z1528245090
CCC(C)(C)NC(=O)C=1C=CC(=CC1)NC(=O)CC2OC(=O)C3=CC=CC=C32,Z738510564
COCCN1C=C(C=CC1=O)C(=O)NC=2C=C(C=CC2C)C(=O)NC3CC3,Z737191664
CN1C=C(C=N1)C=2C=CC=CC2CNC(=O)N[C@H]3C4=CC=CC=C4C[C@H]3O,Z1529518002
O=C(CC1CCS(=O)(=O)C1)N2CCCC2CCC=3C=CC=CC3,Z737555398
CC(C)OCC=1C=CC(=CC1)C(=O)NC=2C=CC=3CCNC(=O)C3C2,Z1222666916
CC=1C=CC=C(C1)NS(=O)(=O)C=2C=CC=C(C2)C(=O)NC3=CC=C4CCNC(=O)C4=C3,Z1223490636
CC1=CC(C)=NN1CC(=O)NC2=CC=C3CCNC(=O)C3=C2,Z1222667623
OC1(CNCC2=CN(CC=3C=CC=CC3)N=C2C=4C=CC=NC4)CCCCC1,Z992049826
O=C(NCC=1C=CC(=CC1)CN2C=CC=N2)C(=O)N(CCCO)C3CCC=4C=CC=CC43,Z2039186975
O=C(NC1=NC=2CCCC2S1)C3CC(=O)N(C3)C4=CC=CC=C4F,Z109956382
CO[C@@H](C)C1=NC(=NO1)C=2C=CC=C(C2)S(=O)(=O)NC(C)C,Z2221894636
CC1=NN(C)C=2SC(=CC12)C(=O)NCC=3C=CC=NC3N4C=CN=C4,Z403664254
CCCOC=1C=CC=C(C1)C(=O)NC(C2=CC=CC=C2OC)C=3C=CC=CN3,Z1533941876
CC(CNC(=O)C=1C=C(N=C2C=CC=CC12)C=3C=CC=CN3)N(C)C4CC4,Z1082102120
NC(=O)C1=NNC=2C=CC(=CC12)NC(=O)C=3N=CC=C4C=CC=CC34,Z1535735758
O=C(NC=1C=CC=2NN=CC2C1)C3CCN(CC3)C=4C=NC=CN4,Z354909472
NS(=O)(=O)C1CCCN(C1)C(=O)CC2=CC=C3CCCCC3=C2,Z1250649968
CC(C)N1CCN(CC1)C2CCN(CC2)C(=O)C=3C=CN(N3)C=4C=CC(F)=CC4,Z1535682358
CN1CCN(CC=2C=CC=CC21)C(=O)NC=3C=CC(=NC3)N4CCCCC4,Z1088315358
O=C(NC=1C=C(Cl)C=CC1OCC2CCC2)C3CC43CCS(=O)(=O)CC4,Z1817994014
CCOC=1C=CC=C(C1)NC(=O)CN2C=NC(=N2)C=3C=CC=CC3,Z1537472243
CC(CN1CCN(C)CC1)NC(=O)NC2CCCN(C2=O)C3=CC=CC=C3F,Z1538033034
C=CCSC=1C=CC=CC1NC(=O)C(=O)N2CCN(CC2)C(=O)C=3C=CC(F)=CC3,Z755168992
CC(C)(C)C=1C=CC(=CC1)C(=O)N2CSCC2C(=O)NC=3C=CN=CC3,Z1090902300
CC=1SC(=O)N(CC(=O)NC=2C=NN(C2)CC(=O)NC3CC3)C1C=4C=CC(F)=CC4,Z757845652
CC=1N=C(OC1C(=O)N2CCN(CC2)C=3C=C(C)C=CN3)C(C)C,Z2206694607
COC=1C=CC(=CC1)NC(=O)C2CCCN2C(=O)CCC3=CC=CO3,Z765711594
CCN(CC=1C=CC=CC1Cl)C(=O)C=2C=CC=CC2OCC(=O)N(C)C,Z345622890
CC=1C=CC(=CC1Cl)C(=O)NCCC=2C=CN(N2)C=3C=CC=CC3,Z1101774765
CC1CC=2C=CC=CC2N1CC=3C=COC3C(=O)NC=4C=CN=CC4,Z1102089425
O=C(COC(=O)CN1C=NC=2SC(=CC2C1=O)C=3C=CC=CC3)NC=4C=CC=CC4,Z66741142
O=C(NC=1C=NN(C1)CC=2C=CC=CC2)C3CC=4C=CC=CC4O3,Z774499108
CN(C[C@@H]1OCCN(C)[C@H]1C=2C=CC=CC2)C3=NC4=C(C=NN4C)C(=O)N3,Z2053580912
O=C(CN1CCCCC1=O)NC2CCN(CC2)C(=O)C=3C=COC3,Z403116770
COC1=CC(=CC(=C1)C(=O)N(C)CC=2C=CC=C(C)C2)OC,Z338970082
CN1C=CC=2C(=CC=CC21)C(=O)NCC3CSCCN3C(=O)C4=CC=CC5=C4C=CN5C,Z2223914116
CC=1C=CC(Br)=C(C1)S(=O)(=O)N2CCC(CC2)C=3C=NN(C)C3,Z1552266589
CS(=O)(=O)NC=1C=CC(=CC1)CNC=2N=CC(=CC2Cl)C(=O)N3CCCCC3,Z785191346
O=C(CCC=1C=CC=NC1)N2CCN(CC2)C=3C=CC=C(Cl)C3,Z88297914
COC=1C=CC(=CC1)C2=NOC(CCC(=O)N3CCOCC3C4=NC(C)=NO4)=N2,Z1663145021
O=C(CN1CCCN(CC1)C(=O)C=2C=CC=CC2)NCC3CCCO3,Z327145838
COC=1C=CC=C(CNC(=O)C2=CC=CN(CC=3C=CC=CC3)C2=O)N1,Z963738242
CCN1C=C(C=N1)[C@H]2OCCC[C@@H]2NC(=O)NC=3C=CC(=NN3)OC,Z2058520659
CN(CC1COC=2C=CC=CC2O1)C(=O)C=3C=C(C=CN3)N4CCOCC4,Z90886947
CC=1C=CC=CC1C2(F)CCN(C2)C(=O)C3CCC=4NN=NC4C3,Z2059066776
CC=1C=NN(C1)CCC(=O)N2CCCN(CC2)C(=O)C=3C=CC(Cl)=CC3,Z809506912
CC1CC(O)CN1C(=O)NC2=CC=C3C=CN(C)C(=O)C3=C2,Z2059871020
CC=1NC=2C=CC=CC2C1C3=CCN(CC3)C(=O)NC4=CC(C)=C5C=NNC5=C4,Z1557588975
CCC=1C=C(NN1)C(=O)N2CCC(COC=3C=CC=CC3)CC2,Z809263786
CO[C@H]1C[C@@H](CN2CCCC2)N(C1)C=3N=CN=C4C=CC=CC34,Z2062307710
CC=1C=C(C=CC1F)C2=NOC(=N2)C(C)N3CCC(C)C(C3)N4C=CN=C4,Z1559458490
CN1C(=O)NC2(CCN(CC=3C=C(ON3)C=4C=CC=CC4)CC2)C1=O,Z2062987679
CN1CCCC(NC(=O)C=2C=CC=C(C2)C3=NC=NN3)C1=O,Z1559843718
CC(=O)NC=1C=CC(=CC1)CCNC(=O)C2CCC(=O)NC2,Z1118875552
CCC=1NC=CC1C(=O)NC=2C=CC(=CC2)N3C=CN=C3,Z2066563228
CCC=1C=CC(=CC1)C(O)CNC=2N=CN=C3NN=CC23,Z2066144016
COC=1C=CC(=CC1OC)CCNC(=O)CN2C(=O)OC3=CC(Cl)=CC=C32,Z98997131
CC(C)N1N=CC=2C=C(C=NC21)NS(=O)(=O)C=3C=NC=C(Cl)C3,Z1563084325
CN1N=C(CC(=O)NC2=NC=C(S2)C=3C=CC=CC3)C=4C=CC=CC4C1=O,Z373990738
O=C(NC1CC1)C2CCCN2C(=O)C=3N=CN(N3)C=4C=CC=CC4,Z1563646209
CN(C=1C=CC=CC1C(=O)NC=2C=CC(=CC2)C3=NC=4C=CC=CC4N3)S(C)(=O)=O,Z240173286
CCC(=O)N1CCCC(C1)C(=O)NC2=NC(=CO2)C=3C=CC=CC3,Z2225728349
CC=1NC2=NC=NN2C(=O)C1CCC(=O)N(CC=3C=CC=CC3)CC=4C=CC(F)=CC4,Z919964006
CC1=NN=NN1C=2C=CC=C(C2)NC(=O)C=3C=CC(=NC3)N4C=NC=5C=CC=CC54,Z1565659652
CN(C=1C=CC=CC1)C=2C=CC(=CN2)C(=O)N3CCC(CC3)NC(=O)C=4C=CSC4,Z812881374
CC=1C=C(C=CC1NC(=O)N2CCC=3NC=4C(Cl)=CC(Cl)=CC4C3C2)C(N)=O,Z813469362
CC1(CNC=2C=CC(=CC2)CC3=NN=C4CCCN34)COC1,Z2070568580
COC=1C=CC(Cl)=CC1CC(=O)N2CCC(CC2)C3=NN=C4C=CC=CN34,Z109552878
CS(=O)(=O)C=1C=CC=C(C1)NC(=O)NCC2CCN(C2)C=3C=CC(F)=CC3,Z819961722
CN1CCC(NC(=O)C2=CC3=CC=C(C=C3N2)C(F)(F)F)C1=O,Z1570867629
O=C(NCCN1CCOCC1)C=2C=CC(=CC2F)C3=CC=CS3,Z382926484
CN(C(=O)C=1C=CN=C(C1)NC(=O)C2CC2)C=3C=CC(=NC3)N4CCOCC4,Z2073947560
CC(C)C(=O)NC(CC1=CNC=2C=CC=CC12)C(=O)NC3=CC=CC(=C3)OC=4C=CC(C#N)=CC4,Z1129114131
O=C1NCC2CN(CC3=CC=C(O3)C=4C=CC=C(Cl)C4Cl)CCN12,Z1572208883
COC=1C=CN=C(C1)N2CCN(CC(=O)N3CCN(CC3)C4=CN=CC=N4)CC2,Z1130183574
O=C(NCCC1=NN=C(O1)C=2C=CC=CC2)C=3N=CN=CC3Cl,Z1383117497
COC=1C=CC(F)=CC1C(=O)NC2=CNN=C2C3=NC=CS3,Z2075827269
NC=1N=CC=C(N1)C2CCCN(C2)C(=O)C3=COC(=N3)C4CCCCC4,Z2075876769
CNC(=O)C=1C=CC(OC)=C(C1)NCC=2C=CC=C(C2)OC,Z739572044
COC=1C=CC(=CC1)C(CN2CCCC2)NC(=O)CN3C(=O)C=NC4=CC=CC=C43,Z1574611762
COC=1C=CN=C(C1)N2CCN(CC2)C(C)C(=O)NCC3CCCO3,Z1132032581
CN(C)C1CCC2C(C1)OCCN2C(=O)C=3C=CC(=CN3)C4=CN=CC=N4,Z1575920110
CCCCN(C(=O)C=1N=CC=CC1C(F)(F)F)C2CCS(=O)(=O)C2,Z1575553316
CN1C=NN(C1=O)C=2C=CC(=CC2)NCC=3C=CC(F)=C(Cl)C3,Z1575841899
FC=1C=CC(=CC1)CC2(CNCC3=CNN=C3C=4C=CC=NC4)CC2,Z1575838550
CC1=CC(=CC(=C1)C(=O)NC(CO)CC2=CNC3=CC=CC=C23)[N+]([O-])=O,Z1576446395
CCOC=1N=CC=CC1C(=O)NC=2C=C(C=CC2O)S(=O)(=O)NC=3C=CC=C(Cl)C3,Z296740734
CCN1C=C(C=N1)CNC(=O)C2=CC(=NN2)C=3C=CC=C(C3)OC,Z1439484824
CC=1C=CC=C(N1)C2=NNC(=N2)NC(=O)CC=3C=CC=C(C3)OCC=4C=CC=NC4,Z6395297059
COC=1C=CC(=CC1)N2C(=O)C=3C=CC=CC3N=C2SCC4=CC(C)=NO4,Z154533920
COC=1C=CC=CC1CC(=O)N2CCC(CC2)NC(=O)C3=CN=C4NN=NC4=C3,Z1578655185
COCCN1N=C(C)C(NC(=O)N[C@H]2C=3C=CC=CC3C[C@H]2O)=C1C,Z1580859007
CC=1C=CC=C2C(=NC=NC12)N3CCCC(C3)C=4C=C(NN4)C(N)=O,Z1583404247
CN(CC1CC1)S(=O)(=O)NC2=CC=C(F)C=C2OCC(F)F,Z1583420160
CCOC1(C)CCN(CC1)C(=O)N(C)CC=2C=CC=CC2,Z2200805371
CCCC=1C=C(NN1)C(=O)NC=2C=CC=3OC(=O)N(CC(=O)N4CCCCC4)C3C2,Z853799680
CCCC(=O)N1CCCC1C(=O)N2CCCN(CC2)C3=NC=CS3,Z853631888
CC=1C=CC(=CC1C)C2=NN(C=C2C(=O)NC=3C=CC(F)=C(C3)C(N)=O)CCC#N,Z855052640
CCC1=NN(C)C=C1NC(=O)C=2C=CC(=NC2C)C3=CC=CO3,Z1585080726
O=C(CCCC=1C=CC=2NC(=O)NC2C1)NC=3C=CC(=CC3)C(=O)NC=4C=CC=NC4,Z1144525004
CC(NS(=O)(=O)C=1C=NN(C)C1)C2=NC(=CS2)C(C)(C)C,Z1145207658
CC=1C=C(C)C(NC(=O)C=2C=CC(=NC2)N(C)C)=C(C)N1,Z363596588
CN1C=CC(=N1)NC(=O)NCC=2C=CC(=C(F)C2)N3C=CN=C3,Z1147363994
CC(C)OC=1C=CC(=CC1C(=O)NCCN2CCN(CC2)C=3N=CC=CN3)S(C)(=O)=O,Z1588735277
CC=1C=C(C)C=C(C1)OCC(=O)N2CCN(CC2)C(=O)C3=CC(F)=CC=C3F,Z872158916
O=C(NCCC=1C=NC=CN1)C2CCCN2C(=O)C=3C=CC=CC3,Z1589151198
O=C(CC1=NNC=2C=CC=CC12)N3CCC=4C=C(Cl)C=CC43,Z2089162484
O=C(CCSC1=NN=C(C=2C=CC=NC2)N1C3CC3)NCCC=4C=CC=CC4,Z875212254
COC=1C=CC=C(C1)C(=O)NCCNC(=O)C2COC=3C=CC=CC3C2,Z288814722
CC1=NOC=2N=C(C)C=C(C(=O)N3CCC(CC3)N4C(=O)NC5=CC=CC=C54)C12,Z219860648
CN1C=C(C(=O)NC=2C=CC(=CC2)C3=NN=CN3)C(=N1)C4CC4,Z2190437316
CC=1C(Cl)=CC=C2C=CC(=NC12)N3CCCC(C3)C4=CC=NN4,Z1592908299
O=C(C1CCCO1)N2CCN(CC2)C=3C=CC4=CC=C(Cl)C(Cl)=C4N3,Z1592879761
CN(C)C(=O)C=1C=CC(=NC1)NCC=2C=CC(=C(F)C2)N3C=CN=C3,Z1188095295
CC=1C=CC=C(C(=O)O)C1NC(=O)C=2C=CC=3C(=O)N(C)C(=O)C3C2,Z224183776
COC(=O)C1=CC(=CN1)C2=CSC(=N2)NC(=O)C=3C=CC(=CC3)OC,Z284458848
CCC(C)(C)C1CCC=2C(C#N)=C(NC(=O)CSC3=NN=C(C)N3)SC2C1,Z226765274
FC(F)OC=1C=C(C=CN1)CNC2=NN=C(S2)C=3C=CON3,Z2093457994
CN1N=CC=C1C2=CCN(CC2)C=3C=CC(=NN3)C(=O)NC4CCCC4,Z2094199630
CCC(C)N1N=C(C=C1C)NC(=O)NCC2=NC(C)=C(C)S2,Z1595807179
COC=1C=CC=2NC(=CC2C1)C(=O)NC(C)C=3C(F)=CN=CC3F,Z2094632121
O=C1NC(=NC=2C=C(SC12)C=3C=CC(F)=CC3)C=4C=CC=5OCCOC5C4,Z1166419131
CC1(NC(=O)N(CC(=O)NCC2=NC=3C=CC=CC3S2)C1=O)C=4C=CC(F)=CC4,Z239059404
O=C(NCC=1C=C(Cl)C=CN1)C2CCN(C2=O)C=3C=CC(F)=CC3,Z1600404114
O=C(NC1CCOC=2C=CC(F)=CC21)C=3C=CC=4C(=O)OC(CC4C3)C=5C=CC=CC5,Z1167318249
CCC(C)NC(=O)C1CSCN1C(=O)C=2C=CC=3C(=O)N(C(C)C)S(=O)(=O)C3C2,Z972264590
CCC1=CC(=O)NC(=N1)C=2C=CC(=NC2)N3CCN(CC3)C(=O)C4CCCO4,Z1168163511
O=C(NCCC1=CNC=2C=C(Cl)C=CC12)C=3C=CC(=CC3)NC4=NS(=O)(=O)C=5C=CC=CC45,Z914145556
COC=1C=C(Cl)C=CC1S(=O)(=O)NC(C)C2=NC=3C=CC=CC3N2C(F)F,Z246797334
CCC=1C=CC(=CC1)C(CO)NC(=O)C(=O)NC=2C=C(C)N(N2)C=3C=CC=C(F)C3,Z1602562833
O=C(CN1C=CC(=N1)C(F)(F)F)NS(=O)(=O)C2=CC=CC3=CN=CC=C23,Z1169594243
O=C(NC=1C=CC(=CC1)CN2C=CC=N2)C3=CNN=C3C4=CC=CN=C4,Z1170263644
CCN(CCC(=O)O)C(=O)C=1C=CC(=CC1)N2C=NN=C2,Z1603320804
CN1CCCCC1C(=O)NCCNC=2N=CC(Cl)=CC2Cl,Z1171691249
C1=CN(C=N1)CCOC=2C=CC=C(C2)CNC3=CC=CC4=CC=CC=C34,Z1462348159
CNC(=O)C1CCCN(C1)C(=O)C=2C=CC(=CC2)N3C=CN=C3,Z1175486456
CC1=NNC=2N=C(C)C=C(C(=O)N3CCC(O)(C3)C=4C=CC(F)=CC4)C12,Z1610716484
CN(C(=O)CSCC1=NC=2SC=3CCCC3C2C(=O)N1)C4CN5CCC4CC5,Z1175799331
CC=1N=C(CN2CCC(CNC(=O)C=3NN=C4CCCCC34)CC2)OC1C,Z1176082242
CC(CC=1C=CC=CC1C(F)(F)F)N(C)C(=O)NC=2C=CC(F)=CC2,Z2105236918
O=C(NC=1C=CC(=CC1)N2CCCC2=O)C=3C=CC(=CC3)C4=NOC(=O)N4,Z1177482261
CC=1C=C(N=CN1)N2CCCC(C2)C3=NNC(=N3)C=4C=CC=CC4,Z1614095363
COC=1C=C(C=CC1OCC(F)(F)F)CCC(=O)N2CCC(CC2)C3=CC(C)=NN3,Z1613886361
CC=1C=CC=CC1C(=O)NC(C(=O)N2CC(=O)N(C)C2)C(C)C,Z1613941987
COC=1C=CC(=CC1OC)NC(=O)N2CCN3C(=NN=C3C2)C(C)C,Z1180091850
C#CCCC(=O)NC1=NC(=CS1)C=2C=CC(=CC2)NS(C)(=O)=O,Z1873482358
CC=1C=CC=2C=CC=NC2C1S(=O)(=O)NC=3C=CC=C(C3)CC(=O)O,Z1614871975
CN1C(=NC=2C(F)=CC=CC21)N3CCC(CC3)C(=O)NCC=4C=CC(F)=CC4,Z1983369916
N#CC=1C(F)=CC=CC1N2C=CC(=N2)NC(=O)NCC3=NN=C(O3)C4CC4,Z2109211520
CCC1=NC(CN2CCCC(C2)NC(=O)C=3C=C(ON3)C4=CC=CN=C4)=NO1,Z1182584334
CCC=1C=C(C=CC1C)NC(=O)N2CCN(CC(C)C)CC2,Z1616455806
CC(C)(CNC(=O)C=1C=CN=C2C=CN=CC12)N3CCC4=CC=CC=C4C3,Z1737136835
O=C(CN1N=CN2N=CC=C2C1=O)N3CC4CCCN4CC=5C=CC=CC53,Z1185014167
COC=1C=C(C=CN1)NC(=O)N(C)CC2=NC=3C=CSC3C(=O)N2,Z2112953193
CC1=CC(=NO1)C2CCCN2C(=O)CN3C=NC=4C5=CC=CC=C5OC4C3=O,Z316827572
CN(CC(=O)NC1CCS(=O)(=O)C1)CC2=CN(C)N=C2C=3C=CC(C#N)=CC3,Z1620206816
CC=1C=CC(=CC1)CC(=O)N2CCN(CC2)C(=O)CC3=CN=CN3C,Z1738916259
CC=1C=C(N=CN1)N2CCN(CC2)C=3N=CC=CC3C(N)=O,Z1188108908
O=C(NCCN1C=CN=C1)N2CCCC2C3=CC=C(F)C(F)=C3,Z1189873270
CC(NC(=O)C1CCCCN1C(=O)C=2C=CC=CC2)C3=CC=CN=C3,Z1190732041
CCN1CCOC(C1)C(=O)N2CCC(CC=3C=CC(F)=CC3)C2,Z1315245784
C=1C=CC(=CC1)CC=2N=CC=C(N2)N3CCN(CC3)C=4C=CC=CC4,Z1623890695
COC=1C=CC(OC)=C(C1)C2CCCN2C(=O)CCC3=NC(=NO3)C4=NN=CN4,Z968676590
CC=1C=CC(C2=NN=C(O2)SCCCN3C=CN=C3)=C(C)C1,Z1624968433
CC(C(C)S(C)(=O)=O)N(C)C(=O)C1CCN(C1=O)C=2C=CC(F)=CC2,Z1193055325
COC=1C=CC=2OC(C(=O)NC=3C=NC=CC3OC=4C=CC=CC4)=C(C)C2C1,Z970759394
CC1=NN(C)C(C)=C1CNC2=CC=C(C)C(=C2)S(C)(=O)=O,Z1626083595
CCN1CC[C@H]2OCCN(C(=O)C3=NNC=4C=CC=CC34)[C@H]2C1,Z2231559962
CCN1CC[C@H]2OCCN(C(=O)C=3C=C(C)C=CC3N4CCCC4)[C@H]2C1,Z2231563406
CCC=1C=C(N=CN1)N2CCCC(C2)NC(=O)[C@H](OC)C=3C=CC=CC3,Z1627677339
O=C(NC=1C=NN(C1)CC=2C=CN=CC2)C3=CN(N=N3)C=4C=CC=CC4,Z981382052
O=C(CCC1=NC(=NO1)C=2C=CC=C(Cl)C2)N3CCOCC3,Z1197682125
CC(C)(C)C(O)CNC(=O)NCC=1C=CN=C(C1)OC(F)F,Z2122118151
CC=1N=C2C(C(=O)NN2C)=C(C)C1CC(=O)N3CC=4C=CC=CC4C[C@H]3C(N)=O,Z1198722170
CC(C)(C)C1=NC=2C=C(C=CC2O1)NC(=O)C=3C=NC=4C=CC=CC4N3,Z367296208
CN(C(=O)NC=1C=CC(=NC1)N2CCN(CC2)C(=O)C3CC3)C4CCCCCC4,Z988086812
CC1=NNC(NC(=O)CCC2=NC=3SC=4CC(C)CCC4C3C(=O)N2)=C1C#N,Z2125641241
CC(NC(=O)N1CCC(CC1)C(=O)N2CCC(C)CC2)C3CCCOC3,Z1632600800
O=C(NC=1C=CC=C(F)C1)C=2C=NN(C2)CCN3CCCCC3,Z1203104612
O=C(NCC(C=1C=CC=CC1)N2CCOCC2)C=3C=CC(OC=4C=CN=CC4)=C(Cl)C3,Z1203989078
COC=1C=CC=CC1C=2C=CC(=CC2)C(C)NC(=O)C3(CC3)C(=O)O,Z1634931766
CC1=NC=CN1CCNC(=O)N2CCC(C2)N3C=C4C=CC=CC4=N3,Z1636308587
O=C(CN1N=NC(=N1)C2CC2)N3CCCC=4C=CC=CC43,Z785244114
COC=1C=CC(=CC1)CN2C=C(C=N2)C(=O)NC3CCC=4NN=CC4C3,Z1204921543
CCN(CC)C(=O)COC=1C=CC=C(C1)NC(=O)C2=CC(OC)=C(C)C(=C2)OC,Z393855518
CCN1C=NN=C1CNC(=O)N(C)C2CCC=3C=CC=CC3C2,Z1206396151
OCC(NC1=NC(=NS1)C=2C=CC=CC2)C=3C=CC=C(Cl)C3F,Z1983595314
NC=1N=CC=NC1C(=O)NC=2C=CC=C(C2)C3=NNC=4CCCCC34,Z1207444040
NC=1N=CC=NC1C(=O)N2CCCC2C=3C=CC=CC3C(F)(F)F,Z1207548804
CCC(CO)NCC1=CC=C(O1)C=2C=CC=C(C2)C(F)(F)F,Z1638808170
O=C(CCN1CCC(CC1)NC(=O)C2CC2)NC3=CC=CC(Cl)=C3,Z401316422
CN1C=CC(=CC1=O)C(=O)NCC2CCN(CC(O)C=3C=CC=CC3)CC2,Z1210329315
CC=1C=C2C=CC=CC2=NC1NCC=3C=CC(=NC3)N4CCN(C)CC4,Z1449758463
N#CC=1C=C(N=C2C=CC=CC12)N3CCOC(C3)C=4C=CC(=CC4)C(F)(F)F,Z1642973955
CC(=O)N1CCN(CC1)C(=O)CS(=O)(=O)C=2C=CC=3OCCOC3C2,Z432592536
COC=1C=CC=C2CN(CCC12)C(=O)C=3C=NC(=CN3)N(C)C,Z1645268380
CCNC(=O)CN(C)C(C(=O)OC)C=1C=CC=CC1C(F)(F)F,Z1646170171
COC1CCCN(CC(=O)NC=2C=CC=CC2C(C)C)CC1,Z1646682286
FC=1C=CC=NC1OC2CCN(CC2)C=3N=CC=NC3C(F)F,Z2143086118
O=C1C=2C=CC=CC2S(=O)(=O)N1CC=3C=CC=CC3SC(F)F,Z441051940
CCN1C(=O)C(=O)NC=2C=C(C=CC21)C(=O)N3CCC(CC3)C4=CC=C(C)N=C4,Z1646898626
CC=1C=CC(=CN1)C2CCN(CC2)C(=O)CCC(=O)N3CCOCC3,Z1646893508
CCN(C(=O)C=1C=CN=C(C1)C2CC2)C(C)CS(C)(=O)=O,Z1647520454
O=C(O)CCCN1CCCN(CC1)C(=O)C=2C=CC(F)=CC2,Z1218131431
OCC(NC=1N=CN=C2C=3C=CC=CC3OC12)C=4C(F)=CC=CC4F,Z1217944183
CC(C)(NC(=O)NC1=C2CCCC2=NN1C=3C=CC=CC3)C4=NC=CS4,Z1218352824
CC=1OC(=NC1C(=O)N2CCC(C2)NS(C)(=O)=O)C=3C=CC=CC3,Z1220503405
CC=1C=CC(=CC1NC(=O)C=2C=NN(C2)CCC(F)(F)F)C(N)=O,Z1651397791
CC1=NN(C=C1C(=O)N2CCC(C2)NS(C)(=O)=O)C=3C=CC=CC3,Z1220500609
O=C(NC=1C=CC=C2OCOC12)C=3C=CC=NC3C4CC4,Z1651869875
COC=1C=CC(=CC1OC)CC(=O)NS(=O)(=O)C=2C=CC=C3C=CC=NC23,Z1222045189
CC1(CCOC1C2CC2)NS(=O)(=O)CC=3C=C(C#N)C=CC3F,Z1653289733
O=C(NCC=1C=CC=2N=CC=CC2C1)C3(CCCCC3)S(=O)(=O)C=4C=CC=CC4,Z2150047139
CC=1C=CC=CC1[C@@H]2C[C@H](C2)NC(=O)C(=O)NCC3=NC=CN3CCCC=4C=CC=CC4,Z2150696361
CCOC=1C=CC=CC1CCC(=O)N2CCN(CC2)C=3C=CC(=CC3)C(N)=O,Z1225341034
O=C(NC1COC=2C=C(F)C=C(F)C21)C=3C=CC=CC3OC(F)F,Z1654111391
CC=1C=CC=C(N1)C(=O)N2CC=3C=CC=CC3C(C2)N4C=CC=N4,Z1228027503
COC=1C=CC(=CC1OC)C(=O)N2CCC(CC2)NC(=O)C=3C=CC=C(C)N3,Z1228300578
CCOC(=O)C1=CN(CC(=O)NC=2C=CC=CC2F)C3=NC(C)=CC=C3C1=O,Z1231016322
CC=1C=C(C)C=C(C1)C(=O)NC2=NC(CS(C)(=O)=O)=NO2,Z1230052766
CC=1N=CC=CC1CC2=NC(=NO2)C=3C=CC(=CC3)NS(C)(=O)=O,Z2156284908
O=C1NC(=NC2=C1C=NN2C=3C=CC=CC3)N4CCC=5SC=CC5C4,Z1230726318
CC=1C=CC(=CC1NC(=O)C2=CC=CC3=NC=NN23)C(=O)N4CCOCC4,Z1660093390
CCC1=CC=C(O1)C2COCCN2C(=O)C=3C=CC(=CC3)N4CCC(C)=N4,Z1231566535
CC(=O)NC=1C=C(C=CC1F)S(=O)(=O)NC2CCN(CC2)C(=O)CC(C)C,Z1234041019
O=C1CC(CN1C=2C(F)=CC=CC2F)C3=NN=C(O3)C=4C=CC5=CC=CC=C5C4,Z1664538150
CC(=O)NC(C)(C)C1=NOC(=N1)C2CC=3C=CC(F)=CC3C(=O)O2,Z1959846403
CC=1C=CC(=CC1N2CCCC2)C3=NOC(=N3)C4CC54CCOC5,Z2160041085
CN(C)C=1C=C(C(=O)N2CCC(C2)OC=3C=CC=CN3)C=4C=CC=CC4N1,Z1666716698
CC(OCC1CCCO1)C(=O)N(C)C=2C=CC(=NC2)N3CCOCC3,Z1667372715
O=C(O)C1CC2CCCCC2N1C(=O)CCC3=NC=CS3,Z1238812185
CCC(COC)NC(=O)C1CCN(CC1)C(=O)C=2C=COC2,Z1239637880
O=C(COC=1C=CC(F)=CC1F)N2CCCN(CC2)C3CCCC3,Z1240715896
CC1=NC2=CC(=O)NN2C(C)=C1CC(=O)N3CCC(CN4C=CC=N4)CC3,Z1240462305
COC=1C=CC(=CC1)SC2=NSC(=N2)NC(=O)N[C@H](CO)C(C)(C)C,Z2168028602
CC=1C=CC=2OC(=CC2C1)CN(CC3=CC=CO3)C(=O)C4=CC=C5NC(=O)NC5=C4,Z1246861296
O=C(C=1C=C2CCCOC2=CN1)N3CCOCC4(CCC4)C3,Z1676229436
CCOC=1C=CC(=CC1)S(=O)(=O)NC2CC(OCC)C32CCCO3,Z1675759583
CC=1N=CC=C(N1)N2CCN(CC2)C=3C=C(N=CN3)N4CCCC4CO,Z1675374780
CN(C)C=1C=CC=NC1CNC(=O)NC=2C=CC=C(C2)C3=NC=CO3,Z2171099302
CC1=C(C=NN1C=2C=CC=CC2F)C(=O)N3CCN(CC3)C=4C=CN=C(C)N4,Z1676027847
CC=1C=CC(=CC1)C(=O)NC2=CC=C3C=CN(CCN(C)C)C3=C2,Z1250542603
CNC(=O)CCN1CCC(C1)N2CC(=O)NC=3C=CC=CC32,Z1677479781
COC=1C=CC(Br)=CC1C2CCCN2C(=O)C=3C=NC=NC3,Z1679838044
O=C(NC=1C=CC=C(C1)C2=NC=3C=CC=CC3S2)C4=CC=NC=C4F,Z1255702720
COCC(=O)N[C@H](C(=O)N1CCC(CC1)N2C(=O)NC=3C=CC=CC32)C(C)C,Z1256079836
O=C(CC=1C=CC=CC1)N2CCCC2C(=O)NC=3C=CC(=CN3)N4CCOCC4,Z828077984
CCN1C(=O)C(=O)NC=2C=C(C=CC21)C3=NC(=NO3)C=4C=CC=CC4F,Z1682741266
CC=1C=C(C)C=C(C1)CC2=NOC(=N2)C(C)NS(C)(=O)=O,Z1683415607
CC1CCCC(C1)C2=NC(=NO2)C=3C=CC=C(C3)CN4C=CN=C4,Z1683635948
CS(=O)(=O)C=1C=CC(=CC1)C2=NC(=NO2)C3CC=4C=CC=CC4C3,Z1684696417
COC=1C=CC(=CC1)CN2C=C(C=N2)C(=O)NC3CCC(=O)NC3C4CCCO4,Z2178067721
CC(=O)N1CCCC(C1)C2=NOC(=N2)C=3C=CC4=NN=C(C)N4C3,Z1685365011
CN1C(=O)OC=2C(=CC=CC21)NCC3=NC=NN3CC(F)F,Z2179158605
CNC(=O)[C@H](CC1=CNC=2C=CC=CC12)NC(=O)C(C)NC(=O)C3=CC=CO3,Z1261439690
COC=1N=C(C)C=C(N1)NCC=2C=C(C)N=C(C2)N3CCCC3,Z2179935677
COCC=1N=C(C)C=C(N1)N2CCN(CCC=3C=CC=CC3)CC2,Z1262410861
CCOC1CC(N(C)CC(=O)NC2=NC=CS2)C31CCCCC3,Z1263184985
O=C(C1CCC=2C=NNC2C1)N3CC4(CCC4)C3C5CCCO5,Z2181612190
CC=1C=NN(C1)C2CCN(C2)C(=O)C3=CC(=NO3)C=4C=CC=CC4,Z2181759318
O=C(NCC=1C=CSC1)C2CCN(CC2)C(=O)C=3C=CC=CC3,Z1264280852
CC(NC(=O)N1CCC[C@H]1CN2CCOCC2)C3=NC(CC=4C=CC=CC4)=NO3,Z2183118900
CCC=1C=C(N=C(C)N1)NC(=O)C=2C=NC3=C(C2)C(C)=NN3C,Z1265295605
CC=1C=C(C=CC1N2C=NC=N2)C(=O)NC=3C=NN(C3)C=4C=CC=CC4,Z1266124370
COC=1C=CC(=CC1N2CCNC2=O)C(=O)NCC3CCOC4=CC=CC=C43,Z1266430729
CN1C(=O)C(CCC=2C=CC=CC21)NC(=O)C3=CC=C(NC3=O)C4=CC=CS4,Z1689936934
CN1N=CC=2C=CC(=CC21)CNC=3N=CN=C4C=CC(F)=CC34,Z2185891751
COC=1C=CC=C(C1)N2CCN(CC2)C(=O)C3=CC(=NO3)C=4C=CC=CN4,Z1269833786
CC1=NN(CC(F)(F)F)C(C)=C1CC(=O)NC2CCCC=3C=NN(C32)C(C)C,Z1693427561
CCC1=CN=C(CNS(=O)(=O)C=2C=NN(C2)C=3C=CC=CC3)S1,Z1271409317
CN1N=CC=C1S(=O)(=O)N2CC=3C=CC=CC3C(C2)C=4C=CC=CC4,Z1693084297
CC1=NN2C(C)=CC(C)=NC2=C1C(=O)N3CCN(C(=O)C3)C=4C=CC=CC4,Z1693477439
CC=1N=CN(C1C)C=2C=CC(=CC2)NC(=O)C3=CN=C(S3)C=4C=COC4,Z2188081788
O=C(C1=CN(CC=2C=CC=CN2)N=N1)N3CCC(CC=4C=CC=CC4)CC3,Z1273111248
CN1C(=CC=2C=C(C=CC21)C(F)(F)F)C(=O)N3CCC4=C(C=NN4C=5C=CC=CC5)C3,Z1273482201
CCNC(=O)C=1C=CC(=CC1)NC(=O)C=2N=CSC2C(C)C,Z2189666189
O=C(NCC1=NC=CN1)C2(CCCCC2)C=3C=CC=C(Br)C3,Z1274253974
COCC1=CC(=NO1)C(=O)NC=2C=NN(C2)CC(=O)N3CC(C)OC(C)C3,Z1274533288
CC(C)(C)N1N=NN=C1CNC2(CCCCC2)C=3C=CC(Cl)=CC3,Z1698039735
O=C(CC1=CNC=2N=CC=CC12)NCC=3C=CC(=C(F)C3)N4C=CN=C4,Z1400889825
CC1CN(C(=O)CC2=CNC=3N=CC=CC23)C=4C=CC=CC4O1,Z1400992255
O=C(NCC1=NC(=NO1)C=2C=CC(Cl)=CC2)C=3C=CN=CC3Cl,Z1302791220
COC=1C=CC2=C(C1)CCN2C(=O)C=3C=CC=C4C=NC=CC34,Z1302697996
COC=1C=CC=CC1N2CCC(NC(=O)NCC=3C=CC(=CC3)C(N)=O)C2=O,Z1402142166
CC=1C=C(C=CC1C(=O)NC=2C=CC(=CC2)NC(=O)CN(C)C)N3C=NC=N3,Z1303466530
COC=1C=CC(=CC1)C2CCN(CC2)C(=O)C=3C=CC(C)=C(C3)NC(=O)C=4C=CC=CC4,Z1303134094
COC=1C=CC=CC1N2CCC(C2)NC(=O)C=3C=CC=4NC=NC4C3,Z1404464882
O=C(NCC1CCN(CCC=2C=CC=CC2)C1)N3CCN4C(=O)NCC4C3,Z1408145716
CC1=NN(C)C(C)=C1C2CCCN2C(C)C3=NC(=NO3)C4=CC=CC=C4C,Z1309385359
COC(=O)C1=CC(=CN1C)S(=O)(=O)NC2CCCC=3C=CC=CC32,Z1309300536
O=C(OCCOC=1C=CC=2NC(=O)CCC2C1)C3=CC=CC4=CN=CC=C34,Z1309469417
O=C(C=1C=NC=C(C1)C=2C=CC(Cl)=CC2)N3CCC(O)CC3,Z1409420668
CC1=NN(C)C(C)=C1OCC(=O)N2CCC(C2)C=3C=CC(Cl)=CC3,Z1411230952
O=C(NC=1C=NN(C1)CC=2C=CC=CC2)N3CCC(CC3)N4C=CN=C4,Z1311794328
NC(=O)C=1C=NC(=C(Cl)C1)N2CC(CC=3C=CC(F)=C(F)C3)C2,Z1410993531
CN1C=C(C=N1)N2CCC(NC(=O)N3CCC(C(O)C3)C(C)(C)C)C2=O,Z1702032548
CN1C=C(CCC(=O)N2CC(O)(C2)C=3C=CC(F)=CC3)C4=CC=CC=C41,Z1935621412
CN1C=C(C(=O)NCC2=NN=C(C3CC3)N2C4CC4)C(=N1)C5CCCCC5,Z1702500487
NC(=O)CC1CCCN(C1)C(=O)NC2CCCC=3SC=CC32,Z1703308315
CC(=O)N1CCC=2C=C(C=CC21)C(=O)N(C)CC=3C=NN(C)C3C,Z1931488989
CC1=CC(C(=O)NC2=CC(=NN2C)C3CCCOC3)=C(C)O1,Z1934794936
O=C(NC=1C=CC=C(C1)N2CCNC2=O)C3CCC4=NC=CN4C3,Z1815618028
CN1CCOC(C1)C(=O)NCC=2C=CC(=CC2)C=3C=CC=4OCCCC4C3,Z1314038503
CC=1C=CC(CNC2CC(C)(C)OC2(C)C)=C(N1)N3C=C(Cl)C=N3,Z1816558384
CCN1C(=NC=2C=CC=CC21)C3CCCN3C(=O)C=4C=NN(C4)C(C)C,Z1816198275
CC(C)C(CNC(=O)N1CCN(CC1)C(=O)C(C)(C)C)CC=2C=CC=CC2,Z1816368729
O=C(C=1C=NC=C(F)C1)N2CCCC(C2)C3=NN=C4CCCCCN34,Z1413848290
CC1=NN=NN1CC(=O)N(CC=2C=CC(F)=CC2)C3CCCCC3,Z1414110510
CCN1CCN(CC1)C=2C=CC(=CC2)C(=O)NC3CCN(C)C3=O,Z1282054433
CCN(CC)C=1C=CC(=CN1)CNC(=O)N2CCC(C)C(C2)N3C=CN=C3,Z1415601727
CN1N=CC=C1C(=O)NC2CCC(CC2)C(=O)NC(N)=O,Z1416094503
NC(=O)NC(=O)C1CCC(CC1)NC(=O)C=2C=CC=C3OCCOC23,Z1416032876
COC=1C=CC(=CC1)CC(C)C(=O)N2CCC(CC2)C3=CC=CC4=CN=CC=C34,Z1870803323
CCCC1(COC)CCCN1C(=O)C=2C=CC(=NN2)OC,Z1893163080
CN(C)S(=O)(=O)C=1C=C(C(=O)N2CCOCC=3C=CC=CC32)N(C)C1,Z1940732966
CN(CC=1C=CC=C(C1)OC(F)(F)F)C(=O)C2(C#N)CCCCC2,Z1417763809
O=C(NC1CCN(CC1)C2CCCC2)C=3C=CC(F)=C(F)C3F,Z1352722999
CC1=NC=2C=CC(=CC2O1)C(=O)NC3(CCOCC3)C=4C=CC(F)=CC4,Z1939869686
O=C(NCC1=NC=2C=CC=NC2N1)C=3C=NN4C=CC=NC34,Z1820616486
COC=1C=C(C)N=C(N1)N2CCCC(C2)NC=3C=CC=CC3,Z1419951197
COC=1N=CC(C)=CC1NC(=O)C=2C=CC(=NC2)N3CCC(C)CC3,Z1319673149
O=C(CN1CCCC1=O)NC(C=2C=CC=C(Cl)C2)C=3C=CC=CN3,Z1421242631
CCC1=CC=C(O1)C2COCCN2S(=O)(=O)C=3C=CC=4NC(=O)C(C)(C)C4C3,Z1420269603
CCNC(=O)N1CCC(C1)NC(=O)C2=COC=3C=C(C)C(C)=CC23,Z1715956377
C1=CC(=CS1)C2=NOC(=N2)C=3C=NNC3C4=CC=C5OCOC5=C4,Z1823942693
CC=1C=CC(=CC1F)NC(=O)N2CCC(CC=3C=NN(C)C3)C2,Z1321182570
O=C(C=1C=NC=C(C1)C=2C=CC=3OCCC3C2)N4CCCCCO4,Z1824312972
CC(C)(C)C1=NC(=CS1)CC(=O)NC2C=3C=CC=CC3CC2O,Z1331298805
[Na+].CC(NC(=O)C1CC(C1)C([O-])=O)C2=CC=C3CCCCC3=C2,Z3466179106
CC=1C=C(N=C(N1)N2CCN(CC2)C(C)C3=NC(=NO3)C4CC4)C(C)C,Z1717654214
CC=1C=CC=CC1OCC2=NN=C(SCC=3N=CC=C(N)N3)N2C=4C=CC=CC4,Z1423811592
O=C(NCC1=CN2C=CC=CC2=N1)N3CCC4(C3)OCC5=CC=CC=C54,Z1719191303
O=C(C=1C=CN=C2C=CC=CC12)N3CCN(CC3)C4CCOCC4,Z1324803760
CCCOC1=CC=C(CNC(=O)N2CCS(=O)(=O)CC2C)C(C)=C1,Z1830421571
CC=1C=C(C=CN1)NC(=O)N2CCCC2(CO)CC(C)C,Z1830815819
CC1=NC=2C=CC(=CC2N1C)C(=O)NC3=NN=C(N3)C=4C=CC=CN4,Z1950498995
CN1C=CC=2CCN(CC21)C(=O)C=3C=CC(=CC3)C(=O)N4CCC=5C=CN(C)C5C4,Z1429405540
O=C(NC1CCN(CC1)C2CCCCC2)N3CCC(CO)C3,Z1328291779
O=C(C=1NN=C2CCCCC12)N3CCC4=NNC(=O)C=C4C3,Z1730119280
CC1=NN2C(=NC=3C=CC=CC3C2=N1)SC(C)C(=O)N(C)C(C)C,Z1328946404
COC(=O)C=1C=CC(C(=O)NC2=NC(=CS2)C=3C=CC=CC3C)=C(F)C1,Z1725813680
CC1=NN(C)C(=C1C(=O)NC(CC(C)(C)C)C(F)(F)F)N2C=CN=C2C,Z1952719403
COC1CCCC(CC(=O)NC2=C(C)C(=NN2C)C(F)(F)F)C1,Z1952793288
CC(NC(=O)CC=1C=CC=2NN=CC2C1)C3=CC4=CC(F)=CC=C4O3,Z1953351666
COC=1C=CC=CC1C2CCN(C2)C=3N=CN=C4CCCCC34,Z1432010043
CON(C)C(=O)CSC1=NC=2SC(C)=C(C)C2C(=O)N1CC=3C=CC=CN3,Z1431684627
CN1CCN(C(C)(C)C1=O)S(=O)(=O)C2=CNC3=CC=CC(F)=C23,Z1836301289
CCOC=1N=C(C)C=CC1C(=O)N2CCN3C(=NN=C3C2)C(F)(F)F,Z1839927128
CCC=1C=C(N=CN1)N2CCC(CC2)NC=3N=CN=C4C(C)=CSC34,Z1837062757
CC(C)(C)N1C=C(N=N1)C(=O)NC=2C=CC=C3CNC(=O)C23,Z1838293968
CCC1CN(CC2(CCOC2)O1)C(=O)C3CC(=O)N(C3)C=4C=C(F)C=C(F)C4,Z1954659220
O=C(NCC=1C=CC(=NC1)N2C=CN=C2)NC=3C=C(Cl)C=C(F)C3,Z1434039441
O=C(NCC1(O)CCOCC1)C2=CC(=O)C=3C=C(Cl)C=CC3O2,Z1286191323
CN1N=CC=C1N2CCCC(NC(=O)NC3CC(C3)OC(C)(C)C)C2=O,Z1838941485
CC1=CSC(C(=O)NC2=CC=CN=C2N3CCOCC3)=C1Cl,Z1838948705
CC1OCCCC1C(=O)NC2=CC(=NN2CCO)C3=CC=CS3,Z1839402526
O=S(=O)(NC1CCCOCC1)C=2C=CC(=CC2)CC(F)(F)F,Z1840677095
CC(C)(C)CCN1CCN(CC1)C(=O)C=2N=NC3=CC=CC=C3N2,Z1979107233
CC=1C=CC=CC1NS(=O)(=O)C=2C=CC(=CC2)C(=O)NCC3CCC4(CCCCC4)O3,Z1842542856
O=C(NCC1=NC(=NN1)C(F)(F)F)C=2C=CC=3N=C4CCCN4C3C2,Z1732851681
CCC=1C=CC(=CC1)C2CN(CCO2)C(=O)C=3C=CC=4C=CNC4N3,Z1842266620
CCC(C)C(=O)NC=1C=C(C=CN1)S(=O)(=O)N2CCCC2,Z1960441348
CC=1C=CC=C(N1)C2CCCN2C(=O)NCC=3C=CSC3,Z1439813461
CC=1ON=C(C1C(=O)NS(=O)(=O)C=2C=CC(C)=CC2)C=3C=CC(=CC3)C(F)(F)F,Z1843453456
CC=1N=C2C=CC=CC2=C(C)C1CC(=O)N3CCCC(CC4=NC=CN4C)C3,Z1440966550
CC(NCC1=CC=CO1)C2=NC(CC=3C=CC=CC3)=NO2,Z1281774750
O=C(NCC=1C=CC=CN1)NC2=CC=NN2CC=3C=CC(F)=CC3,Z1736564827
CC=1C=C2C=CNC2=CC1NC(=O)N3CCC=4C=C(Cl)C=CC4C3,Z1845996309
CCOC=1C=CC=CC1NC(=O)CCN2CCC(CN3CCOCC3)CC2,Z1444038007
CC(C)[C@H](NS(=O)(=O)C1=CSC(=N1)C=2C=CC=CC2)C(=O)O,Z1738265414
O=C(NOCC(F)(F)F)C1CCN(CC1)C(=O)NC=2C=CC=CC2,Z1443207243
CC1=CC=C(O1)C2CCCCCN2C(=O)CCC=3C=CC(=CC3)C(=O)O,Z1444167856
COC=1C=CC=C2C(=CC(C)=NC12)N3CCC(CC3)OC4=CN=CC=N4,Z1900734095
O=S(=O)(CC=1C=CN(N1)C=2C=CC(F)=CC2F)C=3C=CC(F)=CC3,Z1848515362
CO[C@H]1CN(C[C@H]1OC)C(=O)CCC2=CNC3=CC=C(C)C=C23,Z1848911656
CC1(C)CC(NC(=O)N[C@H]2C=3C=CC=CC3C[C@H]2O)C=4C=CC(F)=CC4O1,Z1445822524
CN1N=NC(CNS(=O)(=O)C=2C=CC(=CC2)C(C)(C)C)=N1,Z1901639957
O=C(NCCC1=NN=C(O1)C=2C=CC=CC2)C3=CC=C(F)C(Cl)=C3,Z1448159796
CSC1=CC=2OCCOC2C=C1NC(=O)N3CCCC4(CCOCC4)C3,Z1277590799
COCC(=O)N1CCC=2C=C(C=CC21)NS(=O)(=O)C3=CC=CC(=C3)OC,Z1743183115
COC=1C=CC=C(C1)N2CCN(CC2)C(=O)C=3N=CC(C)=CC3OC,Z1851332773
CN1C(=O)C(=CC=2C=CC=CC21)CNC=3C=CC(Cl)=CN3,Z2199847515
CC=1C=C(CNC=2C=CC(Cl)=C(C#N)N2)N=C(N1)N3CCCC3,Z2199969830
CCOC=1C=CC=CC1C(=O)NC2CCN(CC2)C=3C=C(C)N=C(C)N3,Z1344769756
O=C(CN1CCN(CC1)C=2C=CC=CN2)NC=3C=CN(N3)C=4C=CC=CC4Cl,Z1449226628
CC1=C(C=NN1C)S(=O)(=O)N2CCC(CC2)N3C=CN=C3,Z2200301224
CC(=O)N1CCCC(C1)C2=NC(=CS2)C=3C=CC=C(C3)N4CCCC4=O,Z1449626616
CC=1C=C(N(C)N1)N2CCC(C2=O)N3CCCC(C3)C4=NC=5CCCCC5S4,Z1449962005
CNC(=O)[C@@H](NC(=O)C1CCCN(C1)S(=O)(=O)C=2C=CC=3C=CC=CC3C2)C(C)C,Z1903544070
CC=1C=CC=C(C1)C(NC(=O)N2CCC(CN3C=CC=N3)CC2)C(C)(C)C,Z1346283847
CC(C1CC1)N2C=C(C=N2)NC(=O)CN3N=C(C=CC3=O)C=4C=CC=CC4,Z1744280302
O=C(NCC=1C=CN=CC1OCC2CCOC2)C3(O)CCC3,Z2201835151
COCC(=O)N1CCC2=CC(=CC=C21)NCC3=CN=NN3C,Z1745217348
O=C(NCC=1C=CC(=CC1)C2CCC2)N3CCN(CC3)C(=O)C4=CC=CO4,Z1856517404
O=C(NC1CCN(C1)C2=CC=CC=C2F)N3CCC4=NNC(=O)C=C4C3,Z2202753739
CC=1C=CC=C(C1)C=2C=NC=C(C2)C(=O)N(C)C=3C=CC=NC3,Z1453014666
CC(NC(=O)CC(C)(C)C)C(=O)NCC1CCN(C1)C2=CC=C(F)C(F)=C2,Z1746227240
CCNC1=NC(=CS1)C(=O)N2CCN(CC3=NC=CN3C(F)F)CC2,Z1451838185
CCCN1CCN(C(=O)C=2C=C(COC)ON2)C(C)(C)C1=O,Z1745462501
CC(C(=O)NCC1CCCC21NC(=O)NC2=O)C3=CC=C(Cl)S3,Z1348696343
CNC(=O)CC1=NOC(CN2N=NC(=N2)C=3C=CC(Br)=CC3)=N1,Z1348245830
O=C(C=1C=CC=2C=CNC2C1)N3CCC(CC3)OCC4CCCCO4,Z1348947818
CC1=CNC(=N1)C=2C=CC=CC2NC(=O)C3=CC(=CO3)C(N)=O,Z1453957418
CCC1=C(C=NN1C=2C=CC=CN2)C(=O)NC=3C=CC=4CCN(C(N)=O)C4C3,Z1907928502
CC(C)N1C=C(N=N1)C(=O)NC2CCN(CC2)C(=O)CCC=3C=CC=CC3,Z2206264429
CSC=1NC(=O)C(=CC1C#N)C(=O)N2CCCC3(CCOCC3)C2,Z1284140717
O=C(C1=NNC=2C=CC=CC2C1=O)N3CCC4(C3)C(=O)NC5=CC=CC=C54,Z1748304755
CC(C)(C)C1=CC(=NO1)C(=O)N2CCC(O)(CC2)C(F)F,Z1748806839
O=C(CN1C(=O)C=NC=2C=CC=CC21)N3CCC(O)(CC3)C(F)F,Z1748815692
CN1CCOC(C1)C(=O)NC2=NN=C(CC=3C=CC(Cl)=CC3)S2,Z1748978392
CC=1C=CC=C(C(=O)N(C)C2CCNC2)C1NC(=O)C=3C=CN=CC3,Z2464257804
COCC(=O)NC=1C=CC(=CC1)NC(=O)NCC(CO)C=2C=CC=CC2,Z1352398154
COC(=O)CN1CCN(CC1)C2CCN(C2=O)C=3C=CC=CC3F,Z1751549594
CC=1C=C(C)C=C(C1)OCC(=O)N2CCN(CC2)C3CCC(C#N)C3,Z1912651153
CC(C)CN(CC=1C=CC=C(F)C1)C(=O)CCC=2C=NC=NC2,Z2209438636
COC=1C=CC=CC1C(C)NC(=O)N2CC(C2)NC(=O)C3CC3,Z1752003687
CN1CC(=O)N(C1=O)C(CN2C=NC=3C=CC=CC32)C=4C=CC(F)=CC4,Z1868682305
CN1C(=NC=2C=CC(F)=CC21)N3CCN(CC(=O)NC=4C=CC=CC4F)CC3,Z2212425218
CC1(C)CN(C=2N=CN=C3C2N=NN3C=4C=CC=CC4)C1C=5C=CN=CC5,Z2212493925
CO[C@H]1C[C@H](C2=NN=C(C)O2)N(C1)C(=O)CC3=CNC=4C=CC(Cl)=CC34,Z1754148116
CO[C@H]1C[C@H](C2=NN=C(C)O2)N(C1)C(=O)COC=3C=CC(F)=CC3Cl,Z1754147014
CC(C)C1CCC=2C=CC=CC2N1C(=O)CN3N=CC(=O)C=4C=CC=CC43,Z1460495599
CC1(C)CN(C(=O)NC2CCOC=3C(Cl)=CC=CC32)C1C=4C=CN=CC4,Z2213095861
C1=CC=2C(=NC=NC2N1)NCC=3C=CN(N3)C4CCCC4,Z1462133258
CC1=CC(=CC(C)=C1OCC(=O)O)C(=O)N2CCN(CC2(C)C)C(=O)C3CC3,Z1870438377
CC(C)C1=NC(=NO1)C2(CCCC2)NC(=O)C=3C=CC=C(N3)C(=O)O,Z1870479459
CC1=NN(C=C1CNC=2C=CC=C(C2)C(=O)N3CCC(O)CC3)C=4C=CC=CC4,Z1462679980
CC=1C=C(C=CN1)C2=NC(=NO2)C=3C=CC(=CC3)N4CCCCC4,Z1917890405
CCCC(C)C=1C=C(NS(=O)(=O)C=2C=NC=C(C2)C(=O)OC)NN1,Z1918148130
CC(C)C(O)CN1CCN(CC1)C(=O)COC=2C=CC(Br)=CC2,Z2215332885
COCCOC=1N=CC=CC1NC(=O)N2CCOCC(C2)C3CCC3,Z2215478209
CN1C=C(C=N1)C2CCCCN2C(=O)C3=CC=4C=CC=CC4NC3=O,Z1757070163
CC=1C=C(F)C=CC1C(=O)N2CCN(CC2)C(=O)C=3C=CC(Cl)=CC3,Z1465564411
NC(=O)NC=1C=CC=C(C1)NC(=O)C2=CC(=NO2)C=3C=CC=4OCCC4C3,Z1465515554
CC(C=1C=CC=C(O)C1)N(C)C(=O)CN2CCCS2(=O)=O,Z1466819331
NC(=O)CN1CCC=2C=CC(=CC2C1)NC(=O)C=3C=NC4=CC=C(F)C=C4C3,Z1919874103
O=C(NC=1C=CC=C(C1)C2=CN(CC=3C=CC=CC3)N=N2)N4CCC=5C=CC(F)=CC5C4,Z1466232523
CC(=O)N1CC(OC=2C=CC=CC21)C(=O)N3CCC=4C=C(Cl)C=C(Cl)C4C3C,Z1368517753
CC1(CCC=2C=CC=CC2)CCN(C1)C(=O)CCN3C(=O)CCC3=O,Z1360232370
CCCOC=1C=CC=C(C1)CCNC(=O)C2CC(=O)N(CC=3C=CC=CN3)C2,Z1466134581
CC(C)C=1C=CC(=CN1)C(=O)N2CCN(CC2)C=3C=CC(C#N)=CC3F,Z1471290389
O=C(NCCC1=NN=C2CCCCCN12)N3CCC(CC3)C4=CNC=N4,Z1364004882
O=C(O)[C@@H]1CC[C@H](CC1)C(=O)NC(C=2C=CC=CC2)C=3C=CC=C(F)C3,Z1974305318
CC=1C=C(N=C(C)N1)N2CCCCC2CNC(=O)C=3C=CC=CC3,Z1765092211
CN1C=CN=C1CC2CCN(CC2)C(=O)C=3C=C(F)C=CC3O,Z1479836511
O=C(NC1CCCCC1)N2CCN(CC2)C(=O)C=3C=CC(O)=CC3F,Z1614637502
CN1N=CC=2C(O)=CC(=CC21)C(=O)N3CCCN(CC3)C(=O)C4=CC=CN=C4O,Z2171725627
CCNC(=O)N1CCN(CC1)C(=O)C=2C=C(F)C(F)=CC2F,Z1481472421
CC=1C=CC(O)=C(CNC=2C=CC(=CC2)C(=O)N3CC(C)OC(C)C3)N1,Z1898235029
O=C(NOCC=1C=CC=NC1)C2CCCCN2C(=O)C=3C=CC=CC3,Z1481906143
O=C(C=1C=CC2=NOC(C=3C=CC(F)=CC3)=C2C1)N4CCOC(C4)C=5C=CC(F)=CC5,Z1482232337
C=C(C)C1OCCC1CNC(=O)NC2CS(=O)(=O)C=3C=CC=CC32,Z1976656800
C=C(C)C1OCCC1CNC(=O)N2CCC(CC2)C3=CNC4=CC=CC=C34,Z1975616555
O=C(NC1CC1)C=2C=CC(=CC2)C3=NOC(=N3)C=4C=CN=CC4F,Z1683064764
CC=1N=C(NC(=O)NCC2=C(C=NN2C)C3CC3)SC1CC=4C=CC(F)=CC4,Z2623980869
COC=1C=CC(=CC1S(=O)(=O)NC2CC2)NC(=O)NC(C)C=3C=CC=C(C#N)C3,Z1277977744
O=C(NC1=NC(=NS1)C2CC2)N3CCC(C3)C(=O)N4CCCC4,Z2625382059
COCC=1N=CC=C(N1)NC(=O)N2CCN(CC2)C=3C=NC=CN3,Z2626846856
CN1CCN(CC1=O)C(=O)N[C@@H]2C[C@H]2C=3C=CC(Cl)=C(F)C3,Z1976465309
CCC=1C=NC=CC1NC(=O)C2(CC2(C)C)C=3C=CC=CC3,Z2629815060
CN1N=CC(=C1C(=O)N2CCCN(CC2)C3=CC=C(Cl)C(Cl)=C3)C4CC4,Z2635371737
CC1=NOC(=N1)C2CCCN2C(=O)C=3N=CC=C4OC=CC34,Z2639281835
COC(CNC(=O)C=1C=CC=CC1C=2C=CC(=CC2)C(F)(F)F)C3CCOC3,Z2643150690
"COC(=O)C1=CC=C(C(=O)N[C@H]2CC[C@H]2C=3C=CC=CC3)N1C |&1:11,14,r|",Z2646480762
"N#CC=1C=C(C=NC1C(F)(F)F)C(=O)N[C@H]2CC[C@H]2C=3C=CC=CC3 |&1:15,18,r|",Z2646480769
"CC=1NN=C(C(=O)N[C@H]2CC[C@H]2C=3C=CC=CC3)C1[N+]([O-])=O |&1:8,11,r|",Z2646484829
CN1C(=O)CCC1CC(=O)NC2CCC(CC2)C3CCC3,Z2648010956
CC=1C=NC(C(=O)NC2CCC=3C=CC=CC3N4C=CN=C24)=C(C)C1,Z2650086214
COC(=O)C=1C=NC(=CC1C(F)(F)F)NC(C)C=2N=CC=C(C)N2,Z2654965888
CC1(CN(C1)C(=O)C(=O)NC=2C=CC(=NC2)S(C)(=O)=O)C=3C=CC=CC3,Z2656551227
CCC1CN(CCN1C(=O)C2=CC(=NS2)OC)C=3C=CC=CC3,Z2659733797
O=C(NC1CCOCC1)N2CCC=3C(=CC=CC3C2)C(F)(F)F,Z2697659001
CC(NC1=NC(=NO1)C=2C=CC(F)=CC2)C3=NN=C4CCCN34,Z2698693978
CC(NC(=O)NCC1CCCC21CC2)C3=NC=CN3C=4C=CC=CC4,Z2699376265
CN(C)C(=O)[C@@H]1CCCN1C2=NC(=CS2)C=3C=CC=CC3C(F)(F)F,Z2700789974
FC=1C=CC(=CC1)C2CCC2C3=NC(=NO3)C=4C=NC(=CN4)OCC(F)F,Z2700954694
O=C(C=1C=NN(C1)C2CC2)N3CCN(CC3)C=4C=CC(Cl)=CN4,Z2701307157
"CCN1C(=O)CO[C@H](C(=O)NCC2(CCOCC2)SC)[C@H]1C3=NC=CN3C |&1:7,20,r|",Z2706399760
CCN1CCCC1CN(CC=2C=CC(O)=CC2)C(=O)C=3N=CC=C4C=CSC34,Z2708613461
CC(C)C1=CC(=NO1)NC(=O)NCCN2C(=O)CCC2=O,Z1278378034
CC(C)N1C(=NC=2C=CC=CC21)C=3C=CC(=CC3)OC=4C=NC=CN4,Z1278918243
CC(C)(C)C1=CC=C(S1)S(=O)(=O)NCCCN2CCCCCC2=O,Z1486611849
"O=C(NC=1C=C(Cl)C=CC1OCC2CCC2)N3CC[C@H]4CC[C@H](O)[C@H]43 |&1:19,22,24,r|",Z2710206062
COCCN1C=CC(=N1)C(=O)NC=2C=CC=C(C2)C3=NN=CN3,Z1786082176
CC1=NSC(NC(=O)C=2C=C(N=C3C2C(C)=NN3C)C4CC4)=C1C#N,Z1981635896
CCOC1CC(NC(=O)C=2C=CC(=CC2)N3C=NN=C3)(C(=O)O)C1(C)C,Z1991889784
CC1=CC(C)=C2N=C(NC(=O)CCOC3CCOCC3)SC2=C1,Z1373687779
CN(C=1C=CC=NC1)S(=O)(=O)C=2C=CC=3OC(C)(C)CC3C2,Z1373619314
CCOC=1C=C(C=CC1OC)CNC(=O)C2CCN3C=CN=C3C2,Z1489788882
CCC1(CO)CCCN1C(=O)C=2C=C(C=C(C2)OC)OC,Z1788026524
CC=1C=CC(=CC1NC(=O)C2=CN3C=CC=NC3=N2)C(=O)NCC4CC4,Z1788156769
COC=1C=CC(=CC1F)N2CCN(CC2)C(=O)CN3NC=C4C(=O)N=CN=C43,Z1376226681
CNC(=O)C=1C=CC(=CN1)C(=O)N2CCOCC32CCOC3,Z1995546461
COC=1C=NC=C(C1)CCC(=O)OCCC(C)(C)C=2C=CC=CC2,Z1996809846
CC=1N=CC=NC1N2CCN(CC2)C(=O)C3CCN(CC3)C(C)C,Z1997737411
CC(C)(NC(=O)CC1CCC(F)(F)CC1)C2=NC3=CC=CC=C3S2,Z2717959482
CCC=1C=CC=C2C(=CNC12)C3CCN(CC3)C(=O)C=4C=CC(C#N)=C(O)C4,Z1797024882
O=S(=O)(NC1=CC(F)=C(F)C=C1Cl)C=2C=NN(C2)C3CCOC3,Z1497376189
NS(=O)(=O)CC1CCN(CC1)C(=O)NCC2CCCC3=CC=CC=C32,Z1999566718
CC1=NOC2=NC=NC(NC3=CC=C(OC=4C=CC=NC4)C(C)=C3)=C12,Z1999920947
O=S(=O)(C=1C=CC=CC1F)N2CC(C2)OC=3C=CC=CC3Cl,Z1498722140
COC=1C=C(C=NC1OC)NC(=O)C(C)C=2C(F)=CC=CC2F,Z2718413211
CN(CC(C)(C)CN1CCOCC1)S(=O)(=O)C2=CNC3=NC=CC=C23,Z1498656092
N#CCCCN1C=C(C(=O)N2CCN(CC3=CC=CS3)CC2)C=4C=CC=CC41,Z1883575653
CCC=1N=CN=C(NCC=2C=CC=3CCCCC3N2)C1F,Z1883507127
CCOC1CC(CO)(NC(=O)C=2C=CC3=NC=CN3C2)C1(C)C,Z1769558218
CC1CC(CC2=NC(=NO2)C=3C=CC(=O)N(C)C3)CC(C)(C)C1,Z1891158412
CC=1C=CC=C(C1)CNC(=O)CC2=NOC(=N2)C=3C=C(C=CC3O)CC=4C=CC=CC4,Z1891345431
CC(C)CC1C(=O)NCCN1S(=O)(=O)N2CCOC(C)(C)C2,Z1779135650
CC=1C=CC=CC1C(=O)NC2CCN(CC2)C(=O)CC3CCCCO3,Z1389562030
CCN1C(=O)NC(=O)C=2C(=CC(=NC21)C3CC3)C(=O)NC4=CC(=NN4C)C5=CC=CO5,Z1893860041
CN(CC=1C=CC=CC1)C(=O)N2CCC(CC2)OC3=NC=CC=C3F,Z1894758601
CN1CCN(CC1)C=2N=CC=CC2CNC3=NC=4C=C(C=CC4N3)[N+]([O-])=O,Z1896624998
O=C(C1=CN=C(S1)C2=CC=CO2)N3CC(=O)N(CC4CC4)C3,Z1929644949
CCC(CC)N1N=CC=C1C(=O)NCC(C)(C)C=2C=CC(C)=CN2,Z2718629966
O=C(C=1C=CC=2CCCCC2N1)N3CC(=O)N(CC4CC4)C3,Z1929622466
CC=1NC2=NC=NC(NC(=O)C(CCS(C)(=O)=O)C=3C=CC=CC3)=C2C1C,Z1933189787
CC1=NN(C)C=C1CC(=O)NC2CC3(CCN(C)CC3)OC4=CC=CC=C42,Z2254673433
CCOC=1C=CC(=CC1)C2CCCN2CC3=C(C)N=NN3CC,Z2256420316
CC1=CC(=CC(=C1)NCC=2C=CC=CC2OC(C)C)C(N)=O,Z2265645866
O=C(NC1CC(=O)N(CCN2CCOCC2)C1)C=3C=CSN3,Z2269167294
CC=1C=CC(=CC1)C(=O)N2CCC(CC2)NC=3N=CN=C4NC5=CC=CC=C5C34,Z2271634130
COC=1C=CC(F)=C2NC(=CC12)C(=O)N3CCC[C@H]3C(N)=O,Z2719029750
CN1N=CC(NS(=O)(=O)C2=CC(=NN2C)C(F)(F)F)=C1C(=O)O,Z2721330729
COC=1C=CC=C2C(=NC=CC12)N3CCOC(CN(C)C)C3,Z2271721366
CC=1N=CC=C(N1)N2CCN(CC2)C(=O)C3=CC=4C=CC=NC4S3,Z2273175867
CC1(C)OCCC1NC2=NC3=C(C=NN3C=4C=CC=CC4)C(=O)N2,Z2273359333
CN(CC(=O)O)S(=O)(=O)C1=CC=2CCC(=O)N3CCC(=C1)C23,Z2721346887
FC(F)(F)C=1C=CC(=NN1)N2CCC[C@H]2COC=3C=CC=CC3,Z2273498682
C1=CC(=NO1)C2=NN=C(S2)N3CCC[C@H]3COC=4C=CC=CC4,Z2273500099
CC(C)(C)C=1N=CC=2CN(CCC2N1)S(=O)(=O)CCCC(=O)O,Z2721507273
O=S1(=O)CCC2(C1)CCCN(C2)C=3N=C(N=C4C=CC=CC34)C5=CC=CN=C5,Z2274101326
CC1CN(CC(F)(F)F)CCN(C1)C2=NC(=O)C=3C=NNC3N2,Z2274396482
O=C(NC1=NC(=CS1)C2CCOCC2)C=3C=C4CCCCN4N3,Z2278577243
COC(=O)C1(CN2N=C(C=CC2=O)C=3C(F)=CC=CC3F)CC1,Z2721952624
CC=1C=C(C(F)=CC1F)S(=O)(=O)NCC2CCOC3(CCC3)C2,Z2278830560
CCN1C=2C=CC=CC2N(CC(=O)N3CCCC=4C=CC=CC43)S1(=O)=O,Z2721983733
O=C(N[C@@H]1CCCC=2C=CC(Cl)=CC21)[C@H]3CCCC(=O)N3,Z2723303568
C[C@H](NC(=O)C1(C#N)CC21CCCC2)C=3C=CC(Br)=CC3F,Z2278890088
CC1COCCN1C=2C=CC(=CC2)NC(=O)C=3C=NC=4NC=CC4C3,Z2281790110
CC=1N=CC(C(=O)N2CC(C2)C=3C=CC(F)=CC3)=C(C)N1,Z2282878349
O=C(CC=1C=CC(Cl)=CC1Cl)NCC2(O)CCS(=O)(=O)C2,Z2283142036
CC(=O)N1C=2C=CC=CC2C[C@H]1C(=O)N3CC(C)(C)C3C4=NC=CN4C,Z2283207339
O=C(CC1(O)CCC1)N2CCC=3C=CC=CC3[C@@H]2C=4C=CC=CC4,Z2283321516
COC=1C=C(C#N)C=CC1OCC(=O)N2CCCC2C3CCCC3O,Z2283874681
O=C(NS(=O)(=O)C1=CN=C2CCCN12)C=3C=CC=C4CCCCC34,Z2288046918
CCC1=NOC(=N1)NC(=O)N2CCCC=3C=CC=CC3CC2,Z2294992733
O=C(NC=1C=CC(=CN1)C2CCC2)NC3CC43CCOCC4,Z2295338829
CC(C)C[C@@H](NC(=O)CC1=NC(=CS1)C=2C=CC(F)=CC2)C(=O)O,Z2295598802
"O=C(O)C1CCN(CC1)C(=O)[C@@H]2CC[C@H](CC=3C=CC=CC3)O2 |&1:11,14,r|",Z2755247389
CC(=O)N(C)C=1C=CC=C(C1)NC(=O)C2CN(C2)C(=O)C3CCCCC3,Z2295780027
"CC(O)CN1CCC(CN(C)C(=O)[C@@H]2C[C@H]2C3=CC=CC(Cl)=C3)CC1 |&1:13,15,r|",Z2295811859
O=C(O)CC=1C=CC=C(C1)C(=O)NC2CCN(C2)C(=O)C3CCCCC3,Z2295867432
CC=1N=C(SC1C(=O)NC(CC(F)F)C(=O)O)C=2C=CC(Cl)=CC2,Z2295993716
"O=C(O)[C@H]1CC[C@H](O1)C(=O)NCC2=CC=C(O2)C=3C=CC(Cl)=CC3 |&1:3,6,r|",Z2755263704
CC1(C)C(=O)NC=2C=C(C=CC21)C(=O)N3CCCCC3CS(C)(=O)=O,Z2297490864
N#CC1=CC(=CN1)C(=O)N2CC3(CCCCC3)C2C=4C=CC=CC4,Z2305149683
O=C(O)CN(C(=O)C1=CC=CC2=CC=CN=C12)C3CCCCC3,Z2755322210
CC1CN(CC(C)O1)C=2C=CC(=CC2)C(=O)N(C)CCC(=O)O,Z2755335593
CC1=NC2=NC=NN2C(C)=C1CCC(=O)NC3(C)CC=CCC3,Z2305938185
O=C(NCC=1N=CN(N1)C=2C=CC=CC2)N3CCCC3CN4CCCCC4,Z2308564425
"CN1C=C(C=N1)[C@H]2[C@H](CNC(=O)C=3C=NC=C(C3)C(=O)O)CC(=O)N2C(C)(C)C |&1:6,7,r|",Z2755447720
[Na+].COC=1C=CC=C(NC(=O)CC2(CCC2)C([O-])=O)C1C,Z3834390900
COC(=O)C1(C)CCCN(C1)C=2N=CN=C3C2N=CN3CC4(CO)COC4,Z2760975818
CN1N=C(C=C1C2CC2)C(=O)N3CCC(CC3)[C@@H]4CC[C@@H](O4)C(=O)O,Z2761314976
COCCN1C=CC(=N1)C(=O)NC[C@@H]2C[C@@H](CN2C=3C=CN=CN3)OC,Z2762261118
O=C(CC=1C(Cl)=CC=CC1Cl)NC=2C=NNC2C3CCNC3,Z2762263011
CCC=1NC=CC1C(=O)N[C@@H]2CN(C)C[C@H]2C3=CN=CN3C,Z2763717349
CN1C(=O)OCC1C(=O)NCC=2C=CC(=CC2)C(F)(F)F,Z2764031966
NS(=O)(=O)N1CCN(CC1)C(=O)C2=CC=3N=CC=CC3S2,Z2767451348
CC(C)(C)OC(=O)N1CCN2C(=NN=C2CC1(C)C)C3=CC=CN3,Z2768785716
CN1C(=NC=2C=NC=CC21)N3CCOC(CC=4C=CC=CC4)C3,Z2770129411
CN1C(=NC=2C=NC=CC21)NC(CCC(C)(C)C)C(N)=O,Z2770383082
CC1=NN=C(S1)C(=O)N2CCC(CC2)NC(=O)C=3C=CC(C)=CC3,Z2771422053
C1=CC(=NO1)C2=NN=C(NCC=3C=C(C=CN3)OC4CCC4)S2,Z2771564721
CC(C)(C)N1N=CC=2C(=O)NC(=NC21)NC(CF)C=3C=CC(F)=CC3,Z2771947673
CC1=CN(N=C1C(=O)N[C@@H]2C[C@H]2C=3C=CC(F)=CC3)C4CCOCC4,Z2776265701
N#CC1(CCCN2CCN(CC2)C=3C=CN=C4C=CC=CC34)CCOCC1,Z2312561685
CS(=O)(=O)CC1CCCCN1C(=O)CCCOC2CCOCC2,Z2778393380
COCC=1C=CN=C(C1)NC(=O)C(C)N2C=CC(=N2)C(F)(F)F,Z2779902807
O=C(NC[C@@H]1CCCO1)C=2C=CC(=CN2)OCC=3C=CC=CC3,Z2780149938
O=C(OC[C@@H]1NC(=O)[C@@H]2CCCN2C1=O)C=3C=CC=C(C3)C4CC4,Z2783842324
CC(C)C1=NOC(=N1)C2=CC=CC=C2C(=O)NC3COC3,Z2783990126
O=C(NC=1C=C(C=CN1)C(=O)N2CC=3C=CC=C(O)C3C2)C4CC4,Z2784962657
CN(CCCNC(=O)C1=NC=2C=NC=CC2S1)C=3C=CC=CN3,Z2787447210
O=C1CC2(CCCC=3C=CC=CC32)C(=O)NN1CCC=4C=CC=CN4,Z2790075122
O=C(O)C(F)(F)F.O=C(NC=1C=CN=NC1)N2CCC(C2)C=3C=CC=CC3F,Z8908554594
O=C(C(=O)N1CCNC(=O)C1)N2CCCC2C3CCCC3,Z2316611238
CC(NC(=O)C1=NC2=CC=CN=C2S1)(C3CC3)C(F)(F)F,Z2318397914
CC=1C=CC=2CCC[C@@H](NC(=O)C=3C=CC(C)=NN3)C2C1,Z2332449891
CC=1C=CC(=CC1C)C2(C)NC(=O)N(CC3=CN=NS3)C2=O,Z2346512608
CC=1C=C(CNC(=O)N[C@H]2CC2(C)C)N=C(N1)N3CCCC3,Z2348351239
O=C1CCC(=NN1C2CCCS(=O)(=O)C2)C=3C=CC=C(F)C3,Z2790145226
"NC(=O)[C@H]1CC[C@H](C1)NC(=O)N2CC(C=3C=CC=CC3)C4(CCC4)C2 |&1:3,6,r|",Z2348429682
CC(CC1=CN(C)C=2C=CC(F)=CC12)NC=3N=CN=C4C3N=CN4C,Z2348440501
CO[C@@H](C(=O)N1CCCC1C2=CN(C)N=C2C)C=3C=CC=CC3,Z2348488900
CC1CC(CNC(=O)N2CCN(CC(=O)N3CCCCC3)CC2)C(C)O1,Z2349000090
CC(C)C1(CN(C1)C(=O)C2CCN(CC2)S(N)(=O)=O)C=3C=CC=CC3,Z2350322478
NC1=NN=C(CCNC(=O)NC2=NC=3CCCCC3S2)O1,Z2352130007
CC(OC=1C=CC(=CC1)C(C)(C)C)C(=O)N[C@H]2C[C@H](C2)C(=O)O,Z2352639530
CCC(CNC(=O)C1=NN2C(C)=CC(C)=NC2=N1)(C(=O)O)C=3C=CC=CC3,Z2352656494
O=S(=O)(C=1C=NC=C(F)C1)N2CC(C=3C=CC=CC3)C4(CCC4)C2,Z2359113305
CC=1C=NC=2C(=CC=CC2C1)S(=O)(=O)N[C@@H]3C[C@](C)(O)C3,Z2359196163
CC1CCC(C(=O)O)C(C)N1CC2=NC(=NO2)C3CCC3,Z2790700561
COC1CC(NC(=O)C=2C=CC(=CC2)OCC(=O)O)C31CCC3,Z2792872877
CCN1C=CC=C(NC(=O)N2CCC2C=3C=CC(Cl)=CC3)C1=O,Z2361211354
COC=1N=CC(=CC1C(N)=O)NC(=O)N2CCCC(CC(=O)O)C2,Z2362272286
CC1(C)C(=O)NC=2C=CC(=CC21)C(=O)N3CCCCC3C4=NC(=O)NN4,Z2368052226
CC=1C=CC(=NC1C)C2=NC(=NO2)C=3C=CC(=CC3)C(=O)NC4CC4,Z2370126806
CC=1C=CC=2NC(=NC2C1)C3CCCN(C3)C(C(=O)O)C4CC4,Z2795233776
CC(C)C1=NN(C)C=C1C2=NOC(=N2)C3CC4C=CC3C4,Z2370248245
"FC1=CC(=CC(F)=C1N2CCOCC2)C3=NOC(=N3)[C@H]4C[C@@H]5CC[C@H]4O5 |&1:19,21,24,r|",Z2370253178
CCOC=1N=CC=CC1NC(=O)N(C)C(C)C(OC)OC,Z2798534705
COC=1C=CC(=CC1)C2=NN=C(S2)N3CC[C@@H](C3)OC(F)F,Z2370526737
COC(CC=1C=CC=CC1)CS(=O)(=O)N2CC(C)CC2C3=CC=CN=C3,Z2370655582
CC(=O)NC1CCN(C1)C(=O)NCCC2=NC=3CCCCC3S2,Z2370829818
CCC1CN(CC(CC)O1)C(=O)NCC2=NOC=3CCCCC23,Z2370859093
CC=1C(Cl)=CN=CC1NC(=O)N2CCCC(CCO)CC2,Z2371426198
CCC1CN(CC(CC)O1)C(=O)NC2CCN(CC2)C3=CC=CN=N3,Z2375083925
O=C(NC=1C=CC(=CC1)C2=NC=3C(Cl)=CC=CC3N2)C4CNCCOC4,Z2382254681
O=C(NC=1C=CC(=CC1)N2N=NNC2=O)C3=CN(N=N3)C4CCCNC4,Z2384619005
CCC1=CN=C(NC(=O)C2=CC(=CNC2=O)C(F)(F)F)S1,Z2800378731
CC1=NNC(=N1)[C@@H]2CC[C@H](CNC(=O)C=3C=CC=NC3C4CC4)O2,Z2396390876
O=C(CN1CCCCC(O)C1=O)N2CCOC3=C(F)C=CC=C3C2,Z2403737124
O=C(C1=COC(=O)C=2C=CC=CC12)N3CCCC4(CCCC=5C=CC=CC54)C3,Z2407131091
CC=1OC(Br)=CC1C(=O)N2CCN(CC2(C)C)C(=O)C3CC3,Z2407387304
O=C(CC=1C=CC(=CC1)N2C=NN=C2)N3CCC4(CC3)OCCC=5C=CSC54,Z2407399592
CC1(C)COC=2C(=CC=CC21)C(=O)N3CCCC(C3)N4C=CN=N4,Z2407945102
CN1N=CC=C1C(CO)NC(=O)C2=COC(=N2)C(C)(C)C,Z2801631447
CC=1N=CC=NC1N2CCN(CC2)C(=O)C3CCC4=CC=CN=C43,Z2410019486
CN1N=C(C=C1C2CC2)C(=O)NC=3C=C(C(N)=O)C(Cl)=CC3Cl,Z2414474884
CC=1ON=C(N)C1S(=O)(=O)N2CCCC=3C=C(C=CC32)C(=O)O,Z2437057287
COC(=O)C12CC(C1)(C2)C(=O)NC(C3CCC3)C4CCC4,Z2453909251
"COCCN1N=C(C=CC1=O)C(=O)N2CCO[C@H](C=3C=CC=C(F)C3)[C@H]2C |&1:17,25,r|",Z2457852245
"C[C@H]1CC[C@H](O)CN1C(=O)C2=CN=C3NC(=O)NC(=O)C3=C2 |&1:1,4,r|",Z2458353758
O=C(NC=1C=CC(=CC1)N2C=NN=N2)N3CCC4(CC4(F)F)CC3,Z2474463999
"O=C(N[C@H]1C[C@@H]2CC[C@H]1O2)C3=CC(=NN3C=4C=CC=CC4)C5=CC=CO5 |&1:3,5,8,r|",Z2476191608
CC1=C(Cl)C(CN2CC3=CC=CC=C3C[C@@H]2C(=O)NC4CC4)=NN1C,Z2481179859
O=C(O)C(CNC(=O)C=1C=CC2=CC=NC=C2C1)CC3CC3,Z2482147881
O=C(O)C1CC(NC(=O)C=2C=C(ON2)C3CC3)C4=CC=CC=C41,Z2489747889
CC1=NN(CC(=O)N2CCN(CC2)C(=O)C=3C=CC(Cl)=CC3F)C(=O)N1C,Z2493399606
CN1N=CC=2CCC(CC21)C(=O)N3CCN(CC3)C=4C=NC=C(F)C4,Z2498494875
CC(C)C1C=2C=CC=CC2CCN1C=3N=CC(C#N)=CC3F,Z2506454725
CN(CC1=CC=CO1)C(=O)CN2C(=O)NC(C)(C2=O)C3=NC=CS3,Z2589402290
CC1(C)CCC(O)(CNC(C2=NN=CN2)C=3C=CC=CC3)CC1,Z2592101749
O=C(O)C=1C=CC=CC1CC2CCN(CC2)C(=O)C=3N=C4N=CC=CN4N3,Z2595619426
O=C(O)[C@@H]1C[C@H](C1)NC(=O)CC2=CNC=3C=CC(Cl)=CC23,Z2595760855
"CN(C)S(=O)(=O)C1=CNC(=C1)C(=O)N[C@H]2CCC[C@H]2C(=O)O |&1:14,18,r|",Z2595771655
CC(NC(=O)NCC1CCOC1(C)C)C=2C=C(Cl)C=CC2Cl,Z2600727151
CN(C)S(=O)(=O)N1CCC[C@H](C1)NC(=O)N2CCCC(CCF)C2,Z2602296496
CCCN1CC(CC1=O)NC(=O)NCC(F)(F)C2=CC=CC(F)=C2,Z2602677255
CN1C=C(C=N1)C2CN(CCO2)C(=O)NCCC=3C=CC(=CC3)C4CCCCC4,Z2603134789
COC(C)(C(=O)O)C(=O)NC=1C=CC(=NC1)OC2=CC=C(C)C(C)=C2,Z2607537594
CC(C)CCC=1C=CC(=NC1)NC(=O)N2CC=3C=NNC3CC(C)(C)C2,Z2608526635
"C[C@@H]1[C@H]2C[C@]1(C(=O)O)N(C2)S(=O)(=O)C3=CSC=4C=CC=CC34 |&1:1,2,4,r|",Z2610103024
"CN1C=C(C=N1)[C@H]2[C@H](CNC3=CC=C(C=N3)OC(F)F)CC(=O)N2C(C)(C)C |&1:6,7,r|",Z2614048518
CC(C)C1=NN(C=C1CNC(=O)N2CCOC(C)(C2)C3CC3)C=4C=CC=CC4,Z2615178759
N#CC=1C=NN=C(C1)NCC=2C=CC=C(C2)COCC3CCCO3,Z2615942093
O=C(NCC=1C=CC=2OC=CC2C1)NC3CCCC4=CN(N=C43)C5CCCC5,Z2616069569
O=C(NCCCN1CCCC1)C=2C=NC=3C=CN=CC3C2O,Z8610389824
CC=1C=C(C=CC1NC(=O)N2CCC=3C=CC=CC3C(C)(C)C2)C(=O)NC(C)C,Z2619959557
CCC=1C=C(C(=O)N2CCOC=3C=C(F)C=CC3C2)N(C)N1,Z2802500687
O=C(NCC(F)(F)C=1C=CC(F)=CC1F)C=2OC=C3COCCC23,Z2804364712
CCCC1(CCC)CCCN1C(=O)CCC=2C=NC=CN2,Z2804852680
CN1CCCCC1C(=O)NC2=CC=C3NC(=O)CS(=O)(=O)C3=C2,Z2805178791
"CC1=NOC(=N1)[C@H]2OCC[C@H]2NC(=O)N3CCN(CC3)C=4C=CC=CC4C |&1:6,10,r|",Z2819184518
CC(C)CN1N=CC=C1C(=O)NC=2C=CC=CC2C3=NN=NN3C,Z2822748862
CCC(CC1CCCCC1)C(=O)NCC2=NN=C3C(=O)N(C)CCN23,Z2832180686
CN(C)C1(COC2=CC=CC=C2C1)C(=O)N3CCCC(O)C3,Z2832187043
CC(C)(C)OC(=O)N1CCC[C@H](CNCC2=NOC=3CCCCC23)C1,Z2832198804
O=C(N[C@@H]1CC[C@H](CC1)NC=2C=CC=CN2)C=3C=NC=C(N3)N4CCCC4,Z2841582606
"CN1C(=O)NN=C1CNC(=O)[C@@H]2C[C@H]2C=3C=CC(Cl)=CC3 |&1:11,13,r|",Z2843782149
CC(OC=1C=CC(=CC1)CO)C2=CN(N=N2)C(C)C3=CC=CC(F)=C3,Z2846046980
CC(C)N1CCC(CC1)NC(=O)CN2C=C(CCN3CCCCC3)N=N2,Z2846219329
CC(C)(NC(N)=O)C1=CN(CC2=NC(=CS2)C=3C(F)=CC=CC3F)N=N1,Z2846571029
CC(CN1C=C(COC=2N=CC=CN2)N=N1)C3CCCCC3,Z2846606836
COC(=O)C1=COC(=N1)C(C)N2C=C(CNCC(F)(F)F)N=N2,Z2846921900
CN1N=NN(CC(=O)NCC2=CC=CC=C2C(F)(F)F)C1=O,Z2851171213
COC=1C=CC(=CC1)CC(C)(CO)NCC2=C3CSCCC3=NN2C,Z2853290659
COCCC1(CCCC1)C(=O)NC2CCN(C2)C3=NC(C)=CC(=O)N3,Z2863938089
CCN1N=C(C)C=C1C(=O)NCC2=CSC(=N2)C=3C=CN(C)N3,Z2863938137
"CC=1C=CC(=CC1F)S(=O)(=O)N2[C@@H]3CC[C@H]2CN(C)CC3 |&1:12,15,r|",Z2863938848
CC(OC=1C=CC(F)=CC1)C2=NN=C3CCC(C)(C)CN23,Z2863954107
CC1(C)CNCCC(C1)NC(=O)N2CCC(CC2)C3=NC=4C=CC=CC4N3,Z2873949533
CC(=O)NC1=NC(=CS1)CN2C=C(CN3CCOC[C@H]3C)N=N2,Z2883786032
CN1N=C(C=2C=CC=CC2)C=3C(=NNC31)NC(=O)CC4(O)CCCN(C)C4,Z2892455322
CC1CCCCC1NC2=NN=C(COCC=3C=CC=CC3)O2,Z2896116042
O=C(O)CCC(CC=1C=CC=CC1)NC(=O)[C@@H]2CC3=CC=CC=C3CO2,Z2897163023
CC(C)CN(CC1=CN=NN1C2CCCNC2)CC3CCN(C)CC3,Z2899322451
O=C(C1=CC=C(N1)C=2C=CC=CC2)N(CC(F)F)CC(F)F,Z2900718594
CCC1=NC=CN1CCNC(=O)C2=CC=3C=CC=C(C3N2)[N+]([O-])=O,Z2900718618
COC=1C=C2CCN(C(=O)C3CCCOC3)C(C2=CC1OC)C4CC4,Z2900719096
O=C(CCCC1CCCCC1)N2CCC(CC2)NC3CCOCC3,Z2900719461
"CO[C@@H](C(=O)N1CCC[C@@H](CO)[C@H]1CO)C=2C=CC=CC2 |&1:9,12,r|",Z2900719510
COC(=O)N1CC(C)(C1)NC(=O)NC=2C=C(C=CC2C)[N+]([O-])=O,Z2900814099
CC=1C=CC(=CC1C)CN2N=NC(=N2)C3(CCCN3)C(F)(F)F,Z2900815863
CN1C=CC(=N1)N2C=C(CN3CCSCC3CCO)N=N2,Z2905536394
CC1=NN=C(S1)N(C)C(=O)[C@]2(C[C@H](F)C2)C=3C=CC=CC3,Z2908944597
CCCOC=1C=CC=NC1C(=O)N2CC=3C=CC=CC3C(C2)C(=O)O,Z2910686936
O=C(O)C(F)(F)F.O=C(O)C=1C=CC(=CC1)C(=O)NC[C@@H](O)CN2CCC=3C=CC=CC3C2,Z9742265253
O=C(C=1N=C(C=2C=CC=CC2)N3CCCCCC13)N4C5CCC4C=6C=NNC6C5,Z2915780993
CC1=NC=CN1CC(=O)N2CCC(CC3=NC(=NO3)C4=CC(C)=CC=N4)CC2,Z2918016949
O=C(O)COC=1C=CC(=CC1F)S(=O)(=O)NC2CCCC3CC23,Z2928173820
CC1CC(CCO1)C2=NC(=NO2)C=3C=CN=C(C3)N4CCCC(O)C4,Z2936883614
CC(C)(C)OC(=O)NC1(CCNC2C(=O)NCC2(C)C)CCC1,Z2936888143
CC1=CC(C)=CC(=C1)C(=O)N2CCCC(C2)C=3N=CON3,Z2936894790
N#CC=1C=CC=NC1NCC2CCCCC2N3CCCC3,Z2936914301
O=C(C=1C=C2N=CC(Br)=CN2N1)N3CCC=4N=CNC4C3,Z2940918993
CCN1C(CNC(=O)COC2CCN(C)CC2)=NC=3C=CC=CC31,Z2946283554
CN1C(=O)CC[C@@H]1C(=O)NCC=2C=CC(=NC2)N3CCOCC3,Z2946893265
CC1=NC(C)=C(CN2CCCCC2CN3CCCC3=O)N1,Z2946925662
CCN1C=NC=2CN(CCC21)C(=O)NC=3C=NC(=NC3)C=4C=CC=CC4,Z2947409830
"CCCN1C=C(C=N1)NC(=O)N[C@@H]2CCO[C@H]2C=3C(C)=NN(C)C3C |&1:12,16,r|",Z2949136769
O=C(NCC1=NC=2CCOCC2S1)NC=3C=NC=4CCOCC4C3,Z2950281116
CC1=NC=C(CN(C)CC2=NC=3C=C(C=CC3N2)C(F)(F)F)O1,Z2950944441
CCCCN1N=CC(NC(=O)NC2CCOC32CCCC3)=C1C(C)C,Z2951124579
CC=1C=CC(=CC1F)NC(=O)CN2CCNC(=O)CC2(C)C,Z2951394916
COC1=CN=C(NC(=O)N2CCCS(=O)(=O)CC2C3CC3)S1,Z2951555113
CCN(CC)CC1CCN(C1)C(=O)NC=2C=CC=C3NC(=O)COC23,Z2951909567
CC=1C=NN(C)C1NC(=O)NCC(C)(O)C=2C=CC=C(F)C2,Z2952665803
COC=1C=NC=C(C1)NC(=O)N2CCN(CC2)C3CCCN(C)C3,Z2953087302
CN1N=C(C=C1C(=O)N2CCCC(C2)C3=NN=CN3C4CC4)C5CC5,Z2953192217
"COC=1C=C(NC(=O)N[C@H]2C3=CC=CC=C3OC[C@H]2CO)N(C)N1 |&1:9,18,r|",Z2953580344
CC=1C=CC=2N=C(NC(=O)N3CCC=4C=NNC4C3)SC2N1,Z2954089691
CC1=CC=CN2C=C(C=C12)C(=O)N3CCCC(CN4C=NC=N4)C3,Z2955050962
CC(C)N1N=NC(=N1)NC(=O)N2CC3(CCC3)C2C=4C=CC=CC4,Z2955410789
"NC(=O)[C@@]12CCC[C@H]2CN(C[C@@H](O)C3=CC=4C=CC=CC4O3)C1 |&1:3,7,r|",Z2955944440
CCC=1N=C(C=CC1NC(=O)N2CCCC2C3=CN(C)N=C3C)OC,Z2956252537
CN(CC1=CC=CN1)C(=O)CN2N=C(C=3COCCC32)C(F)(F)F,Z2956408831
COC(C)C1=NOC(CN(C)C(=O)C=2N=CC=C3C=CC=NC23)=N1,Z2956451868
CCN1N=C(C=C1C2CC2)NC(=O)CC3CC(=O)NC4=CC=CC=C43,Z2956712430
COC=1C=C(N=CN1)C(=O)N2CCCC3(CCCC4=CC=CC=C43)C2,Z2956894809
"O=C(CN1C[C@@H](O)[C@H](CC=2C=CC=CC2)C1)NC3=CC(F)=CC=C3F |&1:5,7,r|",Z2957003206
CC(C)C1C=2C=CC=CC2CCN1C(=O)NC3=CC=NN3C4CCC4,Z2957329682
O=C(CN1CC2=C(C=NN2C=3C=CC=CC3)C1=O)N4CCC(CO)C4,Z2958059293
CC(C)(CS(C)(=O)=O)NC(=O)C1=CC=2C=CC(=CC2NC1=O)C(F)(F)F,Z2958448526
CN1C=C(C=N1)C2CCCN(C2)C(=O)C=3C=C(C=CN3)C=4C=CC=CC4,Z2958564448
O=C(C=1C=CN=C2C=C(Cl)C=CC12)N3CCC(O)(CC3)C(F)F,Z2958607756
CN1N=C(C=C1C(=O)N2CCC(O)(C2)C3=NC(=NO3)C4CC4)C5CC5,Z2959041751
CC=1C=NC(=CC1C)C(=O)N2CCC(CC2)C3=NC=C4CCCCN34,Z2959182445
O=C(COC1=CC=C(F)C(F)=C1)N2CC(C2)C3CS(=O)(=O)C3,Z2960153199
CCN1C=CN=C1NC(=O)CC=2C=CC=C(N2)C(F)(F)F,Z2960363227
"CC1=CC(=CC(=O)N1)CNC(=O)[C@@H]2CC=3C=CC=CC3O[C@H]2C(F)F |&1:12,21,r|",Z2960395504
CCC1=NC=2C(=CC=NC2N1)C(=O)N3CCOC=4C(C)=CC(C)=CC43,Z2960650828
O=C(CC=1C=CC=C(N1)C(F)(F)F)NC=2C=NC=C3CCCCC23,Z2960758253
CC1(C)CC=2NN=CC2CN(C1)C(=O)C3=CC4=CC=CN4C=N3,Z2960996234
CC(C(=O)NCCC1=CN(C)C2=NC=CC=C12)C=3C=CC=C(O)C3,Z2961327317
"CN1N=C(C=C1C=2C=CC(F)=CC2)C(=O)N[C@@H]3CCOC[C@H]3O |&1:16,21,r|",Z2961463345
O=C(NCC1=CNC(=O)C=2C=CC=CC12)C=3C=NN(C3)C4CCC4,Z2961688828
COC1=CC(=O)NC=C1C(=O)N2CCCC2C3=CC=NN3C,Z2961704804
CC1=CC(CCNC(=O)C2CC(=O)N(C2)C=3C=NNC3)=NN1C,Z2961815984
"O=C(NC[C@@]12CCC[C@H]2OCC1)[C@H]3CCCN3C(=O)C=4C=CC=CC4 |&1:4,8,r|",Z2961831370
CC(=O)N1CCC(C)(C1)C(=O)NCCC2=CN=C3C=CC=CC3=C2,Z2961864792
CC(=O)N[C@H](CC1CCC1)C(=O)N2CCN3N=C(C=C3C2)C4CC4,Z2962271454
"O=C(NCCC=1C(F)=CC(O)=CC1F)[C@@H]2C[C@H]2C=3C=CC=NC3 |&1:14,16,r|",Z2963183327
CC=1C=C(OC1C)C(=O)NC(CO)C=2C=CC=CC2C(F)(F)F,Z2963397944
CC=1N=NC=CC1C(=O)NC(CO)C=2C=CC=CC2C(F)(F)F,Z2963398021
COCC1COCCN1C(=O)C=2C=CC=C(C2)OC3=NC=CS3,Z2963619874
O=C(NC1(CCOCC1)C=2N=CC=CN2)C3=CC=4CCCC4S3,Z2963677599
O=C(COCC(F)F)N1CCOC=2C=CC=CC2C1CO,Z2963778252
"CCCC(C)(C)C(=O)N1C[C@H]2COC[C@]2(C1)C3=NN=C(C)O3 |&1:10,14,r|",Z2963942901
CC(C)(CNC(=O)C=1C=NC=2C=CNC2C1)C3CCOCC3,Z2964001775
O=C(NCC1(CC1)C2(O)CCC2)C=3C=CN=C(C3)C(F)(F)F,Z2964070341
O=C(C1=CC=2C=CC=NC2N1)N3CCC(CN4CCNC4=O)CC3,Z2964155187
"CCN1N=C(C)C(CC(=O)N2C[C@H]3CCC[C@]3(C2)C(N)=O)=C1C |&1:12,16,r|",Z2964319277
NC=1N=CN=C2C=C(C=CC12)C(=O)N3CCC(C3)C(F)(F)F,Z2964386764
CC1(C)CC(CCS1(=O)=O)NC(=O)C=2C=NC=C3C=CC=CC23,Z2964643816
"C[C@H]1CC(=O)N[C@H](C1)C(=O)N2CCC[C@H]2COC=3C=CC(F)=CC3 |&1:1,6,r|",Z2964697645
CC(C)C=1NC=CC1C(=O)NC2(COC2)C=3C=CC=CC3,Z2964721849
"O=C(CC1=CN2C=CC=CC2=N1)N3CC[C@H]4CC[C@]43C5=CC=CN=C5 |&1:15,18,r|",Z2964912411
"CN1N=C(N=C1CC(=O)N2CC[C@H]3CC[C@]32C=4C=CC=NC4)C5CC5 |&1:12,15,r|",Z2964917446
"CC=1C(Br)=CN=CC1NC(=O)[C@@H]2C[C@H]2C=3C=CC=C(O)C3 |&1:11,13,r|",Z2964962115
"CC1=NN(CC2CC2)C(C)=C1CC(=O)N[C@H]3CCC[C@H]3N4C=CN=C4 |&1:15,19,r|",Z2965016913
"CO[C@@H]1CCOC[C@H]1NC(=O)C=2C(C)=NN(CC=3C=CC=CC3)C2N |&1:2,7,r|",Z2965102942
COC=1C=CC=CC1N2CCCN(CC2)C(=O)C=3C=NN4CCCC34,Z2965288662
CC(CC=1C=CC=NC1)NC(=O)C=2C=C(N3N=CN=C3N2)C(C)(C)C,Z2965393857
CC=1C=CC(=CC1)CN2C(=O)CCC2C(=O)NCC3=CN(C)C=N3,Z2965663328
CC1=C(N=NN1C(C)C)C(=O)NCC2CCCC(C)(C)O2,Z2965672072
O=C(NC1CCOC21CCOCC2)C=3C=CC=4SC=NC4C3,Z2965846748
"O=C(C=1C=CC=CC1N2C=NN=N2)N3C[C@@H](O)[C@H](CC=4C=CC=CC4)C3 |&1:15,17,r|",Z2965930747
"CN1C=C(C=N1)[C@@H]2CN(C[C@H]2CO)C(=O)C=3C=CC=CC3C4(C)CC4 |&1:6,10,r|",Z2966116799
CC1(C)CC1C(=O)NCC=2C=CC=C(C2)NS(=O)(=O)C3CC3,Z2966309798
CC(C)(C)C=1C=C2C(=NC=CN2N1)N3CCC(CC3)N4CCNC4=O,Z2968317671
COC1=CC=C2N=CC=C(C2=C1)N3CCCC(C3)N4CCNC4=O,Z2968518449
O=C1C=2C=CC=CC2N=C(NCC3CCCCO3)N1CCO,Z2968519760
"CC(C)(C)CCNC(=O)N1C[C@H]2CCC[C@]2(C1)C3=NN=C(O3)C4CC4 |&1:11,15,r|",Z2968648366
CC1=CC(CNC(=O)N2CCCC3(C=CC=4C=CC=CC4O3)C2)=NO1,Z2969167413
"O=C(NCC1=CC2=CC=CC=C2S1)NC[C@]34C[C@H]3COC54CCC5 |&1:15,17,r|",Z2969206426
COC=1C=CC=2N=CC=C(C2C1)N3CCCC(C3)N4C=NC=N4,Z2969354651
"CO[C@@H]1CCOC[C@H]1NC(=O)NCC2(CCC2)C=3C=CC(F)=CC3 |&1:2,7,r|",Z2969761979
O=C(NC1=CNN=C1C2CCCN(C2)C3=NC=CS3)C4CCCC4,Z2971016687
CCC=1C(C)=NC2=NC=NN2C1NC(C)C3=NC=CN3C,Z2973478130
OCC(F)(F)CN1CCN(CC1)C=2C=C(N=CN2)C=3C=CC=CC3,Z2974168038
O=C1NCC2(CCN(CC2)C=3N=CN=C4NC=CC34)OC5=CC=CC=C15,Z2974807856
CC=1N=C(NCC2(CCC2)S(N)(=O)=O)C=3CCCCC3N1,Z2974832893
O=C1N=C(NC=2NN=CC12)N3CCCC(C3)C4=NC=5CCCC5S4,Z2974916971
CC=1N=CC=C(N1)N2CCC(CC2)OC=3C=CC(=CN3)C(F)(F)F,Z2974940816
"CC=1C=CN=C(N1)N2C[C@@H]3[C@](C2)(CCCS3(=O)=O)C(F)(F)F |&1:9,10,r|",Z2977510628
COC=1C=C(C=C2C=CC=CC12)C(C)NC(=O)N3CCOC[C@H]3C,Z2979803334
CN1N=C(N=C1NC(=O)[C@H]2CCC(=O)N2C)C=3C=CC=CC3Cl,Z2980457616
"CC(=O)N[C@@H]1CC[C@H](CC2=NN=C(NC3CCC4=CC=CC=C4C3)O2)C1 |&1:4,7,r|",Z2981809448
C1=C(N=NN1CCOC2CCOC2)C=3C=NC=4C=CC=CC4N3,Z2982760000
"[Na+].[O-]C(=O)[C@H]1C[C@H]1C(=O)NC2=CC=C(Cl)C(=C2)N3CCNC3=O |&1:4,6,r|",Z3485757533
O=C(NCC1=CN(CC2CNC(=O)C2)N=N1)C=3C=CC=CC3,Z2984428868
CCC1=NOC=C1CN2C=C(N=N2)C=3C=CC=CC3OC,Z2984461007
CN(CCO)CC1=CN(CC2=COC(=N2)C(C)(C)C)N=N1,Z2984484637
O=C(NCC1(CCCO1)C=2C=CC=CC2)C3=CC=C4NC=NC4=C3,Z2986259131
"CCC=1C=CN=C(C1)C(=O)N[C@@H]2CCCO[C@H]2C3=NC=CN3CC |&1:11,16,r|",Z2987056012
"CCN1C=C(C=N1)[C@@H]2OCCC[C@H]2NC(=O)C3=NOC=4CCCCC34 |&1:7,12,r|",Z2987079901
O=C(NC1=NOC=2CCCCC12)C3CCOC4(CCCC4)C3,Z2987486237
CC1=CC(C)=NC(C)=C1CN2N=NC(=N2)C(C)(C)S(C)(=O)=O,Z2991909236
CC(C)CC1=CC=C(S1)C2=NC(=NO2)C3CCC(=O)NC3,Z2992332762
CNC=1C=CC=CC1CNC2CCN(CC2)C=3C=CC=NN3,Z2993062745
COC1(CNC(=O)C2=NN=C(O2)C(C)(C)C)CCCCCC1,Z2994770992
CC=1C=CC=C(N1)N(C)S(=O)(=O)C=2C=NN(C2)C3CCC3,Z2996147886
CC(C)N(C)C=1C=CC=CC1NS(=O)(=O)C=2C=NN(C2)C3CCC3,Z2996164396
CN1C=C(NS(=O)(=O)C=2C=NN(C2)C3CCC3)C(=N1)C4=CC=CO4,Z2996199828
CC1=CSC(C)=C1S(=O)(=O)NC2=C3CCCCC3=NN2C,Z2996203373
C1=CN(C=N1)C=2C=CC=C(C2)C3=NOC(=N3)C45CCCN(CCC4)C5,Z2996945642
CC1=NOC=C1CC2=NOC(=N2)C3=CC=CN(CC(C)C)C3=O,Z2997279181
CC1(CCNC(=O)C1)C2=NC(=NO2)C=3N=CC=C4CCCCC34,Z2997402721
CN1CC(NCC1=O)C2=NC(=NO2)C=3C=CC(=NC3)N4CCOCC4,Z2997866664
"CN1N=CC=2C=CC(=CC21)C3=NOC(=N3)[C@@]45CNC[C@H]5CCOC4 |&1:15,19,r|",Z2997935389
CC(C)(O)C=1C=CC(=CC1)C2=CN=C(O2)C3CCOCC3,Z2998099633
CCCCN(C(=O)C1=CN(CC(F)F)N=C1C)C=2C=CN=CC2,Z3000033886
CC1=CC(=NN1C(C)(C)C)C(=O)N(C)C2(CC2)C(F)(F)F,Z3000711053
O=C(NC=1N=CC=NC1C2CC2)C3=CN=C4CCCCCN34,Z3001985358
CC=1C=CC(=CC1C(=O)O)S(=O)(=O)N2CCC2C(F)(F)F,Z3008645845
O=S(=O)(C=1C=CC(=C(C1)CO)C=2C=C(C=CN2)CO)N3CCCC3,Z3013890105
CCN1CCN(CC1)C2CN(C2)C(=O)C=3C=CC(=CN3)OC(F)F,Z3016310565
"COC(=O)C1=NNC(NC(=O)[C@@H]2C[C@]2(C)C=3C=CC=CC3)=C1Cl |&1:11,13,r|",Z3016311164
COC1=CN(C)N=C1C(C)NC2=CC(=NC3=NC=NN23)C(F)(F)F,Z3016332695
CCN1C2CCC1CC(C2)NCC(O)C=3C=CC=C(C)C3,Z3016336072
O=C(NCC1=NN=C2C=CC(=CN12)C(F)(F)F)N3CC4CSCC(C4)C3,Z3018883150
NC=1ON=C2CCN(CC12)C(=O)CCC=3C=CC=C(C3)OC(F)F,Z3026724832
COC(=O)C=1N=C(CCNC(=O)CC2CCC(F)(F)C2)SC1C,Z3026725077
CCOC1CC(CC(=O)N2CCCCC2CC=3C=CC(O)=CC3)C1,Z3026725128
Cl.CC=1N=C(C=CC1C#N)N2CCC(O)(CN3CCCCC3)CC2,Z3072634657
CC=1N=NC(=C(C#N)C1C)N2CCCC(C2)C3=CN(C)N=N3,Z3027211645
CC(NC=1N=CN=C2SC=3CCCC3C12)C=4N=CC=CN4,Z3027211759
CC(NC(C(N)=O)C=1C=CC=CC1)C(=O)N2CCC=3SC=CC3C2,Z3027356081
O=C(C=1C=C(F)C(Cl)=CC1F)N2CC(CO)C(CCO)C2,Z3039670744
CN1CCN(CCC21CCOCC2)C(=O)C3CC(=O)N(C3)C=4C=CC=CC4,Z3043664114
CC=1SC(=O)N(CC(=O)NCCN2CC3CCC(C2)O3)C1C,Z3052400473
CC=1NC=CC1C(=O)N[C@@H](C)C(=O)NC=2C=CC=NC2C,Z3052515494
CC(C(=O)N1CCC2(CCC2)S(=O)(=O)CC1)C=3C=NN(C)C3,Z3052607895
COC1(CCN(CC1)C(=O)CN2N=CN(C)C2=O)C(F)(F)F,Z3052657687
CC(=O)NCCN(C)C(=O)C1(CC=2C=CC(O)=CC2)CC1,Z3052953317
O=C(NC=1C=C2CCCN2N1)C=3N=C(C=4C=CC=CC4)N5CCOCC35,Z3055590925
O=C(CN1C=CC(=N1)C(F)(F)F)N2CCC(C2)N3C(=O)OC=4C=CC=CC43,Z3056366801
CCC1=NN(C)C(CC)=C1NC(=O)C2=NNC(=O)C3=CC=CC=C23,Z3056947748
O=C(NC1CC(F)C1)C2CCN(CC2)C=3C=CC(=CN3)C(F)(F)F,Z3060834581
"COC1=CN(C)C(=CC1=O)C(=O)N[C@@H]2C[C@H]2C3=CC=C(F)C=C3F |&1:13,15,r|",Z3063545550
C1=CC(CNC2CCOCC32CCCCC3)=C(N=C1)N4CCOCC4,Z3068704521
COC(=O)C1CC=2NN=CC2N(C1)C(=O)COC=3C=CC(=CC3)OC,Z3071538147
CCC(CC(=O)NCC=1C=NC=C(C1)C(=O)OC)C=2C=CC=CC2,Z3071539678
"COC(=O)C=1C=C(C=NC1C)S(=O)(=O)N2CCC[C@H]3C[C@]32CO |&1:18,20,r|",Z3071559555
CC(=O)N1CC(C1)NC2=CC=CC(=C2)C3=NN=NN3C4CC4,Z3071634629
O=C1C=2SC=3N=CC=CC3C2N=CN1CC=4N=COC4C5CCC5,Z3071640937
CSCC(C)(O)CNC1=NC=CC=C1S(=O)(=O)NCC2CC2,Z3074702754
CC=1N=C(C=2C=NN(C)C2N1)N3CCC(O)(CC3)C4=NC=CN4C,Z3077806733
CC1=CON=C1CNC2=NN3C=C(N=C3S2)C4CCCC4,Z3077843655
C1=CC(=CN=C1)C2N(CC32CCC3)C4=NC(=NS4)C5CCOCC5,Z3077878517
OCC12COCCN2CCN(C1)C=3N=CN=C4SC=NC34,Z3077966942
COC=1C=C(F)C(C(=O)NC=2C=C(C)N(N2)C3CCCCC3)=C(F)C1,Z3085307427
COC=1C=C(F)C(C(=O)NC2CCCC3=C2C=CC(=O)N3C)=C(F)C1,Z3086143107
CC(NC(=O)CN1N=NN=C1C2CC2)C=3C=CC=4CCCCC4C3,Z3086178170
CC=1C=CC(C)=C(C1)C(=O)N2CC(N(C)C)C3(C2)CCOCC3,Z3091706499
CC1=C(C2=NOC(CCC=3C=CC=C(O)C3)=N2)C(=O)NC(=O)N1C,Z3091770106
COC(C)(C)C1=NOC(=N1)C=2C=C3C=C(O)C=CC3=NC2C,Z3091770286
O=C(C=1C=CSC1)N2CCC(CC2)N3C=NC=4C=CC=CC4C3=O,Z3091839962
CC1=CC(C)=C(CNC(=O)N2CCC(O)(CC2)C3=CC=NN3)C(C)=C1,Z3100634349
CC(C=1C=CC=CC1)N2C=CC(=N2)NC(=O)C=3C=C4CNC(C)CN4N3,Z3101928245
CC1=CC=C2NC=C(CCNC(=O)NC3CCC(F)(F)C3)C2=C1,Z3102433058
C=CC(COC)NC(=O)N1CCC(CC1)C2=CN=CN2C,Z3103190526
Cl.Cl.N[C@@H](CCC=1C=CC=CC1)C(=O)N2CCC[C@@H](N)C2,Z3307436630
"CC(C)(CNC(=O)N1C[C@H]2COCC[C@]2(C1)C(N)=O)C3=CC=CN=C3 |&1:9,14,r|",Z3105115392
"CC=1C=CC(=CC1)[C@@H]2C[C@H]2C(=O)NC3=NC=C(S3)C4CCNCC4 |&1:7,9,r|",Z3105848264
O=C(NCC=1C=CN=C(C1)N2C=NC=N2)N[C@@H]3CCCC4=CC=CC=C43,Z3124434040
CC=1C=C(C=NC1C)NC(=O)C2NCCOC=3C=CC=CC32,Z3134240999
O=C(CCC1CCNCC1)NC=2C=CC(=CC2)N3N=NC4=CC=CC=C43,Z3135288963
CCOC=1C=CC(=CC1)CCN(C)C(=O)[C@@H]2C[C@H]2C3CCNCC3,Z3137930740
O=C(O)CCCOC=1C=CC(=CC1F)S(=O)(=O)NC2=CC=CC=3C(=O)NCCC23,Z3155129131
CCCC=1C=CC(=CC1)NC(=O)N2CC(C2)C=3N=CC=C(O)N3,Z3173402524
CC1=NC(=NO1)N2CCN(CC2)C(=O)C=3C=CC=CC3CCC(=O)O,Z3174055625
CC=1C=CC=2CC(C)C(NC(=O)CCCN3C=NC4=C(N)N=CN=C43)C2C1,Z3195522097
COC1(C)CCCN(CC1)C(=O)C=2N=CC=CC2NCC3CCC3,Z3198911593
CCN1C=C(CNC(=O)NC2(CC2C)C=3C=CC(Cl)=CC3)C(=O)NC1=O,Z3199283992
CC1=CN2N=C(C=C2C(=O)N1)C(=O)N3CC(C=4C=CC=CC4)C5COCCC53,Z3200246412
CON1CCC(CC1)N(C)C(=O)CCC2C(C)NC3=CC=NN3C2C,Z3202358685
CC(C)N1C=CC=C1C(=O)N2CCC(CC3=NN=NN3)CC2,Z3204256609
O=C(NCC1CCCC1N2CCCS2(=O)=O)C3CCCN3C4CC4,Z3209586763
O=C1NC[C@H](O)C(=O)N1CC2=NC=3CCC(CC3S2)C=4C=CC=CC4,Z3210976367
COC=1C=CC(=CC1OC)C2CC(=O)N(CC=CCl)C(=O)N2,Z3211556412
CC=1C=NN(C)C1S(=O)(=O)NC(CN(C)C)C=2C=CC=CC2C,Z3216015454
COC1(CCN(CC2=CNN=C2C=3C=CC=CC3F)CC1O)OC,Z3216018722
CC(C)(C)OC(=O)C(C)(C)NCC1=CC=C2OCC(=O)NC2=C1,Z3216018746
CC=1C=CC(=C(F)C1)S(=O)(=O)NC(=O)C2CCCN(C2)C(C)C,Z3216020163
CCN1N=NC=2C(=O)N(C=NC21)CC(O)CC=3C=CC=CC3C(F)(F)F,Z3254883564
CCC(C)(C)C(=O)NC1CCS(=O)(=O)C2(CC(CNC(=O)C3(C)CC3)C2)C1,Z3268036856
CCOC(=O)C(F)(F)C1(O)CCCN(CC1)C(=O)N(CC)CC,Z3268498675
CNC(=O)C1=CC(=NN1C)NC(=O)C2CC(C2)OCC=3C=CC=CC3,Z3268509980
COC=1C=CC(=CC1NC(=O)C2CC2C)C=3C=CC=NC3,Z3268511622
NC=1C=CC(=CN1)CC2CCN(CC2)C(=O)CCC3=CC=CC=C3F,Z3268511759
O=C(NCCC=1C=CC(O)=C(C1)CO)NC2=CC=C3CCCC3=C2,Z3268553804
CC1=C(C=NN1C=2C=CC=CC2)C(=O)N3C(C)CCS3(=O)=O,Z3268558470
CC=1N=C2C=CC=CN2C1CNC(=O)C3=C(C)ON=C3C4=CC=CC=C4Cl,Z3288554841
O=C(NCC1=CC=2C=CC=CC2N1)NCC=3C=CC=C(F)C3F,Z3289989938
"CCN1C=CN=C1C2=CN(N=N2)[C@@H]3C=4C=C(C=CC4CC[C@H]3O)OC |&1:12,21,r|",Z3292404858
COC=1C=C(SN1)S(=O)(=O)N(CC(F)(F)F)C2CCOC2,Z3294630245
CCOC=1C=NC=C(N1)NS(=O)(=O)C=2C=CC=C(C2)N(C)C,Z3294797690
CN1N=NC=2C=C(C=CC21)S(=O)(=O)NC3(CCCC3)C(F)(F)F,Z3294860210
CC=1C=CC(=CC1)NC(=O)C(=O)N2C[C@H]3[C@H](NC(=O)CCC=4C=CN=CC4)[C@H]3C2,Z3299500411
COC(=O)C=1C=NC(=NC1)NC2CCCCCN(C2)C(=O)C3CCC3(F)F,Z3299551196
COC(=O)C=1SC=CC1C(=O)N2CC(C2)(C=3C=CC=CC3)C(C)C,Z3303387621
COC=1C=CC(=CC1OC)CC(C)(CO)NC(=O)C2=CC=3C(C)=CC(C)=NC3S2,Z3303387718
O=S(=O)(NC1=CN(C=N1)CC(F)(F)F)C=2C=CC=C3CCCOC23,Z3339973283
CSC=1C=CC(=CC1Cl)CN2C(=O)[C@@H]3CCCN3S2(=O)=O,Z3341973851
CC1=NN=C(S1)N2CCN(CC2)C(=O)NC=3C=CC=NC3,Z3343803486
O=C(C(C=1C=CC=CC1)N2C=C(N=N2)C=3C=NC=NC3)N4CCCCC4,Z3343962976
"CC(=O)NC[C@@H]1CN(CC(=O)N2CCC=3C=CC=CC3C2)C[C@H]1C4=CN=CN4C |&1:5,22,r|",Z3345136098
O=C(O)CC1CC2(CCC2)CN1CC(O)COC=3C=CC=C4NC=CC34,Z3346120893
CN1CCCC(C1)N2CCN(CC2)C(=O)C3(CC4=CN=NN4)CCC3,Z3351020302
CC1=NNC=C1C2CCN(CC2)C(=O)C3=CC(=CN3)CC=4C=CC=CC4,Z3354238527
CC1=NN(C=C1CNC(C)C2=CNC=N2)C=3C=CC=CC3,Z3359849142
CN1C(=O)C(=CC=2C=CC=CC21)CNC3(CCO)CCOC3,Z3362783550
CNC(=O)NC1CCCN(C1)C(=O)CSC2=NC3=CC=CC=C3S2,Z3366694171
CC(C)(C)N1N=NC(CNC=2C=CC(=CC2)C=3C=NNC3)=N1,Z3367694115
O=C(C=1C=CC=2C(=O)NCCC2C1)N3CCC(CC3)C4COC(=O)N4,Z3368026361
COC=1C(=O)NC(=O)NC1C(=O)N[C@H]2C[C@H](C)S(=O)(=O)C=3SC=CC32,Z3379992999
O=C(NCC1CC2(CO1)CCNCC2)C=3C=CN=C4NC=CC34,Z3383532474
CC(C)C=1C=CC=2OCC[C@H](NC(=O)C3=CNN=C3C4CCCNC4)C2C1,Z3385806287
COC(C)C(=O)NCC(NC(=O)C=1C=CN=CC1C(F)(F)F)C(C)(C)C,Z3388126994
CN1CCN(C(C1)C=2C=CC=CC2)S(=O)(=O)C=3C=NN(C3)C4CCCC4,Z3400585959
CC1CN2N=C(C=C2CN1C(=O)OC(C)(C)C)C(=O)NC=3C=CC(O)=NC3,Z3409590969
N#CC=1C=CC(F)=C(C1)C(=O)NC=2C=CC(=CC2)N3CCCS3(=O)=O,Z3409369351
N#CCC=1C=CC(=CC1)NS(=O)(=O)C=2C=CC=C3C=CN=CC23,Z3409369440
CC(C)CNC(=O)CN1CCOC2(CCS(=O)(CC2)=NC=3C=CC=CC3)C1,Z3415727565
NC=1N=C(N=CC1C(=O)NCC=2C=CC=3CN(C(=O)C3C2)C4CCC(=O)NC4=O)C5CC5,Z3417378782
O=C(NC1=CN(N=N1)C=2C=CC=CC2)C=3C=CC(Cl)=CC3F,Z3446058245
CC(=O)N[C@H](CC1CCC1)C(=O)N2N=C(N)C3=CC(F)=CC=C32,Z3466238879
O=C(NC1CCC(=O)NC1=O)C=2C=C3C=C(F)C=CC3=NC2O,Z3461831458
CCOCCC(=O)NCC1(CCC1)NC(=O)C=2C=CC=3NN=CC3C2,Z3464155943
O=C(C=1C=CC=2NC(=O)NC2C1)N3CC=4C=NC=NC4C3,Z3464156235
O=C1C2=NN(C=C2C=NN1C=3C=CC(=CC3)OC(F)F)C4=CC=C(Cl)C(Cl)=C4,Z3464816609
CC=1C=NC=C(CN2C(=O)NC(C2=O)C=3C=CC=C(C3)C(F)(F)F)N1,Z3499722530
FC(F)(F)OC=1C=CC=C(C1)C2=NOC(=N2)C3=CCCOC3,Z3502634592
"CC1=NC=2CC[C@H]3[C@H](CCCN3C(=O)C=4SC(=NC4C)C5CCCNC5)C2N1 |&1:6,7,r|",Z3519172960
N#CC1=CC(C(=O)NC2CC(=O)N(CCN3CCOCC3)C2)=C4C=CC=CC4=C1,Z3535450548
C[C@@H](COC(=O)C1=CC=CC(=C1)N2CCOCC2=O)N3CCOCC3,Z3536528029
"CCS(=O)(=O)C=1C=CC(=CC1)CN2C(=O)CCN(C[C@@]34C[C@H]4CCC3)C2=O |&1:19,21,r|",Z3540097883
CC(CO)CNC(=O)C1=CC=C(C=C1[N+]([O-])=O)C(C)(C)C,Z3540264376
O=C(C=1NC=C2C1CCS2(=O)=O)N3CCN(CC3)C4=CC=NC5=CC=CC=C45,Z3549267400
CC1CCCCN1CCCCNC=2N=CN=C3C=CC=NC23,Z3556348036
CCN1C=NN=C1COC(=O)C=2C=NN(C2C)C=3C=CC(=CC3)C(F)(F)F,Z3568484419
"O=C(CCC12CCC(CC1)C2)N[C@@H]3CCC(=O)N[C@H]3C=4C=CC=CC4 |&1:12,18,r|",Z3572670674
CC(F)(F)C1CN(C1)C(=O)C2(C)CCN(CC2)C=3C=CC(Cl)=CC3C#N,Z3586312251
CC1(C)CCCC(CC(=O)N2CC3CCC(=O)NC3C2)O1,Z3597578263
CN(C)CC1=NC=2C=CC(=CC2N1)NC(=O)C=3C=CC(=CC3)C4CC4(F)F,Z3609354172
O=C(CC1OCCC=2C=CSC21)NC=3C=CC(=C(F)C3)N4C=NN=N4,Z3610649268
CN1C=CC=C(C(=O)N2CCC(CC2)OC=3C=CC(Cl)=CC3)C1=O,Z3610795344
CC=1C=C(C(=O)N2CCCCC2C=3C=CC=C(O)C3)N4N=CN=C4N1,Z3611678786
CCC(OC=1C=CC=C(C)C1)C(=O)N2CC3CCCC(=O)NC3C2,Z3613800929
O=C(NC1(CC1)C2CCSCC2)C=3C=NC=C(C3)C=4C=CC=CN4,Z3627940932
CC1(CCCNS1(=O)=O)C(=O)N2CCCC3(CCCCC3O)C2,Z3640923036
CC1=NC(=CC2=NN=CN12)N3CCC(C4CC4)C3C5=NNC(=O)N5C,Z3686108058
CC=1C=CC(F)=CC1S(=O)(=O)N[C@H]2CCN(C2)C3=CC(=O)N(C)C(=O)N3C,Z3686181778
CN(C)C=1C=C(N=CN1)N2C[C@H](O)C[C@@H]2CNC(=O)CCC3=CC=CO3,Z3686922514
"O=C(N[C@@H]1CC(CN2C=CC=N2)C[C@H]1O)C=3C=CC=CC3COC4CCOCC4 |&1:3,13,r|",Z3687020761
"O=C(N[C@@H]1CC(CN2C=CC=N2)C[C@H]1O)C=3C=C(C=CN3)OC=4C=CC=CC4 |&1:3,13,r|",Z3687021289
"N#CC=1C=CC(=CC1)CCC(=O)N[C@@H]2CC(CN3C=CC=N3)C[C@H]2O |&1:13,23,r|",Z3687024539
"O=C(N[C@@H]1CC(CN2C=C(Cl)C=N2)C[C@H]1O)C=3C=CC=NC3N4C=CC=N4 |&1:3,14,r|",Z3687054036
"O=C(N[C@@H]1CC(CN2C=CN=C2)C[C@H]1O)C3CC4(C3)CC(F)(F)C4 |&1:3,13,r|",Z3687065760
C[C@@H]1COC[C@@](CO)(CNC(=O)C=2C=CC=3N=CN(C)C(=O)C3C2)N1C,Z3687119793
"NC(=O)C[C@@H]1CN(C[C@H]1O)C(=O)CC=CC=2C=CC=C(F)C2 |&1:4,8,r|",Z3687126091
"CNC(=O)C[C@@H]1CN(C[C@H]1O)C(=O)C=2C=CC(=O)N(C2)C=3C=CC=C(Cl)C3 |&1:5,9,r|",Z3687144710
O=C(CCS(=O)(=O)C=1C=CC=C(Br)C1)NC=2N=CN(CC3=CC=CC(F)=C3)N2,Z3688908332
CC=1C=CN2N=CC(C(=O)N[C@@H]3C[C@H](C3)C=4C=CC=CC4Cl)=C2C1,Z3688937579
CC12CC(CNC(=O)CC=3C=NN(C3)C=4C=CC=CC4)(C1)CO2,Z3704148506
O=C(NC=1C=CC(=CC1)NC(=O)C2CCCO2)NC3CCCN(C3=O)C=4C=CC=CC4Cl,Z3772661286
COC=1C=CC=CC1C(C)(C)N2C=C(N=N2)C3CCCS(=O)(=O)C3,Z3774347181
CC1CC(=NO1)C2CN(C2)C(=O)NCC3=NN(C)C(=O)C=4C=CC=CC34,Z3783085085
COC=1C=CC(=CC1)C(CNC(=O)N2CCC(CO)CC2(C)C)N(C)C,Z3802657250
O=S(=O)(NC1(CC1)C(F)(F)F)C=2C=CC(=CC2)N3C=CC=N3,Z3815109883
CCC=1C=C(N=C(N1)C=2C=COC2)N3CCC(CS(C)(=O)=O)CC3,Z3829573094
CC1(CC1(F)F)C=2C=CC(=CC2)NC(=O)N3CCC=4C(=O)NC(=O)NC4C3,Z3842761209
O=C(NCC1=CNC=2C=CC(F)=CC12)C=3C=C4CCCCC4=NN3,Z3864189196
CN(C)C(=O)[C@@H](CC=1C=CC=CC1)NC2=NN=C(S2)C=3C=CON3,Z3870525365
CCCC(=O)N1CCCC(C1)C(=O)N2C3CCC2C=4C=C(C#N)C(=O)NC4C3,Z3893205757
CC=1C=C(C(=O)N2CC(C2)C3=NNC(=O)N3C)C=4N=CC=CC4C1,Z3913486111
CC=1C=CN=C(C1)C2=NOC(COC=3C=CC(F)=C(C3)S(C)(=O)=O)=N2,Z3975623661
O=C(COC1CC1)NC=2C=CC(=NC2)N3C=NC=4C=CC=CC43,Z3991692409
NC(=O)CCNC(=O)C=1C=CC(=CC1)NC(=O)N2CCC(C2)N3C=NC=4C=CC=CC4C3=O,Z4002429616
O=C(NC=1C=CC(=CC1)C(=O)N2CCNC(CC(F)(F)F)C2)C3CC3,Z4004078622
"O=C(N[C@H]1CO[C@H]2CNC[C@@H]12)C=3C=CC=C(C3)NC=4N=CC=C(N4)C(F)(F)F |&1:3,6,10,r|",Z4005580430
CC=1N=C2CCCCN2C(=O)C1CCN3CCC4=CN=C(N)N=C4C3,Z4030661335
O=C(O)C[C@@H]1CC2(CC2)CN1C(=O)C=3C=CN=CC3OC=4C=CC(F)=CC4,Z4032260990
CC1=CC(Cl)=C(C)C=C1C(=O)N2C[C@@H]3C[C@H]2CN3C(=O)C4CC5(CCC5)C4,Z4034631233
"CC1(CCCCCC1)C(=O)NC[C@@]23CCC[C@H]3CN(C2)C=4C=CC5=NN=NN5N4 |&1:12,16,r|",Z4052028748
COC=1C=CC(=CC1)C=2NC=3C=CC=CC3C2CCC(=O)NCC4=CC(=O)N=C(N4)SC,Z4053434968
CN(CCNC(=O)C(C)(C)F)C(=O)CC1C(=O)NC=2C=CC=CC21,Z4054367948
O=C(NCC1=NC=2C=C(Cl)C=CC2N1)C=3NN=C4CCNCC34,Z4063785972
O=C(O)CN(C(=O)C=1N=C(N2C=CN=CC12)C(F)(F)F)C3CCOCC3,Z4068282513
CC=1C=C(F)C=CC1C=2C=NC(=CN2)C(=O)N3CCNC(C)(C)C3,Z4082106608
CCOC=1N=CC=CC1S(=O)(=O)NC(=O)CNC(=O)C=2C=CC(C)=CC2,Z4089509793
O=C(C1=CCSC1)N2CCC(CC2)N3N=C(N=C3O)C4CC4,Z4090300359
O=C(C1=NNC=2CCOCC12)N3CCCC(C3)C4=CNC5=CC=CC=C45,Z4107584446
O=C(CNC(=O)C1=CC(=NN1)C2CCCN2)N3CCC4=CC=CC=C4C3,Z4114671367
O=C(NCCC1=NC=2C=CC=CC2N1)C3=CC(=NN3)C4CCCN4,Z4114746511
CN1C=C(C=CC1=O)C(=O)NCCC2=NC(=NN2)C=3C=CC(Cl)=CC3,Z4120245802
O=C(NCCN1C=C(N=N1)C=2C=CC=CC2)C=3C=C(F)C4=NC=CC=C4C3,Z4119259733
CCNC=1C=CC(=CN1)NC(=O)C(F)(F)CC2=C(C)NC3=CC=CC=C23,Z4119329467
O=C(C=1C=C(NN1)C=2C=CC=CC2O)N3CCC(O)(CC=4C=CC(F)=CC4)C3,Z4122404869
COCC=1C=CC(=CC1)S(=O)(=O)NC=2C=NC(OC)=C(Br)C2,Z4135990582
O=C(NC=1C=CC=2NC(=O)CS(=O)(=O)C2C1)C=3C=CSC3Br,Z4135993762
O=S(=O)(NC1=CC=NN1C=2C=CC=CN2)C=3C=CC=NC3,Z4135994240
CC(=O)N1CCN(CC1)C(=O)CCNC(=O)C=2C=CC=C(C2)C3=CCOCC3,Z4138075972
CC(NC(=O)C=1N=CSC1NC=2C=CC=CC2)C=3C=CC(=CC3)NC(N)=O,Z4199550944
CC1CNCC(CN2C=C(N=N2)C3=CN4C=CC=CC4=N3)C1,Z4212698351
CN[C@H](C)CC(=O)N1CC=C(CC1)C=2C=CC(Cl)=C(Cl)C2,Z4214300536
O=C(NCCCCC=1C=CN=CC1)C2=CC=CC3=NN=CN23,Z4227276250
CC1CCCCN1S(=O)(=O)C=2C=CC(=CC2)CCNC(=O)C=3C=CC=4N=CC=NC4C3,Z4235705504
CC[C@H](C)[C@H](NC(=O)CN1C=CN=C1)C2=NC=3C=CC=CC3N2,Z4254780932
CC1(CC=2C=CC(=CC2)C(F)F)CCCN1CC3=NN=C4C=CC=NN34,Z4267459905
CC(C(=O)O)C1CCN(CC1)C(=O)C2=CC3=C(N=CN3C)S2,Z4283179140
CC(C)N1CCCC(C1=O)N2CCN(CC2)C(=O)C=3C=CC=4NCCOC4C3,Z4290231147
O=C(C=1C=CC=2NC(=O)CNC2N1)N3CCC(CC3)OC=4C=CC(Cl)=CC4,Z4299164484
NS(=O)(=O)C=1C=NC(=NC1)N2CCCC(C2)C3CCCCO3,Z4313199489
CNCC1=CN(CC2CCCN2C(=O)CC=3C=CC=C(C)C3)N=N1,Z4327150433
COC1(C)CN(C1)C(=O)C=2C=CC=C(C2)CN3C=C(N=N3)C4CC4,Z4327478435
COCCN1N=C(C)C(NC(=O)C=2C=C3C=C(C=CC3=CN2)OC)=C1C,Z4328409348
CN1N=CC=2C(=CC=CC21)CNC(=O)NC3=CN=C4C=CC=NN34,Z4335748787
CC=1C=C(C)N(N1)C=2C=CC(=CC2)CC(=O)NC3=CN=C4C=NC=CN34,Z4335749334
O=C(CC1CCCC1)NC=2C=CC=CC2CC=3N=NNN3,Z4368526945
CC=1C=C(F)C(=CC1F)C(=O)NC(C=2N=NNN2)C3CC3,Z4368559276
CN1C=C(C=C1C(=O)N(CC2CC2)C=3C=CC=CC3)C=4N=NNN4,Z4368599191
CC=1C=CC(C2=CSC(=N2)NC(=O)C3=NN(C)C=C3Cl)=C(C)C1,Z4408275485
CC=1C=CC2=C(C1)N=NN2S(=O)(=O)C=3C=CC(Cl)=CC3Cl,Z4449008241
"CC(C)C(=O)NC1=NC(=CS1)CC(=O)N2CC[C@@H](O)[C@H]2C=3C=CC(Cl)=CC3 |&1:17,19,r|",Z4421005185
COC=1C=CC=CC1C2=NNC(NC(=O)C=3C=C(C=CC3F)C=4C=NN(C)C4)=C2C,Z4421149325
"C[C@H]1[C@H](CCN1C)C(=O)N[C@H]2CCCN(C2)C(=O)CC3=CNC=4C=NC=CC34 |&1:1,2,r|",Z4424537322
O=C1N[C@H](CC2=CSC(Br)=C2)C(=O)N3CC4(CCC4)OCC13,Z4443111811
CC(C)(C)N1C=C(C=N1)CN2C=C(N=N2)C3CCS(=O)(=O)C3,Z4445353147
COC=1C=CC(=NN1)C2=CN(CC(C)(F)C(C)(C)F)N=N2,Z4449756988
CN(CC(=O)N1CC=CC(C1)NC(=O)C2CC3=CC(F)=CC=C3O2)C(=O)C4=CC=CS4,Z4450346744
"N#CC=1C=CC=C(C1)S(=O)(=O)NC(=O)N[C@@H]2CCCC[C@H]2O |&1:15,20,r|",Z4452898437
CC(=O)NC=1C=CC=C(C1)C=2C=CC3=C(C2)OCCCC3O,Z4453220645
CC=1NC=NC1CC(=O)N2CCN(CC2)C(=O)C3CC43CCOCC4,Z4494015017
CC=1C=CC(=CN1)C2=NC(=NO2)C(C)OC=3C=CC(Br)=CC3Cl,Z4497009420
CC(C1CCOCC1)N2N=C(N=C2CC3CCN(C)C3=O)C=4C=CN=CC4,Z4510605203
CC(C)(C)NC=1C=CC=C(N1)C=2N=C(CCC=3C=NC=CN3)N(N2)C4CCC4,Z4510605269
CCC=1C=CC(=CC1)CC(=O)N2CCC[C@@H]2CCNC(=O)C(C)O,Z4512917246
O=C(NC1=CNN=C1C2=NC=CS2)[C@@H]3C[C@](O)(C3)C4=CC=CC(Cl)=C4,Z4519675796
CC=1N=CC=NC1C(C)NC(=O)C=2C=CC=CC2C=3C=CC(=CC3)C(F)(F)F,Z4533546362
CN1N=CC(=N1)S(=O)(=O)NC=2C=CC=C(C2)SC=3C=CC=CC3,Z4535842280
CC1(NC(=O)N(CC(=O)N2CCCC3(C2)NC(=O)NC3=O)C1=O)C=4C=CC(F)=C(Cl)C4,Z4607589432
CCC1CCCN(CC(=O)N2CCN3C(=NN=C3C2)C(F)(F)F)C1,Z4617294982
CC=1C=CC(Cl)=C(CO)C1NCC2=CC(=O)N3C=CSC3=N2,Z4622625128
COC=1C=C(C=C(Cl)C1OC)C(=O)NC=2C=CC(F)=C(O)C2,Z4622656251
O=C(C=1C=CC=CC1SCC2=CN3C=CC=CC3=N2)N4CNC(=O)C4,Z4634115248
CN(C)CC1CCN(CC1)C=2C=CC=CC2NC(=O)C=3N=CN(N3)C=4N=CC=CC4F,Z4656798036
COCCOC=1C=CC(=CC1)S(=O)(=O)NC(=O)C2=CN(C)C=3C(Cl)=CC=CC23,Z4774548853
COC(=O)C1=CC=2CN(CCC2N1C)C(=O)C=3C=CC=C4NC(=O)N(CC(C)(C)C)C34,Z4774549601
COCC(=O)NCCC(=O)N[C@H]1CCC[C@H]1NC(=O)C=2C(F)=CC=CC2OC,Z4780408569
COC(=O)C1=NNC=2CCN(CC12)C(=O)C=3C=CC=CN3,Z4783100679
CC1=NC(=C2CCCCN12)S(=O)(=O)NCCCN3C=CC(=O)NC3=O,Z4866922088
O=C(CN1C(=O)NC(C2=CC=CS2)(C1=O)C3CC3)NC(CC=4C=CC=CC4)C(=O)NC5CC5,Z4866922164
CC(C)(C)C1=NC(CCNS(=O)(=O)CC2=NOC=3CCCCCC23)=NO1,Z4867099454
CC1CCCCC1C2=NC(=NN2CC=3C=C(F)C=C(F)C3)C4=NN=CN4,Z4873984490
FC=1C=CC(=CC1)N2N=C(N=C2C3CCCOC3)C4CC4,Z4873984697
CCCN1C=CC(=N1)C2=NC(CCO)=NN2C=3C=CC(C)=CC3,Z4873985518
CC1=CC(C)=NN1C=2C=CC(=NC2)C=3N=C(C4CCCCCC4)N(CCF)N3,Z4873985519
"COC[C@H]1[C@H](OC)[C@@H](CN1C2=CC(=O)OC=3C=CC=CC23)OC |&1:3,4,7,r|",Z4876537390
O=C(CC=1C=CC(Br)=CC1Cl)NS(=O)(=O)C=2C=CC=NC2,Z4884810317
OC=1N=CN=C2C=CC(=CC12)C3=NOC(=N3)C4CC5(CC(C5)OCC=6C=CC=CC6)C4,Z4898719589
CC(C(=O)NC(CC1=CSC=2C=CC=CC12)C(=O)O)C=3C=CC=CC3,Z4900394355
CNC(=O)C=1C=CC=C(C1)CNC(=O)C=2C=CC=C3C2N=NN3C,Z4905038813
NC(=O)C1=CC(=NN1)C(=O)NCC2CC3(CC3)CN2C(=O)C4=CN=C5NC=CC5=C4,Z4921678260
C[C@H](NC(=O)CC(C(F)(F)F)P(C)(C)=O)C=1C=CC(F)=CC1,Z4921970348
CN1C(=NC=2C=C(C=CC21)S(N)(=O)=O)C3=CC=NN3C(F)(F)F,Z4946618505
CCC(NC(=O)C=1C=NC(N)=C(Cl)C1)C=2C=C(F)C=CC2OC,Z4952311856
CC=1C(CNC(=O)C2=COC=3C=C(F)C=CC23)=NOC1C=4C=CC=CC4,Z4952388004
CN1C=C(C=N1)C=2C=C(ON2)C(=O)NC3=CN(C)N=C3C4=CC=CC=N4,Z4954982166
CC=1C=CN=C2C=CC(=CC12)C(=O)NC=3C=CC=C(C3)C=4NN=C5CCOCC45,Z5020637904
CN1N=C(C2=NC(=NO2)C3=CC=C(NC3=O)C(F)(F)F)C=4CSCCC41,Z5075098175
O=C(CC=1C=CC(F)=CC1F)NCC=2C=CC=CC2C3=CC=CN=C3,Z5084936506
O=C1NC=2CCOCC2C=C1C3=NOC(=N3)C=4C=CC(F)=CC4,Z5084971757
CC(C)(C)C1=NOC=C1CNS(=O)(=O)C=2C=C(C=CC2Br)C(F)(F)F,Z5099553540
CC(C)(C)C1=NOC=C1CNS(=O)(=O)C2=CC=3OCC(=O)NC3C=C2Br,Z5099553756
CNC=1C=CC(C(=O)NC(C)C=2C=CC=C(C2)N3CCCC3)=C(Cl)C1,Z5101997621
O=C1C(=NN=C2CCCN12)NCC=3C=CC(F)=CC3C(F)(F)F,Z5110155579
O=C(NC1CCN(C1=O)C2CCCCC2)N[C@]3(C[C@H](F)C3)C4=CC=CC=C4F,Z5129523014
COC=1C=CC(=CC1NS(=O)(=O)C=2C=CC=3OCOC3C2)S(=O)(=O)N4CCCCCC4,Z5133400468
"CN1C=C(C(=O)N[C@H](CO)[C@H]2COC(C)(C)O2)C=3C=CC=CC3C1=O |&1:7,10,r|",Z5170699299
CN1N=CC(C(=O)NC2CCS(=N)(=O)C3=CC=C(F)C=C32)=C1CC=4C=CC=CC4,Z5175303787
O=C(CO)N1CCC=2NN=C(CNC(=O)C3=CC=C4NN=CC4=C3)C2C1,Z5183354507
CC(C)(C(N)=O)C(=O)NC[C@H]1CC[C@H](C1)NC(=O)CCN2C=CC=C2,Z5185531475
OCC=1C=CC(F)=C(C1)N2C=C(N=N2)C3(CC3)N4C=CC=N4,Z5187681904
CC(C)CCC(C)N1CCCC(C1)N2C(=O)NC=3C=CC=NC32,Z5247693805
CCN(C(=O)CCC1=NC(=O)NN1)C2CCOC=3C(C)=CC(F)=CC32,Z5249975484
CC(F)(F)C=1C=CN=C(N1)NC=2C=CC=3NC(=CC3C2)C(N)=O,Z5255159473
CN(C)C(=O)CC=1C=CC=CC1NCC=2C=CN=C3NC=CC23,Z5267705462
CNCC=1C=CC=CC1CNC(=O)C=2C=CC3=NC(C)=NN3C2,Z5292438665
CC1=NOC=2N=C(C=C(C12)C(F)(F)F)NCC=3C=C(C=CN3)N(C)C,Z5292563063
CC(C)C1=NC(=CN1)CNC(=O)C2=CNC(=O)C3=CN=CN23,Z5292634286
O=C(NCC=1C=CC(=CC1)NC=2C=CN=CC2)C=3C=NC=C4N=C(O)NC34,Z5292634464
O=C(NC(CNC(=O)C1CCNC1=O)C=2C=CC=CC2)C=3ON=C4C=CC=CC34,Z5317958665
O=C(O)[C@H]1[C@@H]2CCN(CC[C@H]12)C(=O)CCC=3C=CC=4CCOCC4C3,Z5375224431
O=S(=O)(NC=1C=CC=C2CN(CC12)C3CC3)C=4SC=CC4C5CC5,Z5392690006
CCC=1C=CC(OCC(=O)NS(=O)(=O)C2=CSC(=N2)C=3C=CC=CC3)=C(C1)OC,Z5392690042
N#CC=1C=CC(O)=C(C1)C=2C=CC=3NC(=O)CN=C(C=4C=CC=CC4)C3C2,Z5397882459
O=C(CCC1CC1)NC2CCCN(CC2)C(=O)CC=3C=C(ON3)C4CC4,Z5397887592
COC=1C=C(Cl)C=CC1CC2NC(=O)C(NC2=O)C3CC(C)(C)C3,Z5397888023
CC1=NN(C)C=2C(=O)N(C)C(=NC12)NCCC3CCC(C)C3,Z5404338083
O=C(O)C1(CCOCC1)C2=CN(CC3CC4CCC3C4)N=N2,Z5431546349
"COC=1C(F)=C(F)C=C(C(=O)N(C)[C@@H]2CS(=O)(=O)C[C@H]2O)C1F |&1:13,19,r|",Z5448761364
OC(C=1C=CC=CC1)C2CCCN2CC3=COC(=N3)C=4C=CC=CC4C(F)(F)F,Z5449669568
CCC(=O)NC=1C=CC(=CC1)NC2=NC=3C=CC=CC3N4C=NC=C24,Z5483025031
CN1C=CN=C1C(NC2=NC=CN3N=CC(Br)=C23)C=4C=CC=CC4,Z5510584565
CC(C)(C1=NOC(=N1)C=2C=CN=C3C=CN=CC23)C=4C=CN=CC4,Z5519588328
"C[C@@H]1C[C@H]2CN(C[C@H]2N1C(=O)C3=CN(C)C=N3)C(=O)CCC4=CC=CN4 |&1:1,3,7,r|",Z5626321609
CC1(C)CCCC(C)(CNC=2N=CC(=CN2)S(C)(=N)=O)C1,Z5637146302
CC(C)C=1N=C(CC(=O)NC=2C=NN(N2)C3CCC3)N(C)N1,Z5879936676
O=C1CCC(C(=O)N1)N2C=C(N=N2)C=3C=NC=C4C=CC=CC34,Z6032284778
"CN(C)C(=O)C(C)(C)C(=O)N1C[C@@H]2CC[C@H]1[C@H]2NC(=O)C3=COC(C#N)=C3 |&1:12,15,16,r|",Z6033271948
O=C(NC=1C=CC(Cl)=C(F)C1)N2CCC=3C=NC=CC3C2,Z6067792892
"O=C(N[C@H]1C[C@H]2C[C@@H]1OC(=O)N2)C=3C=C(Cl)C=C(F)C3F |&1:3,5,7,r|",Z6093419345
CN(C)CCOC=1C=CC(=CN1)C(=O)N[C@@H]2CCC=3C=C(Cl)C=CC32,Z6229382823
O=C(NC12CC(C1)N(C2)C(=O)[C@H]3CNC(=O)N3)C=4C=CC=5CCC5C4,Z6272363007
C=CCN(C)C=1C=CC(=CC1C(=O)N[C@H](C)C(=O)O)S(N)(=O)=O,Z6298855115
CCC(C(=O)NC(CNS(=O)(=O)C=1C=NN(C)C1)C=2C=CC=CC2)C=3C(C)=NOC3C,Z6309485179
COC(=O)C=1C(CSC2=NC(O)=CC(=O)N2C=3C=CC(Cl)=CC3)=NN4CCCCC14,Z6309546030
"C=1C=CC(=CC1)[C@H]2CCO[C@H]2C3=NN=C4CCC5(CCN34)OCCO5 |&1:6,10,r|",Z6346605782
C=CCNC1=C(N=NC2=CC=CC=C12)C(=O)N3CC4CC4C3,Z6375118434
CC=1C=CN(CC(=O)NC2=NN(C=C2Br)CC=3C=CC=CC3F)C(=O)C1,Z6386517525
CC(C)CC(CNC(=O)C(C)N1CCSCC1)NC(=O)C2=CC=C(S2)[N+]([O-])=O,Z6394419750
CC1=CC=2C=C(C=CC2N1)N3C=C(N=N3)C4CCS(=O)(=O)C4,Z6472127040
CCOC(CN1C=C(N=N1)C2=CC=C(C)C(Cl)=C2)OCC,Z6473171562
CC=1ON=C(O)C1C(=O)NC2CC(C2)NC(=O)C=3N=C(C)C=CC3Br,Z6615114785
NC(=O)NC(=O)CCNC(=O)C=1N=C(N)C=C2C=CC=CC12,Z6619029074
CC1=CC=2C=C(C=CC2NC1=O)S(=O)(=O)NC=3C=CC=4OC(=O)C=CC4C3,Z6644627270
CN1C=C(C2=CN(CCC=CC=3C=CC=CC3)N=N2)C(=N1)C(=O)O,Z6739629827
C1=CC=C(C=C1)OC=2C=CC(=CC2)CON3N=NC4=CC=CN=C43,Z7041580277
O=S(=O)(CC=1C=C(CC=2C=CC=CC2)ON1)C=3C=CC=CC3,Z7134034280
CC=1C=CN=C(N1)C2=CN(CC=3C=CC=C4C=CC=CC34)N=N2,Z7146751132
C1=CC=2C=C(C=NC2N1)C3=CN(N=N3)C4=CC=C5OCCOC5=C4,Z7151880375
COCC=1C=CC(=NC1)C(=O)NC=2C=CC=C(C2)C3=CC=NN3,Z7152748357
COC(=O)CN(CCC=1C=CC=CC1)C(=O)C=2C=CC(=CC2)C3(N=N3)C(F)(F)F,Z7646154600
C1=CSC(=C1)CCNC2=NN=C(O2)C=3C=CC=4C=CNC4C3,Z7648149287
COC=1C=CC=CC1C(CO)NC(=O)C=2C=CC=CC2CNC(=O)OC(C)(C)C,Z7692961254
CC(C)(C)N(C(=O)C1=CN=CO1)C(C(=O)NCC=2C=CC=NC2)C=3C=CN=CC3,Z8173978607
COC(=O)C1=CN(C=N1)CCNC(=O)NCC=2C=CC=CC2,Z8312012311
CCC=1C(C)=CC=CC1C(C(=O)NCC2CCOC2)N3CCC(CC(C)O)CC3,Z8587625539
CC1=NC=C(CN(CC2CC32CCC3)C(=O)C=4C=CNC4C)N1C,Z8598155096
O=C(CC1=CNC=2C=CC=CC12)NCC=3C=CC=C(F)C3,Z337835078
CN1N=NN=C1C2=CC=CC(=C2)NC(=O)C3CNC(=O)C3,Z917254020
CC1=CC(C)=NC(NCC=2C=CC=3CNCC3C2)=C1C#N,Z1770543143
COC=1C=CC(Br)=CC1S(=O)(=O)NC=2C=CC=CC2C(C)C,Z45680775
O=C(O)C=1C=CC(=CC1Cl)NC(=O)C=2C=CC=3OCOC3C2,Z816002148
O=C(O)C=1C=CC(=CC1)CNC(=O)C=2C=NN3C=CC=CC23,Z1443594427
O=C(NC1=NC=2C=CC=CC2S1)NC=3C=CC=C4OCCOC34,Z827546914
N#CC=1C=C(C=CC1C(F)(F)F)S(=O)(=O)NCCNC=2C=NC=CN2,Z2000542524
O=C(NCC=1C=CC(=C(F)C1)N2C=CN=C2)NC=3C=CC=4NC(=O)COC4C3,Z826291494
CN1N=NC=C1C(=O)NC=2C=CC(=CC2)C3=NC=4C=C(F)C(F)=CC4N3,Z1984246471
CC1=NOC(=N1)C2CCCN(C2)C(=O)CNC(=O)C3=CC=CS3,Z806554836
CC(C)COC1CCN(C1)C(=O)NCC2=NC=NN2C(C)(C)C,Z2000617334
O=C(NCC=1C=CC=C(C1)CN2C=CN=C2)C3=CN4C=CC=CC4=N3,Z403627468
COC(=O)C=1C=CC=C(C1)NC(=O)CN2C(=O)NC(CC=3C=CC=CC3)(C2=O)C=4C=CC=CC4,Z16325507
COC=1C=CC(=CC1)CN(C)C(=O)NCC=2C=CC=NC2N3C=CN=C3,Z353306922
O=C(NCC1(CC1)C(O)C=2C=CC=CC2)C3=CN=CN3C=4C=CC(F)=CC4,Z1500079684
O=C(CC1CC2CCC1C2)N3CCC(CC3)C(=O)NC4=CC=CC(Br)=C4,Z996711626
O=C(NC(CO)CC1=CNC=2C=CC=CC12)C=3C=CC(=NC3)NCC4CC4,Z2005642543
O=C1NC=2C=CC=CC2C(=O)N1CCS(=O)(=O)NC3CC3,Z364231972
NC(=O)CSC=1C=CC=CC1C(=O)N2CCC[C@H](C2)C(=O)O,Z2007170854
CCCCN1C(=O)NC(=O)C2=C1N=C(C3=CC=C(OCC(F)(F)F)C(=C3)OCC)N2C,Z1003653226
O=C(NC=1C=CC=2NN=NC2C1)C3=CSC=4C=CC=CC34,Z1420695814
CN1C=C(NC(=O)C=2C=CC3=NC=CN3C2)C(=N1)C(F)(F)F,Z1504916305
CN1C(=NN=C1N2CCOC3(C2)CCCCCC3)C4COC5=CC=CC=C5O4,Z2008701732
CNS(=O)(=O)CC1CCCN1C(=O)C2=CN3CCCCC3=N2,Z1997054205
O=C1CC(NC=2C=NN(CC=3C=CC=CC3)C(=O)C2)C4CCCCN14,Z2010803678
COC1=CC=CC(CNC(=O)N2CCCC(C2)C3=CC=NN3C)=C1OC,Z2011829320
NC(=O)NC=1C=CC(=CC1)CNC(=O)C2CCN(CC2)C(=O)N3CCCC3,Z743902858
O=C(CC1=CN2C=C(Cl)C=C(Cl)C2=N1)NCC(C=3C=CC=CC3)N4CCOCC4,Z1005329496
O=C(CC=1C=CC=CC1O)N2CCCN(CC2)C(=O)C=3C=CC(Cl)=CC3,Z1005896928
O=C(CC1=CC=2C(=CC=C3C=CC=CC23)O1)NC4(CCC4)C5=NN=NN5,Z1506990255
CCN1N=C(C)C=C1C(=O)NCC2=CC=C(OCC(N)=O)C(=C2)OC,Z998791662
CS(=O)(=O)CC1=CC=C(O1)C(=O)NCC2CCN(CC3=CC=CS3)CC2,Z999773382
CC1=CC(CC(=O)NC2=CC=C3C(=C2)CCN3C(N)=O)=NN1,Z1507819836
CC(C)CC=1C=CC(=CC1)CS(=O)(=O)CC(=O)NC2=CC=CC=C2OC(F)F,Z1010868578
O=C(CCNC(=O)N1CCC(CC1)C=2C=CC=CN2)N3CCCCC3,Z1510349961
CC(CNC=1N=C(N=C2C=CC=CC12)C=3C=CN=CC3)S(C)(=O)=O,Z1510323971
O=C(COC(=O)C=1C=CN=CC1)N2N=C(CC2C3=CC=CO3)C4=CC=CS4,Z19683528
CC1COCCN(C1)C(=O)NC=2C=C(C=CC2F)C(F)(F)F,Z1511958000
O=C(NCC=1C=CC(=NC1)N2C=CN=C2)C=3C=NC=4NC(=O)NC(=O)C4C3,Z641759678
CC1(NC(=O)NC1=O)C=2C=CC=C(C2)CNC(=O)NCC(=O)N3CCC=4C=CC=CC43,Z1018311930
CCN1N=C(C)C=C1C(=O)NC=2C=CC(=NC2)OC3=CC=CC(=C3)C(N)=O,Z1022244452
O=C(NC1CCN(CC(F)F)CC1)C=2C=CC=C3C=NC=CC23,Z1302699516
CC1(C)CN(CCNC(=O)C2=CC(O)=CC=C2C(F)(F)F)CCO1,Z1951476771
CCOC=1C=CC=C(CC(=O)NC2CCCOC=3C=CC=CC32)N1,Z1973816887
O=C(NC1=CN(CC=2C=CC=CC2)N=N1)C=3C=CC(=CC3)CN4C=CN=C4,Z1927759299
CC(C)COC=1C=CC=CC1NC(=O)C2=CC=C(S2)C(N)=O,Z1030274380
CC(=O)N1CCN(CC1)C(=O)CN2CCCC(COC3=CC=CC=C3Cl)C2,Z1511478979
CC=1C=CC(=CC1OCC(F)F)NC(=O)N2CCN(CC2)C3=CN=CC=N3,Z1032510006
CC(NC[C@@H](O)C1=CC=2C=CC=CC2O1)C=3C=CC=NC3,Z2218794917
CCN1C(=NN=C1C=2C=NC=CN2)SCCC=3C=CN=CC3,Z1438746600
COC=1C=C(C=CC1OC(C)C)C(C)NC(=O)C2=CN(C)C(=O)NC2=O,Z444051730
CC(C(=O)NC1=CC(Cl)=CC=C1Cl)N(C)CC2CCCC2O,Z1514936163
CC1=NN(C=C1C(=O)NCC=2C=CC(=CC2)C(=O)NCC(N)=O)CC=3C=CC=C(Cl)C3,Z1336828389
CC=1C=CC(=CC1N2C=NN=N2)NC(=O)C3CCCN(CC(F)(F)F)C3,Z810017458
COC=1C=CN=C(C1)CC(=O)N2CCCC(C2)C3=NN=C4C=CC=CN34,Z2027604125
CC(C)N1C=CC(CN2CCCNC(=O)C2CC=3C=CC=CC3)=N1,Z2219323968
CN1CCC(CC1)C2CCN(C2)C(=O)NCCNC(=O)C=3C=CC(Cl)=CC3,Z1518072803
COC=1C=CC=CC1N2CCN(CC2)C(=O)C=3CCC(=O)N(N3)C4CCS(=O)(=O)C4,Z27736457
CC1=C(CC=2C=CC=3OCOC3C2)SC=4N=C(NC(=O)C14)C=5C=CC=NC5,Z666603974
O=C(NS(=O)(=O)C=1C=NC=C(Cl)C1)C2CC(=O)N(C2)C=3C=CC=CC3,Z1519080239
CN1N=CC=C1C(=O)NCCCC2=NC=3CCCCC3S2,Z1048800322
O=C(C=1C=CC(=NC1)N2CCCC2)N3CCCC(C3)N4CCNC4=O,Z1049578474
CC1CN(CCN1C2=NC=CN3C=NN=C23)C(=O)C4=CC=CC(=C4)C=5C(F)=CC=CC5F,Z1522345327
CC=1N=CC=C(N1)N2CCN(CC3=NOC(=N3)C4CCCCC4)CC2,Z1521901431
O=C(NC1CC1)C=2C=CC(=CC2)C(=O)NC3(CC3)C=4C=CC(F)=CC4,Z1521967846
COCC=1N=CSC1C(=O)N2CCCC2CC3=CC=CC(F)=C3,Z2032566061
CC(NC(=O)NC=1C=CC=CC1)C(=O)NC2CN(C)CC3=CC=CC=C32,Z1522901374
CC=1C=CC(=CC1C)S(=O)(=O)NCCC(=O)N2CCNC(=O)C2,Z31603102
O=C(CN1C=CC(=N1)NC(=O)C=2C=CN=C(C2)OCC(F)F)N3CCOCC3,Z1528500403
CC(C)C1=NC(CNC2=CC=C3CCNC(=O)C3=C2)=NO1,Z1385472986
COC=1C=CC(=CC1)S(=O)(=O)N2CC(C2)NC=3C=CC(C#N)=CN3,Z1528966118
CC=1C=C(N=CN1)C(=O)N2CCC(C2)OC=3C=CC=CC3Cl,Z1529689091
O=C(CC=1C=CC=CC1)N2CCCC2C(=O)NC3CCCC4=C3C=NN4CCO,Z1529837316
O=C(C=1C=C(ON1)C=2C=CN=CC2)N3CCC(CCO)CC3,Z1529779744
COC(=O)NC=1C=C(C=CC1F)NC(=O)C(=O)NC2CCN(C2)C(C)C=3C=CC=CC3,Z1076091738
CN(CC=1C=CC(F)=CC1)S(=O)(=O)C=2C=C(F)C=C(F)C2,Z193001046
CC1=CC=C(NC(=O)C2CC(=O)N(C2)C3CCCCC3)C(C)=C1,Z111594286
COC=1C=CC=CC1C2(CCCCC2)C(=O)NC=3C=CN(CC(=O)N4CCOCC4)N3,Z2221661256
O=C(NC=1C=CC=2NN=CC2C1)C=3C=CC(=CC3)S(=O)(=O)NCC4CCCO4,Z261776964
CC=1N=CN=CC1C(=O)NC=2C=CC(=CC2)C3=NC4=CC=CC=C4N3,Z450095354
O=C(CCC1=NC(=NO1)C=2N=CC=CN2)NCC=3C=CC=4OCCCOC4C3,Z1081194794
O=C(C=1N=C(N=CC1Cl)NCC2=CC=CO2)N3CCC=4SC=CC4C3,Z442900490
O=C(CCC1=NC=2C=CC=CC2C(=O)N1)N3CC(C3)OC=4C=CC=CC4,Z1082663050
CCN(C)C(C(=O)NC1CCCN(C1)C=2N=CC=CN2)C=3C=CC=CC3,Z1082742022
CS(=O)(=O)C=1C=CC(=CC1)CN2N=C(C3=CC=CS3)C=4C=CC=CC4C2=O,Z2040805794
CC1=NOC=2N=C(C)C=C(C(=O)NCC=3C=CC=NC3N4C=CN=C4)C12,Z324825200
CCC=1C=CC(=CC1)N2CC(CC2=O)C(=O)NCC3=CC=CN=C3N4C=CN=C4,Z356763182
CC(C1=NC(CC=2C=CC=NC2)=NO1)N3CCC=4C=CC=CC43,Z1683186976
CC=1C=C(C(=O)NC(C)CC2=NC(=NO2)C=3C=CC=CC3)N(C)N1,Z1534050057
COC1CCCC(C1)C2=NC(=NO2)C=3C=NC(C)=NC3N,Z2222065308
CC1=NN=C(SCC(=O)NCCCN2C=CC=N2)N1C3=CC(C)=CC=C3C,Z371162598
CC=1C=CN2N=CC(C(=O)NC3CCCC=4NC(=O)C=CC43)=C2N1,Z1083521108
CC=1C=C(CNC(=O)NC2CCC=3C(Br)=CC=CC32)ON1,Z1084976050
CC(NC(=O)C1=CNN=C1C=2C=CC=CC2)C3=CC=CN3,Z1535432853
CCCC(CC=1C=CC=CC1)NC(=O)N2CCN(CC2)C(=O)C3CCCO3,Z1089155262
CN1CCN(CC1)C=2C=CC(=CC2)NC(=O)C=3C=CC(F)=CC3F,Z52051951
CC(CN1N=CC=2C=CC=CC21)C(=O)N3CCC(CC3)N4C=CC(=N4)C(F)(F)F,Z2044204010
COC=1C=CC2=C(C1)CCCCN2C(=O)C3CC43CCS(=O)(=O)CC4,Z2044152264
CCN1C=C(C=N1)CC(=O)NC2=CC=CN(CC=3C=CC=CC3)C2=O,Z1766207263
CC1=CC(CN2CCN(CC2)C(=O)C3=CC=4C=CC=C(C)C4O3)=NO1,Z952156322
CC1=NN(C)C=2N=C(C)C=C(C(=O)N3CCC=C(C3)C=4C=CC=CC4)C12,Z2044962138
CN1C=C(C(=O)N2CCC(CC2)C(=O)NC=3C=CC=4OCOC4C3)C(=N1)C5=COC=6C=CC=CC56,Z804082582
O=C(O)C=1C=CC(=CN1)C(=O)N2CCN(CC2)C(=O)C3=CC=4C=CC=CC4N3,Z1095756494
O=C(NC=1C=CC=C(C1)C=2C=NNC2)C=3C=CC=NC3O,Z1540623403
O=C(NC=1C=CC=C(C1)C=2C=NNC2)C3CC(=O)N(CC(F)(F)F)C3,Z1540621197
COC(=O)C=1C=CC=C(C1)CNC(=O)C=2C=CC=C(F)C2Br,Z2222957533
O=C(C=1C=CC=2C(=O)NCC(=O)NC2C1)N3CC4CCCCC43C=5C=CC=CC5,Z2222967991
C[C@H](NC(=O)C1CCC(NC1=O)C(F)(F)F)C2=NC=3C=CC=CC3N2,Z370206186
CC1=CC2=C(CC(C)(C)CC2NC(=O)C3=CNC=4C=CC=CC4C3=O)O1,Z768343792
CCOC1=CN(N=C1C(=O)N2CCN(CC2)C3=NC(C)=CS3)C=4C=CC=CC4,Z1102170781
O=C(NC[C@@H]1CCO[C@H]1C=2C=CC=CC2)C=3C=CC=4SCC(=O)NC4C3,Z1756931804
O=C(C=1C=CC(=NC1)N2C=NC=N2)N3CCNC(=O)CC3C=4C=CC=CC4,Z771186798
CC1=C(SC2=NC=CN12)C(=O)NC=3C=CC=NC3N4CCC(CO)CC4,Z1547399548
O=C(CN1C=2C=CC=C3C=CC=C(C23)S1(=O)=O)NC4=CC=C(N=C4)N5N=CC=N5,Z317887838
CC=1C=CC(NC(=O)CN2N=NC(=N2)C=3C=CC=CC3)=C(C1)C4=NC(=NN4)C5CC5,Z773077496
CC1=C(SC2=NC=CN12)C(=O)N3CCC(C3)C=4C=CC=C(F)C4,Z1546868050
COC=1C=CC(=CC1)C(CCO)NC(=O)NCCC2=CNC=3C=CC=CC23,Z1547691792
O=C(C1=CC=2OC=CC2N1)N3CCN(CC3)C4=CC=CS4,Z1495905653
O=C(NC1CCC(=O)NC1=O)C2CC(=O)N(C2)C=3C=CC=4OCOC4C3,Z1474297675
O=C(CSC1=NN=CN1C=2C=CC=C(Cl)C2)NCCOC=3C=CC=CC3,Z74317217
O=C(NCC1=NC=2C=CC=CC2S1)C(O)C=3C=C(Cl)C=C(Cl)C3,Z1548921504
COC1CC(C2=NC(=CN2)C=3C=CC=NC3)N(C1)C(=O)CN(C)C=4N=CN=C5N=CNC45,Z1549620403
CC=1C=CC=2C(=O)N(C(=O)C2C1)C(C)C(=O)NC=3C=CC=CC3,Z82191568
CC(C(=O)NC1=NC=CS1)N2CCCN(CC2)C(=O)C=3C=CC=CC3,Z319187060
CC1(C)C(=O)NC=2C=C(C=CC21)C(=O)NC=3C=CC=CC3CN4CCNC4=O,Z2224068283
CCC=1C=CC=C(C1)NS(=O)(=O)C2=CNC=3N=CC=CC23,Z786103574
COC=1C=CC(=CC1)C=2C=C(NN2)C(=O)NCC3=NC4=C(C)C=CC=C4N3,Z1552566471
O=C(O)C(F)(F)F.CC1=NOC(Cl)=C1CC(=O)N(C)[C@H]2CCO[C@@H]2C=3C=CC=NC3,Z8890179691
CC(OC(=O)C=1C=CC=2C(=O)N(C(=O)NC2C1)C=3C=CC=CC3F)C(=O)NC=4N=CC=CN4,Z794468786
CCC(=O)N(C1=NN=C(SCC=2C=CC(F)=CC2)S1)C3CC3,Z90035944
COC=1C=CC=CC1CC2CCCN2C(=O)CCN3N=NC=4C=CC=CC4C3=O,Z942497856
CCOC=1C=CC(=CC1)N(CC)C(=O)CCC=2C=CC=NC2,Z349253818
CC1(F)CCN(C1)C(=O)C=2C=CC=C(C2)S(=O)(=O)NCC3CCCO3,Z1555615105
O=C(NC1CCN(CC1)C(=O)C=2C=CC=3OCCCOC3C2)C=4C=CSC4,Z812876314
CCC(NC(=O)C(C)C=1C=CC(Br)=CC1)C=2C=CC=C(C2)S(N)(=O)=O,Z1557907366
CCC=1N=CN=C(C1F)N2CCN(CC2)C(=O)C=3C=CC=4NC=NC4C3,Z1558922571
CCC1=NC=NC(NC(C2=NC=CN2C)C=3C=CC(=CC3)OC)=C1F,Z1558623469
O=C(CC=1C=CC=CC1F)N2CCN(CC2)C(=O)C=3C=CC=C4CCCC34,Z875613258
O=C(NC1=CNN=C1C=2C=CC=CN2)C3=NNC=4C=CC=CC34,Z1559985788
C[C@H](NC(=O)N1CCCC(O)(C1)C(N)=O)C=2C=CC=C(C2)OCC=3C=CC=CC3,Z2062551648
CC(C)OC=1C=CC=C(N1)C(=O)NC2=CNN=C2C=3C=CC=CN3,Z1559979457
CN1C=C(N=C1C2CCCN(C2)C(=O)C=3N=C4C=CC=CN4C3F)C(F)(F)F,Z2063291233
CC(C)NC(=O)C=1C=CC(=CC1)C(=O)NC=2C=CN(N2)C=3C=CN=CC3,Z1559597780
O=C(NCCN1CCC=2SC=CC2C1)C3=CC=4C=CC=CC4N3,Z804328060
CC=1C=CC(=CC1)CC(C)C(=O)N2CCO[C@H](C)[C@H]2C(N)=O,Z2065082480
CCS(=O)(=O)N(C)C1CCN(CC1)C(=O)NC2=CC=NC(C)=C2,Z1560503573
CC1=CC=2C=C(C=CC2N1)CNC(=O)C=3C=CC=C(C3)[N+]([O-])=O,Z2065713205
CC=1C=C(C=CC1NC(=O)C=2C=CC3=C(C2)N=CN3C)C(=O)N4CCOCC4,Z1561159135
CC(=O)NC=1C=CC(=CC1)CCNC(=O)C=2C=CC=C(C2)NC(=O)C3=CC=C(Br)O3,Z1118875404
CN1C(=O)C=2C=CC=CC2C=C1C3=NC(COC=4C=CC=CC4)=NO3,Z2068369047
CC=1N=C2SC=CN2C(=O)C1CCN3CCN(C)CC3C,Z2069203355
COC=1C=CC=C(C1)C2(CC2)C(=O)NCCN3C=NC=4C=CC=CC43,Z2068873745
CC1=NN(C)C=2SC(=CC12)C(=O)NC=3C=CC=C(C(=O)N4CCOCC4)C3C,Z811275598
O=C(NCC1CCN(C1)C=2C=CC=C(Br)C2)C3=CNC=4N=CC=CC34,Z817061952
CN1N=NN=C1C=2C=CC=C(C2)NC(=O)CNC3=NS(=O)(=O)C4=CC=CC=C34,Z230169072
COC=1N=CC(=CC1Cl)C(=O)N2CCC2C=3C=CC=C(F)C3,Z2071912465
O=C(NS(=O)(=O)CC=1C=CC=C(F)C1)C=2OC=C3COCCC23,Z2072937977
O=C(C=1C=CC=C(C1)N2CCCC2=O)N3CCCN4N=NN=C34,Z2227182573
O=C(C(O)C=1C=CC=C(C1)C(F)(F)F)N2CCC=3C(=O)NC=NC3C2,Z2073903461
CC=1N=CC=C(N1)N2CCN(CC2)C(=O)C3=CC(=O)C=4C=CC(F)=CC4O3,Z2073960222
NC(=O)CN1CCN(CC1)C(=O)C(OC=2C=CC(Br)=CC2)C=3C=CC=CC3,Z1128498048
CC1=NN(CC=2C=CC=CC2Cl)C(C)=C1C(=O)NC3=CC=CC(=C3)C4=NOC(=O)N4,Z1128903140
CCN(CC)C(C(=O)N1CCOC(CO)C1)C2=CC=CC(=C2)C(F)(F)F,Z1455208835
O=C1CCCN1CC=2C=CC(=CC2)NCC=3C=NN(N3)C=4C=CC=CC4,Z1271715116
CNS(=O)(=O)N1CCC(CC1)C(=O)N2CCC3=CC(Cl)=CC=C32,Z2077574069
CC=1C=C(CNC(=O)C2=CC=CN3C(=O)NN=C23)N(C)N1,Z2077471470
CC=1C=CC(=CC1C)C2=NN(C=C2CN(C)C(=O)C=3C=CC(=CC3)OCC(N)=O)C=4C=CC=CC4,Z145034664
CC(C)(C)OC(=O)N1C2CCC1CC(CC(=O)NC(CO)C=3C=CC(F)=CC3)C2,Z1576646261
NC(=O)COC=1C=CC=C(C1)C(=O)NC=2C=CC=C3C=CC=NC23,Z317606644
CC(C)N(C)S(=O)(=O)C=1C=CC=C(C1)C(=O)NCC2(CCC2)C3=CC=CC=N3,Z2078426194
CN1N=CC=2C(=O)NC(=NC21)NC=3C=CC(OC4CCCC4)=C(F)C3,Z1576886019
CN1CCC(CC1)OC=2C=CC(=CC2)CNC(=O)C=3C=CC=4NC(=O)NC4N3,Z2079234782
CNC(=O)C(NC(=O)CN1CCC(CC=2C=CC=NC2)CC1)C=3C=CC=CC3,Z1578249344
NC(=O)C1=NN(CC(O)CN2C(=O)C=3C=CC=CC3C2=O)C(=O)C=4C=CC=CC14,Z287319728
CC(C)(C)C1=NC(=NO1)C(C)(C)NC(=O)C=2C=CC(=NC2)OC=3C=CC=CC3,Z929488318
CC(=O)NC=1C=CC(=CC1)C=2C=CC(=CC2)S(=O)(=O)NCCNC(=O)C3CC3,Z165183888
CNC(=O)C1CCCN1C(=O)NC=2C=CC=3NC(=NC3C2)C(F)F,Z1580385956
O=C(CC1=COC(=N1)C2=CC=CS2)N3CCC(CCN4CCOCC4)CC3,Z1140124860
O=C(CN1CC=2C=CC=CC2C1=O)N3CCCC3C4=NC5=CC=CC=C5S4,Z1140056275
CC1=NC=NC=C1C(=O)N2CCC(C2)N(C(=O)C=3C=NC=NC3C)C4CC4,Z1581471083
CC=1C=C(C)C=C(C1)C(=O)N2CCCCC2C(=O)N3CCS(=O)(=O)CC3,Z1583659018
O=C(CC1=CN(N=C1C=2C=CC(F)=CC2)C=3C=CC=CC3)NC4=CC=CN=C4,Z850907350
CC1=NC(=CS1)C=2C=CC3=C(C2)CCN3C(=O)C=4C=CC=C(C4)COC=5C=CC=CC5C(N)=O,Z853374852
CC1C=2C=CC=CC2CCN1C(=O)NCCCN3C=CC=N3,Z1143625524
O=C(NC1CCN(C1)C=2C=CC=CC2)C=3C=NN(C3)CC=4C=CC=CC4,Z1144303460
O=C(NCC=1C=CC(=CC1F)C2CC2)C3=CC=4OC=CC4N3,Z2228111317
CCN1CCN(CC1)C2CCN(C2)C(=O)CCC=3C=CN=CC3,Z1144865779
COC=1C=CC=CC1C2=NN(C)C=C2C(=O)NC3=NC=C(S3)C4=CC=CC=N4,Z2086981957
CC[C@H](C)[C@@H]1NC(=O)N(C=2C=NN(C2)C=3C=CC=CC3)C1=O,Z1612345841
CN(C)C1=NNC(=N1)NC(=O)C=2C=C(C3=CC=CS3)N(N2)C=4C=CC=CC4,Z2087882797
COC1=CC=CC(OC)=C1C(=O)NC(C)C2=CSC(C)=N2,Z1152691624
CC1=CC=CN2C(=O)C=C(CNC(C)C=3C=CC(=CC3)OCC=4C=CC=NC4)N=C12,Z1588489102
CC(C)N1N=CC=2C(=CC(=NC21)C3=CC=CS3)C(=O)NC=4C=CC(=CC4)S(C)(=O)=O,Z216493278
CN1C(=O)N(CCC(=O)NCC=2C=CC(=CC2)C(=O)N3CCOCC3)C=4C=CC=CC41,Z241411238
C[C@H](NC(=O)C1CC(=O)N(C1)C=2C=CC=3CCCC3C2)C4=CC=CN=C4,Z1155606323
O=C(NC=1C=CC=CC1NCC(F)(F)F)C=2C=C3N=CC=CN3N2,Z2228875667
CCC=1C=CC(=CC1)CN(C)C(=O)NC2=CC=C3C(C=CN3CC(=O)N4CCOCC4)=C2,Z991973930
CC=1C=CC(=CC1)CC2=NN=C(NC(=O)NC(C)CC(=O)NC3=CC=CC(=C3)N4CCCC4)S2,Z1157013013
CC(=O)N1CCC2=CC=C(C=C21)S(=O)(=O)N3CCN(CC3)C(=O)CO,Z1591867434
CC=1C=C(C=2C=C(OC2N1)C(=O)NC3=CC=C4SCC(=O)NC4=C3)C(F)(F)F,Z363465808
CC(C)CN(CC(N)=O)C(=O)CCCC1=CC=C2C=CC=CC2=C1,Z1592804476
CC=1C=CC(=CC1S(C)(=O)=O)C(=O)NC2=CC=NC3=CC=NN23,Z1158038001
O=C(N1CCOC=2C=C(O)C=CC2C1)C34CCC(=O)N4C5=CC=CC=C5S3,Z2091965603
COC=1C=C(C=C2OCCOC12)C(=O)NC=3C(C)=CC=CC3C(=O)O,Z224184950
O=C(C=1C=C2N=CC=CN2N1)N3CCC(CC3)N4C=CC(=N4)C(F)(F)F,Z2229241349
CC(C(=O)NC(C)(C)C(=O)NC=1C=CC=CC1)C=2C=CC=CC2F,Z1160997345
CS(=O)(=O)CC1CCN(C1)C(=O)C2=CSC(=N2)C=3C=CC(Cl)=CC3,Z2207791776
C#CCN(CC=1C=CC=CC1)C(=O)C(C)NC(=O)C2=CC=CC(Cl)=C2Cl,Z2094657323
CN(CC1CCCN(C1)C(=O)C(C)(O)C2CC2)S(C)(=O)=O,Z2096723751
CC=1C=CC(=CC1C)C(C)NC(=O)NCC2CCCS(=O)(=O)C2,Z2096792375
CC=1C=CC=C(C1)S(=O)(=O)N2CC=C(CC2)C3=CNC=4N=CC=CC34,Z240283904
CC(=O)N1CCN(CC1)C(=O)CN2CCC(CC2)N(C)C=3C=CC=CC3,Z909852460
CC1=NN(C(C)=C1CNCC2(CO)CC2)C=3C=CC(Cl)=CC3,Z1323639262
CC(C)CC1C(=O)NCCN1S(=O)(=O)C=2C(Cl)=CC=C(F)C2F,Z2097260292
O=C(NC1CCOC=2C=CC(F)=CC21)C=3C=CC(=NN3)N4CCCC4,Z1167319410
CC(C)(C)C1=CN2CC(CCC2=N1)NC(=O)NC3CC(C)(C)NC(C)(C)C3,Z1169211100
O=C1NC(=NC=2SC(=CC12)C=3C=CC=CC3)C=4C=CN=CN4,Z1983051060
CCCC1=CSC(=N1)NC(=O)N2CCCC2C=3C=CC=4OCCOC4C3,Z1602419988
CC=1C=CC(=CC1)C(NC(=O)C2=CC(=O)N(C)C=3C=CC=CC23)C(=O)O,Z1603678718
CC=1C=C(NC(=O)CN(C)C2=CC=C(F)C(Cl)=C2)N(N1)C3CCS(=O)(=O)C3,Z1603282238
CC1=NNC(C)=C1C(C)C(=O)N2CCN(CC2)C=3C=CC=CN3,Z1171996766
CSC=1C=CC(=CC1)OCCOC(=O)C=2C=NC=C3C=CC=CC23,Z2100770399
CCC(C)N1CCC(=O)N(CC2=NOC(CCC(=O)OC)=N2)C1=O,Z1172412885
COC=1C=C(C=CN1)CNS(=O)(=O)C=2C=CC(=CC2)C=3C=CC(=CC3)NC(C)=O,Z271532836
COC=1C=CC(F)=CC1C(=O)NC=2C=NC=3CCOCC3C2,Z1608437623
CC1=CC(=NN1C=2C=C(C)C=C(C)C2)NC(=O)C=3C=CC(=O)N(C)C3,Z1608789932
CC1=NOC(C)=C1CC(=O)N(CC=2C=CC=CC2)C3CC(C)(C)OC3(C)C,Z1609110307
CC=1C=C(C=C(O)N1)C(=O)N2CCCC(C2)C3=NC=4CCCCC4S3,Z1610028576
CCN1C=C(C=N1)CNC(=O)N2CC[C@H](C2)OC=3C=CN=CC3,Z2103535253
CC(C)(O)C(C)(C)NC(=O)C1=CN=C(S1)C=2C=CN=CC2,Z1610374325
NS(=O)(=O)N1CCCN(CC1)C(=O)C=2C=CN=C3C=CC=CC23,Z1175073433
CC=1C=CC(=CC1)N2NC(=CC2=O)C(=O)NC(C)(C)C(C)(C)O,Z1610377114
CN(C1CCN(C1=O)C2=CC=CC=C2Cl)S(=O)(=O)C3=CC=CS3,Z1176855086
CCOC=1C=CC=CC1N2CCN(CC2)C(=O)CN3CC(=O)NC3=O,Z1177431973
CCN1C=C(C(=O)NCC=2C=CC=C(C2)CO)C=3C=CC=CC31,Z1177988824
CCCC1=NC(CN2CCN(CC2(C)C)C(=O)N(C)C)=NO1,Z1613309465
COC(=O)C(CC1=CNC=2C=CC=CC12)NC(=O)CN3CCCC(C3)C4=NNC(C)=N4,Z1421887148
CC1=NC(=NN1)C2CCCN(C2)C(=O)C34CC5CC(C3)CC(C5)(C4)C=6C=CC(C)=C(C)C6,Z1422329854
CC(C)C=1C=CC(=CC1)N2C=C(O)C(=N2)C(=O)N3CCC=C(F)C3,Z1613883968
O=C(CN1N=C2C=CC=CN2C1=O)NC=3C=C(F)C=CC3F,Z283699968
CC1=NN=C2CN(CCN12)C(=O)NCC=3C=CC(=CC3)NC(=O)C=4C=CC=NC4,Z1180842065
O=C1COC=2C=CC=C(C2N1)S(=O)(=O)NC3=CN=C4CCCC4=C3,Z1615557116
CC=1C=C(C(=O)NCC=2C=C(C=CN2)OCC(F)F)C3=NNC=C3C1,Z1616998177
CC(NC(=O)CN1C=C(C=C(Cl)C1=O)C(F)(F)F)C=2N=CNN2,Z1334123814
CCOC=1C=CC=CC1C(=O)N2CCN(CC2)C(=O)C3CN(CC)CCO3,Z1313198087
C[C@@H](C(=O)O)N(C)S(=O)(=O)C1=CC=C2C(=C1)N(C)C(=O)N2C,Z2112533866
CC=1C=C(F)C=2N=C(O)C=C(C(=O)NC3CCCN(C=4C=CN(C)N4)C3=O)C2C1,Z1619204556
O=C(NC=1C=C2CCCCN2N1)N3CCN(CC3)C=4N=CN=C5SC=CC45,Z2113612818
CCC=1N=CN=CC1C(=O)NC=2C=CC=3OC(=NC3C2)C(F)(F)F,Z955302932
COC1=CC=CC(NC(=O)C=2C=C(N=C3C=CC(C)=CC23)C4CC4)=C1O,Z1620586708
CNS(=O)(=O)C=1C=CC(=CC1)C(C)NC=2C=NN(C2C)C=3C=CC=CC3,Z1621305482
N#CC1CN(C1)C(=O)CCC(=O)N2CCC(=N2)C=3C=CC=CC3,Z2231195325
O=C(NC1=NC=CS1)N2CCN(CC2)C3CCN(C3=O)C=4C=CC=CC4,Z1189161334
CN1C=C(C(=O)NCC2=NC=C(N2)C=3C=CC=CC3)C(=N1)C=4C=CN=CC4,Z961775516
CC1C2=CC=CN2CCN1C(=O)CN3N=NC=4C=CC=CC43,Z333048848
CC(C)NC(=O)NC=1C=CC=C(C1)C(=O)NC(C2=NN=CN2)C=3C=CC=CC3,Z1624175088
O=C(C=1C=NN(N1)C=2C=CC=CC2)N3CCC=4C=CN=CC43,Z1624166607
CC1=CC=NC2=NC(=NN12)C(=O)N(CC3=CC=CO3)C4CCCC4,Z344537386
CC=1C=C(N=C(N1)C=2C=CC=CN2)N3CC(C3)N4C=CN=N4,Z1626098626
CCOC=1C=CC(=CC1)C2CCCN2C(=O)CC(=O)NCC(F)(F)F,Z1626621863
O=C(C=1NC=2C=CC(F)=CC2C1Cl)N3CC=C(C3)C=4C=CC=CC4,Z1626768896
CC=1C=NN(C1)CCC(=O)N2CCOC(C2)C3=NOC(C)=N3,Z1626807833
CCN1CC[C@H]2OCCN(C(=O)CC3=CNC=4C=CC(=CC34)OC)[C@H]2C1,Z2231560063
CCOC=1C=CC(=CC1OC)C(=O)NC2=CC(=NN2)C=3C=CN=CC3,Z979286080
CC1CCOCCN1C(=O)C=2C=CC(=CC2)C3=NOC(=N3)C(F)F,Z2120921659
COC=1C=CC(=CC1)C2CCN(C2)S(=O)(=O)C=3C=CC(=CC3)NC(C)=O,Z983738924
O=S(=O)(CC=1C=CC(F)=CC1)N2CCCC2C=3C=CC=NC3,Z241736360
O=S(=O)(NC=1C=CC(=CC1)N2C=CC=N2)C=3C=CC(Cl)=CC3,Z367525582
CC(=O)NC1CC=2C=CC=CC2N(CC3=CNN=C3C4=CC=C(C)O4)C1,Z1631662521
CC=1C=CN2N=CC(C(=O)NC=3C=CC=CC3N4C=CC=N4)=C2N1,Z1204035773
O=C(O)C1(CC1)C(=O)NCC2=CC(F)=CC=3COCOC23,Z1634931195
N#CC=1C=CC(=CC1)CNC(=O)CSC2=NN=CN2C=3C=CC=CC3F,Z388847610
CC(C)OC=1C=CC(=CN1)C(=O)NC=2C=CC=C(C2)C3=NN=CN3,Z1203347962
N#CC=1C(F)=CC=CC1N2C=CC(=N2)NC(=O)C3=CC=C(F)C(F)=C3,Z1635609348
O=C1CC2(CCC=3C=CC=CC32)C(=O)N1CCOC=4C=CC=CC4,Z1635239404
CC=1C=C(Cl)C(=CC1C)C(=O)N2CCN(CC2)C(=O)C=3C=CC(=O)NC3,Z1635933196
CC(NC(=O)C=1N=CNN1)C2=CC=C3C(=C2)CC(=O)N3C,Z1479212228
NC=1N=CC=NC1C(=O)NC=2C=CC=CC2N3C=CC=N3,Z1207429579
COC1(CCC1)C(=O)N2CCN(CC2)C(=O)CC=3C=CC=CC3,Z1638667173
CC1=CC(=O)NC=C1C(=O)N2CCNC(=O)C2C3=CC=CC=C3C(F)(F)F,Z1641310748
O=C(C=1C=NC=2OCC(=O)NC2C1)N3CC(CC4COCC(=O)N4)C=5C=CC=CC53,Z2138231234
O=C(N[C@@H](CO)C=1C=CC=CC1)C2(CCC2)N3CCOCC3,Z1644446083
CC=1OC(=CC1C(=O)NC(CO)CN2CCCCC2)S(=O)(=O)N(C)C,Z2143360267
COC=1C=CC(=CC1)C=2NC=3C=CC=CC3C2CCC(=O)NS(=O)(=O)C4=CC=CS4,Z442205420
COC1CCCN(CC1)C(=O)C=2C=CC(=CC2)S(=O)(=O)CC(=O)N(C)C,Z1646880284
O=C(NC1CCCC=2C=NNC21)N3CCCC(C3)C(F)(F)F,Z1445753262
CN1C=NC(=N1)C=2C=CC=C(C2)NC(=O)C=3C=CC=C4OCCOC34,Z1648039195
CN1C=NC(=N1)C=2C=CC=C(C2)NC(=O)C=3C=CC=C(N3)OCC(F)F,Z1648026810
CN(C)C1=NC=C(CNC=2C=C(N=C(N2)C=3C=CC=NC3)C(F)(F)F)N1C,Z1220629526
CN1C=NC=2C(=NC=NC21)NC(CC=3C=CC=CC3)C4=CC=CS4,Z1220635833
CC(C)(C)OC(=O)NC1CCCC2CN(CC12)C(=O)C3(CC=4C=CC=CC4)CC3,Z1653532938
CC=1C=CC=C(C1)C2CCN(C2)C(=O)COC=3C=CC=C(C3)NC(=O)C4CC4,Z1653422267
CCC(=O)NC(C(=O)N1CC=C(CC1)C2=CC=CS2)C=3C=CC=CC3,Z1225338718
CC(=O)NCC1CN(CCO1)C(=O)C2CCCCN2C(=O)C3=CC=CO3,Z1225199514
CC(=O)NC=1C=CC(Cl)=C(C1)C(=O)NCC=2C=CC=3NC(=O)NC3C2,Z1654009350
COCCNC(=O)CN(C)C(=O)C=1C=CC=CC1OC=2C=CC=CC2C(C)C,Z1654850405
CC1=NN=NN1C(CC=2C=CC=CC2)C(=O)NC=3C=CC=C(C3)C4=NN=NN4C,Z1227838498
O=C(NC=1C=NN(C1)CC(F)(F)F)C2COC=3C=CC=CC3C2,Z1227956760
O=C(NC1CC(=O)N(CCN2CCOCC2)C1)C3=CC=CN=C3C4CC4,Z1656206884
O=C1COC=2C(=CC(Cl)=CC2N1)NCCCOC=3C=CC(Cl)=CC3,Z2155042789
CC(C(=O)NC1CCN(CC(F)(F)F)CC1)C=2C=CC=NC2,Z1313703922
CC1=CC(C)=CC(=C1)C2CCN(C2)C(=O)C3=CC=C(O3)C(N)=O,Z1658229093
CC1=NC(=NO1)C2=CC=CC=C2NC(=O)N3CCC(CN(C)C)C3,Z1230312241
CC=1C=CC=2NC(=CC2C1)C(=O)N3CCNC(=O)C3C=4C=CC=CC4F,Z1658274318
COC=1N=CC=CC1C(=O)NC2(CC2)C=3C=CC=CC3F,Z1231491783
O=C(NC=1N=CN(N1)C2CCCCC2)C3=CNC=4C=CC=CC4C3=O,Z1660272128
CC=1C=CC(=NC1)N(C)C(=O)C=2C=CC(=CC2)C(=O)NC3CC3,Z2157540887
CC1=C(N=NN1C=2C=CC(=CC2)OC(F)F)C(=O)N3CCCC3CNC=4C=CC=C(C)N4,Z1231961953
O=C(O)C(F)(F)F.COC=1C=CC(=CC1)CC(=O)NC(C2=CC=C(F)C(F)=C2)C(C)(C)N3CCCC3,Z8990519154
N#CC=1C=CC=CC1OCCN2CCN(CC3CCOCC3)CC2,Z1232804769
CC1(NC(=O)NC1=O)C=2C=CC=C(C2)C3=NOC(=N3)C=4C=CC=C5C=6CCCCC6NC45,Z2157916861
CCN(C)C(C1=NC(=NO1)C=2C=CC(=CN2)NC(C)(C)C)C=3C=CC=CC3,Z2159123103
O=C1N(CC2=NOC(=N2)C3(O)CCC=4C=CC=CC4C3)N=C5C=CC=CN15,Z2159654824
CC(C)(C)OC(=O)NCC=1C=C(C=CN1)C2=NC(=NO2)C3=CN=C4C=NC=CN34,Z2159832663
O=C(NC=1C=CN=C(C1)OC2CCCCC2)C3=CC=CC4=NC=CN=C34,Z1666901323
CNS(=O)(=O)N1CCN(CC1)C(=O)C=2C(F)=CC=C(O)C2F,Z2233212190
O=C(CCC=CC=1C=CC=CC1)NC=2C=CC=CC2N3N=CC=4C(=O)NC=NC43,Z1239168441
CS(=O)(=O)NC=1C=CC=C(C1)CNC(=O)CCN2C(=O)CCC3=CC=CC=C32,Z1239118425
CN1C=C(C=N1)C2CCN(CC2)C(=O)C=3NC=4C=CC=CC4C3Cl,Z1240413054
CN(C(=O)C=1C=CC=2NC(=O)N(C)C2C1)C=3C=CC(=NC3)N4CCOCC4,Z1670626341
O=C(CN1C=NC=2CCCCC21)N3CCOC(CCC=4C=CC=CC4)C3,Z1670983679
COC=1C=CC(=CC1OCC(F)(F)F)NC(=O)N2CCCS(=O)(=O)CC2,Z1243862282
CC=1C=CC=C(C1)NC(=O)N2CCCC(C2)C3=NC=4C=C(C)C=CC4N3,Z1673237864
O=C(C=1C=C(O)C=CC1Cl)N2CCN(CC3=CC=CO3)CC2,Z2169143184
CN(CC=1C=CON1)C(=O)C2CCC(CC2)NC(=O)CC3CCCCC3,Z1247074366
CCC=1C=C(C(=O)NC2CCN(C2)C=3N=CC=CC3F)C(C)=NN1,Z1675817483
OC[C@H](NCC1=CN2C=CC(Br)=CC2=N1)C=3C=CC=CC3,Z2170532067
O=C(NC=1C=CC=2N=C(SC2C1)C3CC3)N4CCN5C=NC=C5C4,Z2170808646
CCN1C(=NC=2C=CC=CC21)C3CCCN3C=4C=C(C)N=C(N4)OC,Z1679837020
COC=1C=CC=2CN(CC3(CC3)C2C1)C(=O)CN4N=CC5=CC=CC=C5C4=O,Z2175308700
CC(O)(CC1=NC(COC=2C=CC=3C=CC=CC3C2)=NO1)C4CC4,Z1683996204
NC(=O)C=1C=CC(=CN1)C2=NOC(=N2)C3(CCC3)C=4C=CC(F)=CC4F,Z1684844674
CC1=NOC(C)=C1C(C)C2=NC(CCCOC3=CC=CC4=CC=CC=C34)=NO2,Z1684654727
CCOC1CC(N(C)C(=O)C=2C=CC(=CC2)C=3N=CON3)C41CCCCC4,Z1260558238
O=S(=O)(NC=1C=CC(=CC1)CC(F)(F)F)C2=CC=C(Cl)S2,Z1260601224
CC=1C=C(Br)C=CC1N(C)S(=O)(=O)C=2C=NN(C2)C(C)C,Z1260586048
NC(=O)C=1C=CC=CC1NCC(=O)N2CCC(CC2)C3=NOC4=CC(F)=CC=C34,Z2178246379
CC=1C=C(C)N=C(C1)C2=NOC(=N2)C(CC(C)C)N3CCCCC3=O,Z1685101992
COC(=O)CC1C(=O)NCCN1C(=O)C=2C=CC=C(C2)C3=NOC(CC(C)(C)C)=N3,Z1260792858
O=C(NCCC=1C=NNC1)C2=CN(C=N2)C=3C=CC(Cl)=C(Cl)C3,Z2178320793
CC=1C=CC=C(C1C)C2CCCN2C(=O)CCC=3C=NN(C)C3,Z1261403138
COC=1C=CC(=CC1S(=O)(=O)NC(C)C)C2=NC(=NO2)C3CCCN(C3)C(C)=O,Z1685362046
CC1=NC=CN1C=2C=NC=C(N2)N3CCC(CC3)NCCO,Z2179609622
CC1CCCCN1C(=O)CN2CCN(CC2)C=3C=CC(=NN3)C(N)=O,Z1262413241
CC(C(=O)NCC(F)(F)F)N1CCC(CC=2C=CC=CC2)C1,Z1263435473
CC(C)(C)C=1C=C(NC(=O)NC2(CC2)C(N)=O)N(N1)C(C)(C)C,Z1688694317
CCN1C(=NN=C1N(C)CCCSC)C=2C=C(C)OC2C,Z2182620286
COC=1C=CC(=CC1F)CCNC(=O)N2CCC[C@H]2CN3CCOCC3,Z2182648177
CN1C=CC(=N1)N2CCCC(NC(=O)CC=3C=CC(=CC3)N4C=NN=N4)C2=O,Z1265584140
CN1CCN(CC1)C=2C=CC(=NC2)NC(=O)CC=3C=CN(N3)C=4C=CC(F)=CC4,Z1265967213
CC=1C=CC(Br)=CC1C(=O)NCCNC=2C=CC(C#N)=CN2,Z1265887783
CC(C)C=1C=CC(=CC1)CC2CCN(CC3=NN=NN3C)C2,Z1690301637
COC=1C=CC=C(C1)C2CN(CCO2)C(=O)CNC(=O)C3=CC=C(C)C(C)=C3,Z1448790749
CC1=C(NC(=O)C2CC(=O)NC=3C=C(F)C=CC32)SC=4CCCCC14,Z1268259847
O=C(NCC=1C=CC(=CC1)CN2C=NC=N2)N3CCCC4(CCOCC4)C3,Z1304776559
O=C(NCCCC1=NC=CS1)N2CCC(CC2)C3=NC(=NO3)C4=CC=CC=N4,Z2186482426
O=S(=O)(NCC1=CN(N=C1C=2C=CC(F)=CC2)C=3C=CC=CC3)C=4C=CC=NC4,Z1271341952
COC=1C=CC=C(CC(=O)NC=2C=CC(=CC2)N3C=NC(C)=C3C)N1,Z2188082124
CC(C)NC=1C=CC(=CN1)C(=O)N2CCC(C2)N3C=CC=N3,Z2187963522
CC=1C=CC=CC1C(=O)N2CCCC(CO)(CC=3C=CC=CC3)C2,Z2187932924
O=C(C1CCN(C1=O)C=2C=CC(F)=CC2)N3CCC(C3)N4C=CC=N4,Z2187972938
COC=1C=CC(=CC1)C2=NNC=C2C(=O)NCCNC(=O)C=3C=CC(F)=CC3,Z1273669133
CC=1C=NC=C(C1)C(=O)N2CCN(CCC=3C=CC=CC3)CC2,Z1273249017
CC=1C=NC=C(C1)C(=O)NC=2C=CC(=NC2)N3CC(C)OC(C)C3,Z1273510224
NS(=O)(=O)CC=1C=CC=C(C1)NC(=O)C2CCCN(C2)C=3N=CN=C4SC=CC34,Z1273831061
CC=1C=C(C(=O)NCC=2C=CC=C(C2)C=3C=CC=NC3)N(C)N1,Z1697206031
CCC1CCCCC1OCC(=O)N(C)CC=2C=NC=CN2,Z1697031365
CNC(=O)C1CCCC1NC(=O)NCC2CCCC=3C=C(C=CC32)OC,Z1696238642
CC(C)C=1OC=CC1C(=O)N(C)C2CCCN(C2=O)C=3C=CC=CC3,Z1972365580
CCOC(C)C1=NOC(CN2CCN(CC2)C(=O)C=3C(C)=NOC3C)=N1,Z1275092349
CC1(C)CN(CCS1(=O)=O)C(=O)NCCCC2=CC=CC(Cl)=C2,Z1400955432
O=C(NC1CC(C1)OCC=2C=CC=CC2)C3=CC=CC4=NC=NN34,Z1697800794
CC=1NC=2C=CC=CC2C1C3CCN(CC3)C(=O)CC4=CNC=5N=CC=CC45,Z1400875493
CC1=CC(C)=NN1C2=CC=C(N=N2)NCC3CCCC3NS(C)(=O)=O,Z1401309602
O=C(C=1C=CC=C2C=NC=CC12)N3CCN(CC3)C4=NC(=CS4)C5=CC=CS5,Z1302753805
CCC(C)(C)NC(=O)NCC1CCN(CC2=NC(C)=C(C)O2)CC1,Z1402408575
CC1=NN(C)C(C)=C1CNC(=O)NC(C)C=2C=CC=3OCCOC3C2,Z1304548311
CC1=CC=C(CNC(=O)N2CCN(CC2)C=3N=CN=C4C=CSC34)S1,Z1282600632
O=C(C=1C=CC=C(C1)S(=O)(=O)N2CCCCCC2)N3CCC(=O)NC=4C=CN=CC43,Z1405142284
N#CC=1C=CC(=CC1)OCCNC(=O)NCC2=CC=3CCCC3NC2=O,Z1306742285
CC(C)C1=NC=CN1CC=2C=CC=C(C2)NC(=O)NC3CC4CCCC(C3)N4C,Z1277297584
COC(C)(C(=O)N1CCN(CC1)C=2N=CC=C(N2)C(C)C)C=3C=CC=CC3,Z1698998471
CC1=C(C=NN1C)C=2C=C(COC=3C=CC=C4OCC(=O)NC34)ON2,Z1698960684
C[C@H](C=1C=CC=CC1)N(CC(N)=O)S(=O)(=O)C=2C=NN(C2)C=3C=CC=CC3,Z1409017594
NC=1N=C(COC(=O)C=2C=NC=C(C2)C=3C=CC=CC3)N=C4C=CC=CC14,Z1409131345
CC1=CC=C(S1)C=2N=C(NC(=O)C3CCCC=4NN=CC43)SC2C,Z1409874824
O=C(NC1CCCN2N=CN=C12)C=3C=CC=C4CCCC34,Z1368556025
CC=1C=CC=CC1C2=NN(C=C2C(=O)NCC3=NC=NN3C=4C=CC=CC4)C=5C=CC=CC5,Z1902419072
CN1N=NN=C1C=2C=CC=C(C2)NC(=O)CN3CCC=4C=CC=CC4C3=O,Z1926284717
COC=1C=C(F)C(=CC1F)NC(=O)C=2C=NC=3ON=C(C)C3C2,Z1411838149
CCN1N=CC=2C=CC(=CC21)NC(=O)CN3CCN(CC3)C=4C=CC=CN4,Z1280478429
CNC(=O)C1CN(C1)C(=O)C=2C=CC(=CC2)N3CCNC3=O,Z1704292785
COC=1C=CC=CC1N2CCC(CC2)NC(=O)C3=CC=NN3CC(F)F,Z1926782644
CC1=CC(=O)NC=C1C(=O)NCC=2C=CC=C(C2)C(N)=O,Z1413869334
CC(C)N1C=C(C=N1)C(=O)NC(C)C2=NC(=CS2)C(C)(C)C,Z1816433379
CC=1C=CC(=CC1C(=O)NC(C)C)NC(=O)C=2C=NC=C(F)C2,Z1414033999
CC1=CN(N=C1C(=O)NS(=O)(=O)C=2C=CC=3NC(=O)CCC3C2)C=4C(F)=CC=CC4F,Z1816500754
COC=1C=CC=C(CNC(=O)CC2(CCCC2)N3CCOCC3)N1,Z1313938903
FC=1C=CC(=CC1F)CC2CCN(CC2)C3=NC=CN4C=NN=C34,Z1708316401
O=C(C1=CNC(=O)C=2C=CC=CC12)N3CCCN(CC3)C4=CC=CC=N4,Z1817311457
NC(=O)C1=CN(CC(=O)N2CCCCCC2C=3N=CON3)C=4C=CC=CC14,Z1817246452
CCC1=NC(=CS1)CC(=O)N2CCC(CC2)C3=NC=C(C)S3,Z1870895860
O=C(CC1=NOC=2C=CC=CC12)NC3CCCN(CC=4C=CC(F)=CC4F)C3=O,Z1818217944
CN1N=C(C=C1OC(F)F)C(=O)N2CCOCC3=CC=CC=C32,Z1940737914
CC=1C=CC=CC1C(=O)NC2CCN(CC2)C(=O)C3(CC3)S(C)(=O)=O,Z1939650065
CC=1N=C(C)C(F)=C(N1)N2CCN(CC2)C=3C=NN(C)C3,Z1316717109
CC=1C=CC(=NC1)NC(=O)C2CCCN(CCN3C(=O)NC4(CCCC4)C3=O)C2,Z1317913016
O=C(CN1C=C(N=N1)C2CC2)N3CCN(CC3)C(C=4C=CC(F)=CC4)C=5C=CC(F)=CC5,Z1419107816
CC=1N=NSC1C(=O)NC2CCCC2C=3C=CC=CC3C(F)(F)F,Z1821415200
CCC1=CC(=CC(=O)N1)C2=NC(=NO2)C=3N=CN=CC3C,Z1715353713
CC=1C=C(N2CCC(CC2)C(O)C3=NC=CN3)N4C5=CC=CC=C5N=C4C1C#N,Z1823608924
FC(F)(F)C=1N=CC=CC1C2=NC(=NO2)C=3C=CC=CN3,Z1822722673
CCC=1C=C(N=CN1)N2CCC(CC2)NC(=O)C3=CC=CC(C)=C3F,Z1420302058
O=C(C1=CNC=2N=CC(Br)=CC12)N3CCCC(C3)N4C=CN=C4,Z1941824255
CN1C=CC=C1C2CCCCN2C(=O)CNC(=O)C3=CC4=CC=CC=C4N3,Z1319689940
COC=1C=CC(=CC1)C2(CC2)NC(=O)C3=CNC4=NC=C(Br)C=C34,Z1941912027
CN1CCN(CC1)C(=O)CC2=CC=CC(=C2)NC(=O)C=3C=C(NN3)C4CC4,Z1319849271
CN(C(=O)CC(C)(C)O)C(C=1C=CC(Cl)=CC1)C=2C=NC=CN2,Z1942191670
NC(=O)C=1C=CC=CC1OC=2C=CC(=CC2)NC(=O)C=3C=CC4=NC(=CN4C3)C(F)(F)F,Z1715894643
CN1C=C(C=N1)CC2CCN(CC(=O)NC=3C=CC=C(C3)C(=O)NC4CC4)C2,Z1320209333
CCOC=1C(Cl)=CC(=CC1OC)C(=O)NC(C)C2=NOC(=N2)C=3C=CC=CC3,Z1421216186
COC=1C=CC=CC1N2CCC(CNC(=O)N3CCCC(CC(N)=O)C3)C2,Z1321529792
O=C(NC=1C=CC(=CC1)N2N=NNC2=O)C=3C=CC(=CC3)NS(=O)(=O)C=4C=CC=CC4,Z1827694724
CN1C(=O)NC(=O)C=2NC(CCC(=O)NC3C=4C=CC=CC4CC3O)=NC21,Z1331299046
O=C(NC1C=2C=CC=CC2CC1O)C=3C=CC4=NC=CN4C3,Z1333275683
[Na+].CC(C)(O)COC=1C=CC(=CC1)NC(=O)C2CC(C2)C([O-])=O,Z3824531795
COCC1=NN2CCCC(NC(=O)C(C)NC(=O)NC=3C=CC=CC3)C2=N1,Z1422889421
CN(CCO)S(=O)(=O)C1=CC=CC=C1CNC(=O)C2CC32CCCC3,Z1325278052
CS(=O)(=O)CC1(CC(=O)N2CCC(=O)NC=3C=CC=CC32)CC1,Z1322848890
CC(C)CC1(CO)CCCN1C(=O)NCC(C)(C)C2=CC=CS2,Z1828324525
CN1C=C(C=N1)CC2CCN(C2)C=3N=CN=C4NC=CC34,Z1324012322
CC1=CC(C(=O)NC=2C=CC(=CC2)OCCO)=C(O1)C(F)(F)F,Z1720085589
CC1CN(CCN1C2=NC=3C=CC=CC3O2)C(=O)C=4C=CC(Cl)=CC4,Z1768319863
CC=1C=CC(C)=C(C1)N(C)S(=O)(=O)C2=CC=C3C(C=NN3C(C)C)=C2,Z1427379946
O=C(C1=CC=2C(F)=CC=CC2N1)N3CCN(CC3)C4CCOCC4,Z1325637726
CC(C)C=1C=CN=C(N1)N2CCN(CC2)C3=NOC(=N3)C=4C=CC=CC4,Z1722804859
CCCN(CC1=NC=2C=CSC2C(=O)N1)C(=O)N[C@H]3[C@@H]4COC[C@H]34,Z1951883296
COC(C)C1=NOC(CN2CCC(COC=3C=CC=CC3)CC2)=N1,Z1327387840
O=C(NC1CCCN(C1)C=2C=CC(Cl)=CC2Cl)C=3C=CC4=NN=C(C(F)F)N4C3,Z1831796794
CC=1C=C(NC2CCN(C2=O)C=3C=CC=CC3C(F)(F)F)N4N=CN=C4N1,Z1724679772
CC(NC(N)=O)C(=O)N1CCCCC1C2=NC=3C=CC=CC3O2,Z1429123297
O=C(NC1CCCN(C1)C(=O)C2CC=3C=CC(F)=CC32)C=4C=CC5=CC=CC=C5C4,Z1952432406
CC1=CN2C(CN(C)C(=O)C3CCCC=4C(O)=CC=CC43)=C(C)N=C2S1,Z1833725337
COC(C)C1=NOC(CN2CCCC=3C=CC(Cl)=C(C)C32)=N1,Z1329301647
CC(=O)N1CCC(CC1)NC(=O)NC2CCN(C2)C=3C=CC=CC3C(F)(F)F,Z1727054624
O=C([C@@H](O)CC=1C=CC=CC1)N2CCCC(C2)N3CCCS3(=O)=O,Z1953424726
O=C(NCC=1C=CC=C(N1)N2CCOCC2)C3=CSC=4CCCCC34,Z1726972964
CN1C=CC(=C1)C(=O)N2CCC(CC2)C(=O)NC=3C=CC(Cl)=CN3,Z1431762971
CC1(C)COCCN1C(=O)CCC(=O)N2CCN(CC2)C=3C=CC=CN3,Z1437930983
CC1OC(=O)NC1C(=O)N(C)CCC=2C=CC=C3C=CC=CC23,Z1836065776
CC(C)C1=C(C=NN1C2=CC=CC=C2Cl)C(=O)N[C@@H]3C=C[C@H](CO)C3,Z1840371530
CCN1C=CN=C(C1=O)N2CCC(CC2)NC(C)C3=NC=CN3C,Z1840160112
O=C(C=1C=NN(C1)C=2C=CC=CC2)N3CCC(C3)OC=4C=CC=CN4,Z1432923092
CC=1C=CC(=CC1)N2C=NN=C2SCC(=O)N(C)CC(C)C3=NN=NN3,Z1728359063
CC=1C=CC(=CC1)CN2CC(CC2=O)C(=O)N3CC(CC(N)=O)C3,Z1954566278
CC=1C=CC=C2C1N(CCN2C(=O)C=3C=C(NN3)C4=CC=CO4)C5CC5,Z1728952652
CCC1(CC)CC(=O)N(CC(=O)N2CCCCCC2)C(=O)C1,Z1729344241
COC=1C=CC(Cl)=C(C1)CN2C(=O)NC3(CCC=4C=CC=CC4C3)C2=O,Z1838182390
C[C@H]1C[C@H](CCN1)C(=O)NC=2C=CC(F)=CC2C3=NC=4C=CC=CC4S3,Z2449537092
COC(=O)CC=1C=CC(=CC1)S(=O)(=O)NC=2C=CC=3NC(=O)N(C)CC3C2,Z1730013095
COC=1C=CC(=CC1Cl)C=2C=CC(=NC2)NCC3=CNN=C3C,Z1957196517
CC=1C=C(N=C(N1)C(C)C)N2CCN(CC2)C(=O)C3=CC=NN3C(C)C,Z1437114334
COC=1C=C2C(=NC=NC2=CC1F)NC(C)C=3C=CC=4NC(=O)NC4C3,Z1730675733
O=C(NCC=1C=CC(=CC1)C2CC2)NCC3CCCC3O,Z1839685847
COC=1C=CC=C(C1)S(=O)(=O)N2CCN(C)CC2C=3C=CC=CC3,Z1957502581
CC=1SC(=NC1C=2C=CC=3CCCC3C2)NC(=O)C=4C=CC(=CC4)C5(C)NC(=O)NC5=O,Z1335268931
CCC=1C=CC(=CC1)C2=NN(C=C2C(=O)N3C4CCC3CC(=O)NC4)C=5C=CC=CC5C,Z1335418442
CC1=C(NC=2C=CC(C)=CC12)C(=O)N3CCC(CC3)OC4=CC=CC(C#N)=C4,Z1439031170
CCCCOC=1C=CC=C(C1)NS(=O)(=O)N2CCOCC2,Z1437909381
CCOC(=O)C=1C=NC2=CC=C(F)C=C2C1N3CCN(C)CC3,Z1439136004
CS(=O)(=O)CC1(CN2CCC(CC2)C3=NN=C4CCCCN34)CC1,Z1732505823
CCCN(C)C=1C=CC(=CC1)C(=O)N2CCS(=O)(=O)C=3C=CC=CC3C2,Z1733283063
CC1(C)CC(NC(=O)CCN2C=NC=3C=CC=CC3C2=O)C=4C=CC(F)=CC4O1,Z1440131255
CCCCOC=1C=CC(=CN1)NC(=O)N2CC(C)C(C2)N3CCOCC3,Z1733705299
CC1=CC(=O)C(=NN1C=2C=CC=CC2)C(=O)N3CCC(C)=C(C)C3,Z1961437272
O=C(NCC=1C=CC(=C(F)C1)N2CCCS2(=O)=O)N3CCOCC4(CC4)C3,Z1735665727
CCC1=NC(=NO1)C2(CCCC2)NC(=O)NC=3C=CN(CC(F)F)N3,Z1352616675
CC(C1=NN=NN1C2CC2)N3CCCC(C3)NC=4C=CC=CC4,Z1844971310
CN1N=C(C=C1C(=O)O)NS(=O)(=O)C=2C=C(F)C=CC2Cl,Z1737941593
CC1=CC(C)=C(C=C1S(=O)(=O)NC=2C=CN(CC(F)F)N2)C(=O)O,Z1340475363
CC(C)(C)N1C=C(N=N1)C(=O)N2CCOC3=CC(Cl)=C(Cl)C=C32,Z1964144437
CCCN(CC(=O)O)S(=O)(=O)C=1C=CC(=CC1)C2=COC(C)=N2,Z1739067660
NC(=O)C1=CC=C(S1)C(=O)N(CC(F)(F)F)C2CCCC2,Z1341565583
COC=1C=C2NC(=O)COC2=CC1S(=O)(=O)NC=3C=CC=4NC(=O)N(C)CC4C3,Z1966558849
CC=1C=CC(=CC1)C2CC(C)N(C2)C(=O)NC=3C=CC(=NC3)S(C)(=O)=O,Z1900185842
CS(=O)(=O)CC1(CN2C=NC3=C(Cl)C=CC=C3C2=O)CC1,Z1899730707
CC(C=1C=CC(=CC1)N2CCCS2(=O)=O)N(C)C(=O)C3CCCO3,Z1739997473
O=C(O)CCN(CC1CCCO1)C(=O)C=2C=NN3C=CC=CC23,Z1444600354
CC=1N=C2C=CC(=CC2=NC1C)C(=O)N(C)CC(=O)N3CCC(CC3)C(=O)O,Z1445209482
CC1=CC(=O)N2N=C(SC2=N1)N3CCC(CC3)OC=4C=NC=CN4,Z1900731411
C=1C=CC(=NC1)C=2N=C(C=3C=CC=CC3N2)N4CCC(CC4)OC=5C=NC=CN5,Z1900732126
CC=1C=CC(=CC1C(=O)O)NC(=O)CCC(=O)N2CCC=3SC=CC3C2,Z1445555068
O=C(NC1=NN=CN1)C=2C=CN(N2)C=3C(F)=CC=CC3F,Z1343793769
CC(C)C1=C(C=NN1C=2C=CC=CC2)NC(=O)N3CCS(=O)(=O)C4(CCCCC4)C3,Z1850078955
CC=1C=NC=CC1OC2CCN(CC2)C(=O)C=3C=NC4=C(C3)N=NN4C,Z1894405005
COC=1C=CC(=CC1S(=O)(=O)N2CCOCC2)C(=O)N(C)C(C)CC=3C=CC=CC3C,Z1893700083
CCN(CC1=NC=2C=CC=CC2C(=O)N1)C(=O)C=3C=CN=CN3,Z1742442763
CC(=O)NCC1CCN2N=CC(C(=O)NC3CCCC=4SC=CC43)=C2C1,Z1850377946
O=C(NC1CCCN(CC2=NN=C3CCCCN23)C1)C=4C=CC5=CC=CC=C5C4,Z1395777784
CN1N=CC=2C(=O)N(C=NC21)CC(=O)NC34CCC(CC3)(CC4)C(F)(F)F,Z1902503648
CN(CC=1C=CN(N1)C=2C=CC=CC2)C(=O)C3=CC=C(C#N)C(Cl)=C3,Z1742829857
C[C@H]1CN(CCN1C(=O)NC=2C=NC(=CC2)C(F)(F)F)C3CCOCC3,Z1902993311
CC(=O)NC=1C=C(C=CC1C)C(=O)NC2CCCC(F)(F)C2,Z1449302048
COCCC(=O)N1CCC(CC1)NC(=O)C2=CC=C(S2)C(C)(C)C,Z1449224630
CC(C)N1N=CC=2C(=O)N(C=NC21)CC(=O)N3CCC=4SC=CC4C3,Z1449573563
CCCNS(=O)(=O)N1CCN(CC1)C=2C=CC(F)=CC2OC,Z2200382271
CCCNS(=O)(=O)NC1CC(C)N(C1=O)C=2C=CC=CC2,Z2200436300
CN1N=NN=C1CN2C=NC3=C(C=NN3C=4C=CC=C(Cl)C4)C2=O,Z1449548675
CC(=O)N1C[C@H](O)C[C@@H]1C(=O)NC=2C=NN(CC(C)C)C2C3CC3,Z2201020726
CC=1C=CC=C(C1)C=2C=NC=C(C2)C(=O)N3CCC4=CC=C(C=C43)S(=O)(=O)N5CCCC5,Z1450302826
COCC1=NOC(CN2CCC=3C(Br)=CC(C)=CC3C2)=N1,Z1745178483
CC=1C=CC=NC1C(F)(F)C(=O)N(CC2CCOC2)C3CC3,Z1905260839
O=C(NC=1C=CC=C(C1)OC2CCCC2)C3=CC(=O)NC=4C(Br)=CC=CC34,Z1347815743
CCNC1=NC(=CS1)C(=O)NC=2C=CC=3OCCCC3C2,Z1452002274
CCCN1CCN(C(=O)CCN2C=CN=C2)C(C)(C)C1=O,Z1745461671
CC1=CC=C(S1)C2=CNC=C2C(=O)NCC3(CCCCC3)N4CCOCC4,Z1745675015
CC1(C)OCC(CNC(=O)C=2C=CC=CC2SCC(=O)NC=3C=CC=4OCOC4C3)O1,Z1453091157
CN1C=C(C=N1)N2CCN(CC2=O)C3CCN(C3=O)C4=CC=CC(Cl)=C4,Z1348613981
CC(NC(=O)NCC=1C=CN=C(C1)OC=2C=CC=CC2F)C(=O)NC(C)(C)C,Z1906274267
CC1(C)CCCC1NC(=O)CN2C(=O)NC3(CCCCC3)C2=O,Z1348924616
CC=1C(=CC=CC1C2=NC=CO2)NS(=O)(=O)C=3C=CC=4NC(=O)CC4C3,Z2204974037
CC(C)NC=1C=CC(=CN1)C(=O)NC=2C=CC=C3C2C=NN3C,Z1771955037
CSCC(CCO)NC(=O)C(=O)NC=1C=CC(C)=C(C1)N2CCNC2=O,Z1906906385
CC(NC1CCCC=2N=CC(=CC21)C(F)(F)F)C3=CC=CC(C#N)=C3,Z1747346979
CC(NC(=O)CC(C)(C)C)C(=O)N[C@@H]1C=2C=CC=CC2C[C@@H]1O,Z1747215462
O=C(O)C1CN(CCO1)C(=O)C=2C=NN(C2)CC(=O)NC3CCCCC3,Z1455210470
CC(C(=O)O)N(C)C(=O)C=1C=CC(=CC1)S(=O)(=O)NCC2CCCO2,Z1455224336
COC=1C=CC(=CN1)C(=O)N2CCC(CN3C=NC=N3)CC2,Z1747767845
FC1=CC=C2N=CN=C(NC3CCN(CC3)C=4C=CC=NN4)C2=C1,Z1864091306
CN(CCCNC(=O)C1CCC1)C(=O)NC=2C=CC=NC2N3C=CC=N3,Z1864635442
CCC1OCCCC1C(=O)NC2=NN=C(S2)C3=CC=C(C)C=C3C,Z1864052963
Cl.Cl.O=C(NC=1C=CC=2NCCC2C1)C3=CC=CN3C4CCNCC4,Z2258013327
CS(=O)(=O)C=1C=CC2=C(C1)CCCN2C(=O)CC3=CC=CO3,Z1456543603
CN1C=NN=C1NC(=O)C2(CCC2)C=3C=CC(Cl)=C(Cl)C3,Z1750891216
NC(=O)C1=CC(=NN1C=2C=CC=CC2)C(=O)NC=3C=CC=C4NCCC34,Z6708590434
O=C(CC1CCCN1)NC=2C=CC=CC2C3=NC=4C=CC=CC4N3,Z2447335304
CN(CC1=NN=C(O1)C2=CC=3CCCCC3S2)C=4C=CN(C)N4,Z1912385905
CCCC1=C(C=NN1C=2C=CC=CC2C)C(=O)N(C)CC3=NN=C4C=CC=CN34,Z1866213231
CC(CC(=O)N(C)C=1C=CC=C(C1)OC(F)(F)F)C2CCNCC2,Z2449447449
COCCC(=O)N1CCC(CC1)NC(=O)C=2N=CC(F)=CC2F,Z1866622014
O=C(NC=1C=CC(=CC1)OC=2C=CC=C(C2)C(F)(F)F)C3CCNC3,Z2438065595
CN(C)C1=NOC(=N1)C2CCCN(C2)C=3N=CN=C4SC=CC34,Z1460274826
CC=1CCN(CC1C)C(=O)NCC(=O)N2CCC3=CC=CC=C32,Z1966719137
CC(C)(C)NC(=O)CN1CCC(CNC(=O)C2CC=CC2)CC1,Z1355096156
CC=1C=C(F)C=2CC(NC2C1)C(=O)NCC3CC43CCSCC4,Z3113228034
CCN1C=C(C(=O)N[C@@H](C)C(F)F)C(=O)C=2C=C(F)C(=CC21)N3CCNCC3,Z3523008685
O=C(NCCCN1CCCC1)C2CCN(CC2)C3=NC=CN4C=NC(C=5C=CC=CC5)=C34,Z4898819321
CC1C(=O)NC=2C=C(C=CC2N1C)C3=NC(=NO3)C4=CC=C(N=C4)N5CCCC5,Z1683978380
C[C@@H]1C[C@H](CN2C=C(N=N2)C=3C=CC=C(C3)NCC=4C=CN=CC4)C[C@H](C)O1,Z2984515048
CN1C=C(C=N1)C2CN(C2)C(=O)CCC(=O)N3CCC=4SC=CC4C3,Z4224731440
O=C(NC1CCS(=O)(=O)C1)N2CC(C2)C=3C=CC=C(C3)C(F)(F)F,Z2301813547
COC=1C=NC(=CN1)C2=NOC(=N2)C3=NC=4CCN(C)CC4S3,Z5045671736
CC1=C(NC=2C=CC(C)=CC12)C(=O)NC=3C=C(NN3)C(C)C,Z6823774077
